Hotel_Name,Aspect,Negative,Neutral,Positive,Total,Positive_Percentage,Negative_Percentage,Sentiment_Score
11 Cadogan Gardens,Cleanliness,0,2,1,3,33.33,0.0,0.333
11 Cadogan Gardens,Facilities,0,6,10,16,62.5,0.0,0.625
11 Cadogan Gardens,Food,2,10,25,37,67.57,5.41,0.622
11 Cadogan Gardens,Location,5,16,44,65,67.69,7.69,0.6
11 Cadogan Gardens,Room,8,25,54,87,62.07,9.2,0.529
11 Cadogan Gardens,Staff_Service,4,20,81,105,77.14,3.81,0.733
11 Cadogan Gardens,Value,1,2,8,11,72.73,9.09,0.636
11 Cadogan Gardens,Wellness,0,0,3,3,100.0,0.0,1.0
1K Hotel,Cleanliness,2,15,12,29,41.38,6.9,0.345
1K Hotel,Facilities,7,18,20,45,44.44,15.56,0.289
1K Hotel,Food,3,12,24,39,61.54,7.69,0.538
1K Hotel,Location,6,19,33,58,56.9,10.34,0.466
1K Hotel,Room,11,31,41,83,49.4,13.25,0.361
1K Hotel,Staff_Service,7,18,34,59,57.63,11.86,0.458
1K Hotel,Value,5,7,12,24,50.0,20.83,0.292
1K Hotel,Wellness,0,2,1,3,33.33,0.0,0.333
25hours Hotel beim MuseumsQuartier,Cleanliness,2,18,39,59,66.1,3.39,0.627
25hours Hotel beim MuseumsQuartier,Facilities,3,28,65,96,67.71,3.12,0.646
25hours Hotel beim MuseumsQuartier,Food,8,51,202,261,77.39,3.07,0.743
25hours Hotel beim MuseumsQuartier,Location,9,61,206,276,74.64,3.26,0.714
25hours Hotel beim MuseumsQuartier,Room,17,64,216,297,72.73,5.72,0.67
25hours Hotel beim MuseumsQuartier,Staff_Service,16,55,230,301,76.41,5.32,0.711
25hours Hotel beim MuseumsQuartier,Value,4,22,40,66,60.61,6.06,0.545
25hours Hotel beim MuseumsQuartier,Wellness,1,7,43,51,84.31,1.96,0.824
41,Cleanliness,0,0,1,1,100.0,0.0,1.0
41,Facilities,0,1,8,9,88.89,0.0,0.889
41,Food,0,3,19,22,86.36,0.0,0.864
41,Location,0,3,20,23,86.96,0.0,0.87
41,Room,0,4,15,19,78.95,0.0,0.789
41,Staff_Service,0,4,75,79,94.94,0.0,0.949
41,Value,0,1,3,4,75.0,0.0,0.75
41,Wellness,0,0,2,2,100.0,0.0,1.0
45 Park Lane Dorchester Collection,Cleanliness,0,0,1,1,100.0,0.0,1.0
45 Park Lane Dorchester Collection,Facilities,0,0,1,1,100.0,0.0,1.0
45 Park Lane Dorchester Collection,Food,0,0,5,5,100.0,0.0,1.0
45 Park Lane Dorchester Collection,Location,0,0,2,2,100.0,0.0,1.0
45 Park Lane Dorchester Collection,Room,0,1,4,5,80.0,0.0,0.8
45 Park Lane Dorchester Collection,Staff_Service,0,0,10,10,100.0,0.0,1.0
45 Park Lane Dorchester Collection,Value,0,1,1,2,50.0,0.0,0.5
88 Studios,Cleanliness,7,51,133,191,69.63,3.66,0.66
88 Studios,Facilities,6,28,60,94,63.83,6.38,0.574
88 Studios,Food,1,6,15,22,68.18,4.55,0.636
88 Studios,Location,9,58,103,170,60.59,5.29,0.553
88 Studios,Room,23,97,180,300,60.0,7.67,0.523
88 Studios,Staff_Service,15,45,92,152,60.53,9.87,0.507
88 Studios,Value,3,15,29,47,61.7,6.38,0.553
88 Studios,Wellness,0,0,1,1,100.0,0.0,1.0
9Hotel Republique,Cleanliness,0,10,40,50,80.0,0.0,0.8
9Hotel Republique,Facilities,2,3,14,19,73.68,10.53,0.632
9Hotel Republique,Food,1,6,31,38,81.58,2.63,0.789
9Hotel Republique,Location,3,21,50,74,67.57,4.05,0.635
9Hotel Republique,Room,7,25,76,108,70.37,6.48,0.639
9Hotel Republique,Staff_Service,3,12,80,95,84.21,3.16,0.811
9Hotel Republique,Value,1,4,9,14,64.29,7.14,0.571
9Hotel Republique,Wellness,2,2,2,6,33.33,33.33,0.0
A La Villa Madame,Cleanliness,0,1,8,9,88.89,0.0,0.889
A La Villa Madame,Food,0,2,13,15,86.67,0.0,0.867
A La Villa Madame,Location,0,4,16,20,80.0,0.0,0.8
A La Villa Madame,Room,0,2,18,20,90.0,0.0,0.9
A La Villa Madame,Staff_Service,0,2,17,19,89.47,0.0,0.895
ABaC Restaurant Hotel Barcelona GL Monumento,Cleanliness,1,0,2,3,66.67,33.33,0.333
ABaC Restaurant Hotel Barcelona GL Monumento,Facilities,0,0,2,2,100.0,0.0,1.0
ABaC Restaurant Hotel Barcelona GL Monumento,Food,2,2,17,21,80.95,9.52,0.714
ABaC Restaurant Hotel Barcelona GL Monumento,Location,0,1,6,7,85.71,0.0,0.857
ABaC Restaurant Hotel Barcelona GL Monumento,Room,1,3,10,14,71.43,7.14,0.643
ABaC Restaurant Hotel Barcelona GL Monumento,Staff_Service,1,1,13,15,86.67,6.67,0.8
ABaC Restaurant Hotel Barcelona GL Monumento,Value,0,0,2,2,100.0,0.0,1.0
ABaC Restaurant Hotel Barcelona GL Monumento,Wellness,0,1,4,5,80.0,0.0,0.8
AC Hotel Barcelona Forum a Marriott Lifestyle Hotel,Cleanliness,5,11,23,39,58.97,12.82,0.462
AC Hotel Barcelona Forum a Marriott Lifestyle Hotel,Facilities,7,28,41,76,53.95,9.21,0.447
AC Hotel Barcelona Forum a Marriott Lifestyle Hotel,Food,7,23,55,85,64.71,8.24,0.565
AC Hotel Barcelona Forum a Marriott Lifestyle Hotel,Location,11,30,63,104,60.58,10.58,0.5
AC Hotel Barcelona Forum a Marriott Lifestyle Hotel,Room,23,36,74,133,55.64,17.29,0.383
AC Hotel Barcelona Forum a Marriott Lifestyle Hotel,Staff_Service,13,34,62,109,56.88,11.93,0.45
AC Hotel Barcelona Forum a Marriott Lifestyle Hotel,Value,6,12,12,30,40.0,20.0,0.2
AC Hotel Barcelona Forum a Marriott Lifestyle Hotel,Wellness,6,25,46,77,59.74,7.79,0.519
AC Hotel Diagonal L Illa a Marriott Lifestyle Hotel,Cleanliness,0,3,10,13,76.92,0.0,0.769
AC Hotel Diagonal L Illa a Marriott Lifestyle Hotel,Facilities,1,3,12,16,75.0,6.25,0.688
AC Hotel Diagonal L Illa a Marriott Lifestyle Hotel,Food,1,6,13,20,65.0,5.0,0.6
AC Hotel Diagonal L Illa a Marriott Lifestyle Hotel,Location,1,4,15,20,75.0,5.0,0.7
AC Hotel Diagonal L Illa a Marriott Lifestyle Hotel,Room,2,7,15,24,62.5,8.33,0.542
AC Hotel Diagonal L Illa a Marriott Lifestyle Hotel,Staff_Service,2,7,17,26,65.38,7.69,0.577
AC Hotel Diagonal L Illa a Marriott Lifestyle Hotel,Value,1,4,5,10,50.0,10.0,0.4
AC Hotel Diagonal L Illa a Marriott Lifestyle Hotel,Wellness,0,1,3,4,75.0,0.0,0.75
AC Hotel Irla a Marriott Lifestyle Hotel,Facilities,1,2,1,4,25.0,25.0,0.0
AC Hotel Irla a Marriott Lifestyle Hotel,Food,0,1,0,1,0.0,0.0,0.0
AC Hotel Irla a Marriott Lifestyle Hotel,Location,0,3,0,3,0.0,0.0,0.0
AC Hotel Irla a Marriott Lifestyle Hotel,Room,0,6,0,6,0.0,0.0,0.0
AC Hotel Irla a Marriott Lifestyle Hotel,Staff_Service,1,3,4,8,50.0,12.5,0.375
AC Hotel Milano a Marriott Lifestyle Hotel,Cleanliness,1,5,12,18,66.67,5.56,0.611
AC Hotel Milano a Marriott Lifestyle Hotel,Facilities,1,4,4,9,44.44,11.11,0.333
AC Hotel Milano a Marriott Lifestyle Hotel,Food,0,8,15,23,65.22,0.0,0.652
AC Hotel Milano a Marriott Lifestyle Hotel,Location,2,11,26,39,66.67,5.13,0.615
AC Hotel Milano a Marriott Lifestyle Hotel,Room,4,11,20,35,57.14,11.43,0.457
AC Hotel Milano a Marriott Lifestyle Hotel,Staff_Service,2,4,23,29,79.31,6.9,0.724
AC Hotel Milano a Marriott Lifestyle Hotel,Value,1,6,4,11,36.36,9.09,0.273
AC Hotel Milano a Marriott Lifestyle Hotel,Wellness,0,2,1,3,33.33,0.0,0.333
AC Hotel Paris Porte Maillot by Marriott,Cleanliness,0,9,13,22,59.09,0.0,0.591
AC Hotel Paris Porte Maillot by Marriott,Facilities,0,4,7,11,63.64,0.0,0.636
AC Hotel Paris Porte Maillot by Marriott,Food,0,11,14,25,56.0,0.0,0.56
AC Hotel Paris Porte Maillot by Marriott,Location,1,10,19,30,63.33,3.33,0.6
AC Hotel Paris Porte Maillot by Marriott,Room,1,13,18,32,56.25,3.12,0.531
AC Hotel Paris Porte Maillot by Marriott,Staff_Service,2,8,25,35,71.43,5.71,0.657
AC Hotel Paris Porte Maillot by Marriott,Value,0,1,6,7,85.71,0.0,0.857
AC Hotel Paris Porte Maillot by Marriott,Wellness,0,0,2,2,100.0,0.0,1.0
AC Hotel Sants a Marriott Lifestyle Hotel,Cleanliness,0,6,9,15,60.0,0.0,0.6
AC Hotel Sants a Marriott Lifestyle Hotel,Facilities,2,5,10,17,58.82,11.76,0.471
AC Hotel Sants a Marriott Lifestyle Hotel,Food,0,9,12,21,57.14,0.0,0.571
AC Hotel Sants a Marriott Lifestyle Hotel,Location,5,20,34,59,57.63,8.47,0.492
AC Hotel Sants a Marriott Lifestyle Hotel,Room,4,15,24,43,55.81,9.3,0.465
AC Hotel Sants a Marriott Lifestyle Hotel,Staff_Service,4,11,17,32,53.12,12.5,0.406
AC Hotel Sants a Marriott Lifestyle Hotel,Value,0,5,4,9,44.44,0.0,0.444
AC Hotel Sants a Marriott Lifestyle Hotel,Wellness,0,1,0,1,0.0,0.0,0.0
AC Hotel Victoria Suites a Marriott Lifestyle Hotel,Cleanliness,1,4,7,12,58.33,8.33,0.5
AC Hotel Victoria Suites a Marriott Lifestyle Hotel,Facilities,0,1,3,4,75.0,0.0,0.75
AC Hotel Victoria Suites a Marriott Lifestyle Hotel,Food,1,4,11,16,68.75,6.25,0.625
AC Hotel Victoria Suites a Marriott Lifestyle Hotel,Location,2,3,10,15,66.67,13.33,0.533
AC Hotel Victoria Suites a Marriott Lifestyle Hotel,Room,1,6,15,22,68.18,4.55,0.636
AC Hotel Victoria Suites a Marriott Lifestyle Hotel,Staff_Service,3,4,18,25,72.0,12.0,0.6
AC Hotel Victoria Suites a Marriott Lifestyle Hotel,Value,1,2,3,6,50.0,16.67,0.333
AC Hotel Victoria Suites a Marriott Lifestyle Hotel,Wellness,0,2,2,4,50.0,0.0,0.5
ADI Doria Grand Hotel,Cleanliness,1,6,14,21,66.67,4.76,0.619
ADI Doria Grand Hotel,Facilities,8,11,22,41,53.66,19.51,0.341
ADI Doria Grand Hotel,Food,8,16,53,77,68.83,10.39,0.584
ADI Doria Grand Hotel,Location,6,13,46,65,70.77,9.23,0.615
ADI Doria Grand Hotel,Room,9,18,49,76,64.47,11.84,0.526
ADI Doria Grand Hotel,Staff_Service,10,10,49,69,71.01,14.49,0.565
ADI Doria Grand Hotel,Value,1,4,4,9,44.44,11.11,0.333
ADI Doria Grand Hotel,Wellness,0,0,2,2,100.0,0.0,1.0
ADI Hotel Poliziano Fiera,Cleanliness,5,10,23,38,60.53,13.16,0.474
ADI Hotel Poliziano Fiera,Facilities,3,6,7,16,43.75,18.75,0.25
ADI Hotel Poliziano Fiera,Food,5,24,43,72,59.72,6.94,0.528
ADI Hotel Poliziano Fiera,Location,5,19,35,59,59.32,8.47,0.508
ADI Hotel Poliziano Fiera,Room,8,18,36,62,58.06,12.9,0.452
ADI Hotel Poliziano Fiera,Staff_Service,2,14,30,46,65.22,4.35,0.609
ADI Hotel Poliziano Fiera,Value,1,5,10,16,62.5,6.25,0.562
ADI Hotel Poliziano Fiera,Wellness,0,0,3,3,100.0,0.0,1.0
ARCOTEL Kaiserwasser Superior,Cleanliness,0,9,16,25,64.0,0.0,0.64
ARCOTEL Kaiserwasser Superior,Facilities,4,9,19,32,59.38,12.5,0.469
ARCOTEL Kaiserwasser Superior,Food,3,12,42,57,73.68,5.26,0.684
ARCOTEL Kaiserwasser Superior,Location,3,16,45,64,70.31,4.69,0.656
ARCOTEL Kaiserwasser Superior,Room,9,19,38,66,57.58,13.64,0.439
ARCOTEL Kaiserwasser Superior,Staff_Service,6,12,29,47,61.7,12.77,0.489
ARCOTEL Kaiserwasser Superior,Value,4,4,13,21,61.9,19.05,0.429
ARCOTEL Kaiserwasser Superior,Wellness,1,3,9,13,69.23,7.69,0.615
ARCOTEL Wimberger,Cleanliness,6,9,21,36,58.33,16.67,0.417
ARCOTEL Wimberger,Facilities,7,13,22,42,52.38,16.67,0.357
ARCOTEL Wimberger,Food,7,19,43,69,62.32,10.14,0.522
ARCOTEL Wimberger,Location,7,27,40,74,54.05,9.46,0.446
ARCOTEL Wimberger,Room,10,30,36,76,47.37,13.16,0.342
ARCOTEL Wimberger,Staff_Service,6,21,34,61,55.74,9.84,0.459
ARCOTEL Wimberger,Value,5,2,11,18,61.11,27.78,0.333
ARCOTEL Wimberger,Wellness,1,1,12,14,85.71,7.14,0.786
AZIMUT Hotel Vienna,Cleanliness,4,13,22,39,56.41,10.26,0.462
AZIMUT Hotel Vienna,Facilities,4,10,21,35,60.0,11.43,0.486
AZIMUT Hotel Vienna,Food,4,11,27,42,64.29,9.52,0.548
AZIMUT Hotel Vienna,Location,12,34,71,117,60.68,10.26,0.504
AZIMUT Hotel Vienna,Room,12,18,31,61,50.82,19.67,0.311
AZIMUT Hotel Vienna,Staff_Service,6,21,30,57,52.63,10.53,0.421
AZIMUT Hotel Vienna,Value,4,4,18,26,69.23,15.38,0.538
AZIMUT Hotel Vienna,Wellness,0,2,0,2,0.0,0.0,0.0
Abba Garden,Cleanliness,2,8,24,34,70.59,5.88,0.647
Abba Garden,Facilities,5,7,15,27,55.56,18.52,0.37
Abba Garden,Food,5,14,28,47,59.57,10.64,0.489
Abba Garden,Location,6,14,28,48,58.33,12.5,0.458
Abba Garden,Room,9,13,37,59,62.71,15.25,0.475
Abba Garden,Staff_Service,10,11,38,59,64.41,16.95,0.475
Abba Garden,Value,3,5,12,20,60.0,15.0,0.45
Abba Garden,Wellness,6,6,18,30,60.0,20.0,0.4
Abba Sants,Cleanliness,2,11,20,33,60.61,6.06,0.545
Abba Sants,Facilities,4,10,6,20,30.0,20.0,0.1
Abba Sants,Food,2,7,15,24,62.5,8.33,0.542
Abba Sants,Location,6,21,50,77,64.94,7.79,0.571
Abba Sants,Room,7,23,35,65,53.85,10.77,0.431
Abba Sants,Staff_Service,3,11,30,44,68.18,6.82,0.614
Abba Sants,Value,1,5,6,12,50.0,8.33,0.417
Abba Sants,Wellness,0,0,1,1,100.0,0.0,1.0
Acad mie H tel Saint Germain,Cleanliness,2,9,38,49,77.55,4.08,0.735
Acad mie H tel Saint Germain,Facilities,0,3,16,19,84.21,0.0,0.842
Acad mie H tel Saint Germain,Food,1,11,38,50,76.0,2.0,0.74
Acad mie H tel Saint Germain,Location,3,29,120,152,78.95,1.97,0.77
Acad mie H tel Saint Germain,Room,4,37,94,135,69.63,2.96,0.667
Acad mie H tel Saint Germain,Staff_Service,4,22,127,153,83.01,2.61,0.804
Acad mie H tel Saint Germain,Value,1,11,25,37,67.57,2.7,0.649
Acad mie H tel Saint Germain,Wellness,1,2,6,9,66.67,11.11,0.556
Acca Palace,Cleanliness,3,9,47,59,79.66,5.08,0.746
Acca Palace,Facilities,3,10,28,41,68.29,7.32,0.61
Acca Palace,Food,5,25,76,106,71.7,4.72,0.67
Acca Palace,Location,6,20,82,108,75.93,5.56,0.704
Acca Palace,Room,6,24,72,102,70.59,5.88,0.647
Acca Palace,Staff_Service,6,18,73,97,75.26,6.19,0.691
Acca Palace,Value,3,4,15,22,68.18,13.64,0.545
Acca Palace,Wellness,0,2,5,7,71.43,0.0,0.714
Ace Hotel London Shoreditch,Cleanliness,2,10,23,35,65.71,5.71,0.6
Ace Hotel London Shoreditch,Facilities,5,9,25,39,64.1,12.82,0.513
Ace Hotel London Shoreditch,Food,7,28,87,122,71.31,5.74,0.656
Ace Hotel London Shoreditch,Location,11,32,134,177,75.71,6.21,0.695
Ace Hotel London Shoreditch,Room,21,55,164,240,68.33,8.75,0.596
Ace Hotel London Shoreditch,Staff_Service,16,42,195,253,77.08,6.32,0.708
Ace Hotel London Shoreditch,Value,6,16,37,59,62.71,10.17,0.525
Ace Hotel London Shoreditch,Wellness,2,4,2,8,25.0,25.0,0.0
Acevi Villarroel,Cleanliness,8,28,40,76,52.63,10.53,0.421
Acevi Villarroel,Facilities,10,23,22,55,40.0,18.18,0.218
Acevi Villarroel,Food,19,38,35,92,38.04,20.65,0.174
Acevi Villarroel,Location,17,52,69,138,50.0,12.32,0.377
Acevi Villarroel,Room,35,67,81,183,44.26,19.13,0.251
Acevi Villarroel,Staff_Service,23,49,85,157,54.14,14.65,0.395
Acevi Villarroel,Value,10,35,14,59,23.73,16.95,0.068
Acevi Villarroel,Wellness,7,35,35,77,45.45,9.09,0.364
Acta Atrium Palace,Cleanliness,4,31,48,83,57.83,4.82,0.53
Acta Atrium Palace,Facilities,4,26,44,74,59.46,5.41,0.541
Acta Atrium Palace,Food,8,39,76,123,61.79,6.5,0.553
Acta Atrium Palace,Location,14,78,170,262,64.89,5.34,0.595
Acta Atrium Palace,Room,16,80,123,219,56.16,7.31,0.489
Acta Atrium Palace,Staff_Service,15,71,179,265,67.55,5.66,0.619
Acta Atrium Palace,Value,2,24,21,47,44.68,4.26,0.404
Acta Atrium Palace,Wellness,4,33,46,83,55.42,4.82,0.506
Acta CITY47,Cleanliness,7,25,50,82,60.98,8.54,0.524
Acta CITY47,Facilities,6,33,43,82,52.44,7.32,0.451
Acta CITY47,Food,16,35,58,109,53.21,14.68,0.385
Acta CITY47,Location,18,68,113,199,56.78,9.05,0.477
Acta CITY47,Room,27,67,97,191,50.79,14.14,0.366
Acta CITY47,Staff_Service,16,49,89,154,57.79,10.39,0.474
Acta CITY47,Value,3,14,21,38,55.26,7.89,0.474
Acta CITY47,Wellness,0,7,1,8,12.5,0.0,0.125
Admiral Hotel,Cleanliness,1,2,2,5,40.0,20.0,0.2
Admiral Hotel,Facilities,0,1,3,4,75.0,0.0,0.75
Admiral Hotel,Food,0,7,4,11,36.36,0.0,0.364
Admiral Hotel,Location,0,5,5,10,50.0,0.0,0.5
Admiral Hotel,Room,2,4,4,10,40.0,20.0,0.2
Admiral Hotel,Staff_Service,0,5,7,12,58.33,0.0,0.583
Admiral Hotel,Value,1,3,0,4,0.0,25.0,-0.25
Adria Boutique Hotel,Cleanliness,1,5,11,17,64.71,5.88,0.588
Adria Boutique Hotel,Facilities,3,7,20,30,66.67,10.0,0.567
Adria Boutique Hotel,Food,4,12,29,45,64.44,8.89,0.556
Adria Boutique Hotel,Location,6,13,50,69,72.46,8.7,0.638
Adria Boutique Hotel,Room,13,34,106,153,69.28,8.5,0.608
Adria Boutique Hotel,Staff_Service,9,22,99,130,76.15,6.92,0.692
Adria Boutique Hotel,Value,3,7,12,22,54.55,13.64,0.409
Adria Boutique Hotel,Wellness,0,0,5,5,100.0,0.0,1.0
Ako Suites Hotel,Cleanliness,1,7,32,40,80.0,2.5,0.775
Ako Suites Hotel,Facilities,0,5,16,21,76.19,0.0,0.762
Ako Suites Hotel,Food,0,0,10,10,100.0,0.0,1.0
Ako Suites Hotel,Location,1,15,61,77,79.22,1.3,0.779
Ako Suites Hotel,Room,1,17,45,63,71.43,1.59,0.698
Ako Suites Hotel,Staff_Service,1,10,54,65,83.08,1.54,0.815
Ako Suites Hotel,Value,2,4,9,15,60.0,13.33,0.467
Ako Suites Hotel,Wellness,1,6,16,23,69.57,4.35,0.652
Albus Hotel Amsterdam City Centre,Cleanliness,5,13,21,39,53.85,12.82,0.41
Albus Hotel Amsterdam City Centre,Facilities,5,13,13,31,41.94,16.13,0.258
Albus Hotel Amsterdam City Centre,Food,1,7,15,23,65.22,4.35,0.609
Albus Hotel Amsterdam City Centre,Location,12,33,64,109,58.72,11.01,0.477
Albus Hotel Amsterdam City Centre,Room,15,32,56,103,54.37,14.56,0.398
Albus Hotel Amsterdam City Centre,Staff_Service,9,30,80,119,67.23,7.56,0.597
Albus Hotel Amsterdam City Centre,Value,4,12,4,20,20.0,20.0,0.0
Albus Hotel Amsterdam City Centre,Wellness,1,0,0,1,0.0,100.0,-1.0
Alexandra Barcelona A DoubleTree by Hilton,Cleanliness,2,5,1,8,12.5,25.0,-0.125
Alexandra Barcelona A DoubleTree by Hilton,Facilities,3,3,4,10,40.0,30.0,0.1
Alexandra Barcelona A DoubleTree by Hilton,Food,3,11,9,23,39.13,13.04,0.261
Alexandra Barcelona A DoubleTree by Hilton,Location,3,14,22,39,56.41,7.69,0.487
Alexandra Barcelona A DoubleTree by Hilton,Room,5,17,14,36,38.89,13.89,0.25
Alexandra Barcelona A DoubleTree by Hilton,Staff_Service,3,10,25,38,65.79,7.89,0.579
Alexandra Barcelona A DoubleTree by Hilton,Value,2,5,1,8,12.5,25.0,-0.125
Alexandra Barcelona A DoubleTree by Hilton,Wellness,2,3,9,14,64.29,14.29,0.5
Alma Barcelona GL,Cleanliness,0,1,12,13,92.31,0.0,0.923
Alma Barcelona GL,Facilities,0,2,14,16,87.5,0.0,0.875
Alma Barcelona GL,Food,2,6,49,57,85.96,3.51,0.825
Alma Barcelona GL,Location,1,15,66,82,80.49,1.22,0.793
Alma Barcelona GL,Room,0,17,58,75,77.33,0.0,0.773
Alma Barcelona GL,Staff_Service,1,14,94,109,86.24,0.92,0.853
Alma Barcelona GL,Value,0,3,16,19,84.21,0.0,0.842
Alma Barcelona GL,Wellness,0,2,12,14,85.71,0.0,0.857
Alma Boutique Hotel,Cleanliness,0,4,15,19,78.95,0.0,0.789
Alma Boutique Hotel,Facilities,0,7,20,27,74.07,0.0,0.741
Alma Boutique Hotel,Food,0,14,65,79,82.28,0.0,0.823
Alma Boutique Hotel,Location,0,16,91,107,85.05,0.0,0.85
Alma Boutique Hotel,Room,2,17,53,72,73.61,2.78,0.708
Alma Boutique Hotel,Staff_Service,0,13,67,80,83.75,0.0,0.838
Alma Boutique Hotel,Value,0,2,13,15,86.67,0.0,0.867
Alma Boutique Hotel,Wellness,0,0,3,3,100.0,0.0,1.0
Aloft London Excel,Cleanliness,9,54,151,214,70.56,4.21,0.664
Aloft London Excel,Facilities,8,68,151,227,66.52,3.52,0.63
Aloft London Excel,Food,20,90,204,314,64.97,6.37,0.586
Aloft London Excel,Location,12,99,250,361,69.25,3.32,0.659
Aloft London Excel,Room,51,150,370,571,64.8,8.93,0.559
Aloft London Excel,Staff_Service,44,95,302,441,68.48,9.98,0.585
Aloft London Excel,Value,13,57,111,181,61.33,7.18,0.541
Aloft London Excel,Wellness,10,45,126,181,69.61,5.52,0.641
Am Spiegeln,Cleanliness,0,1,8,9,88.89,0.0,0.889
Am Spiegeln,Facilities,0,1,7,8,87.5,0.0,0.875
Am Spiegeln,Food,0,3,8,11,72.73,0.0,0.727
Am Spiegeln,Location,0,0,8,8,100.0,0.0,1.0
Am Spiegeln,Room,0,2,5,7,71.43,0.0,0.714
Am Spiegeln,Staff_Service,0,1,9,10,90.0,0.0,0.9
Am Spiegeln,Value,0,0,6,6,100.0,0.0,1.0
Am Spiegeln,Wellness,0,0,2,2,100.0,0.0,1.0
Amadi Panorama Hotel,Cleanliness,2,32,70,104,67.31,1.92,0.654
Amadi Panorama Hotel,Facilities,4,22,69,95,72.63,4.21,0.684
Amadi Panorama Hotel,Food,6,33,92,131,70.23,4.58,0.656
Amadi Panorama Hotel,Location,7,42,124,173,71.68,4.05,0.676
Amadi Panorama Hotel,Room,20,76,158,254,62.2,7.87,0.543
Amadi Panorama Hotel,Staff_Service,11,53,193,257,75.1,4.28,0.708
Amadi Panorama Hotel,Value,5,23,32,60,53.33,8.33,0.45
Amadi Panorama Hotel,Wellness,0,1,2,3,66.67,0.0,0.667
Amadi Park Hotel,Cleanliness,9,28,54,91,59.34,9.89,0.495
Amadi Park Hotel,Facilities,8,14,24,46,52.17,17.39,0.348
Amadi Park Hotel,Food,9,22,57,88,64.77,10.23,0.545
Amadi Park Hotel,Location,13,47,107,167,64.07,7.78,0.563
Amadi Park Hotel,Room,25,70,148,243,60.91,10.29,0.506
Amadi Park Hotel,Staff_Service,15,40,164,219,74.89,6.85,0.68
Amadi Park Hotel,Value,9,14,28,51,54.9,17.65,0.373
Amadi Park Hotel,Wellness,0,1,0,1,0.0,0.0,0.0
Amarante Beau Manoir,Cleanliness,9,4,12,25,48.0,36.0,0.12
Amarante Beau Manoir,Facilities,12,20,17,49,34.69,24.49,0.102
Amarante Beau Manoir,Food,3,8,17,28,60.71,10.71,0.5
Amarante Beau Manoir,Location,22,39,34,95,35.79,23.16,0.126
Amarante Beau Manoir,Room,26,33,27,86,31.4,30.23,0.012
Amarante Beau Manoir,Staff_Service,17,23,31,71,43.66,23.94,0.197
Amarante Beau Manoir,Value,4,8,5,17,29.41,23.53,0.059
Amarante Beau Manoir,Wellness,0,0,1,1,100.0,0.0,1.0
Amarante Champs Elys es,Cleanliness,4,2,7,13,53.85,30.77,0.231
Amarante Champs Elys es,Facilities,4,12,15,31,48.39,12.9,0.355
Amarante Champs Elys es,Food,2,2,8,12,66.67,16.67,0.5
Amarante Champs Elys es,Location,6,26,33,65,50.77,9.23,0.415
Amarante Champs Elys es,Room,9,17,12,38,31.58,23.68,0.079
Amarante Champs Elys es,Staff_Service,10,16,27,53,50.94,18.87,0.321
Amarante Champs Elys es,Value,3,4,6,13,46.15,23.08,0.231
Amarante Champs Elys es,Wellness,0,0,1,1,100.0,0.0,1.0
Amba Hotel Charing Cross,Cleanliness,2,11,91,104,87.5,1.92,0.856
Amba Hotel Charing Cross,Facilities,5,12,69,86,80.23,5.81,0.744
Amba Hotel Charing Cross,Food,10,20,165,195,84.62,5.13,0.795
Amba Hotel Charing Cross,Location,7,51,345,403,85.61,1.74,0.839
Amba Hotel Charing Cross,Room,16,53,325,394,82.49,4.06,0.784
Amba Hotel Charing Cross,Staff_Service,9,42,477,528,90.34,1.7,0.886
Amba Hotel Charing Cross,Value,6,10,58,74,78.38,8.11,0.703
Amba Hotel Charing Cross,Wellness,0,1,3,4,75.0,0.0,0.75
Amba Hotel Marble Arch,Cleanliness,13,56,152,221,68.78,5.88,0.629
Amba Hotel Marble Arch,Facilities,20,54,85,159,53.46,12.58,0.409
Amba Hotel Marble Arch,Food,22,69,184,275,66.91,8.0,0.589
Amba Hotel Marble Arch,Location,55,194,355,604,58.77,9.11,0.497
Amba Hotel Marble Arch,Room,72,172,351,595,58.99,12.1,0.469
Amba Hotel Marble Arch,Staff_Service,63,124,370,557,66.43,11.31,0.551
Amba Hotel Marble Arch,Value,16,37,54,107,50.47,14.95,0.355
Amba Hotel Marble Arch,Wellness,1,3,8,12,66.67,8.33,0.583
Ambassade Hotel,Cleanliness,2,3,34,39,87.18,5.13,0.821
Ambassade Hotel,Facilities,0,9,28,37,75.68,0.0,0.757
Ambassade Hotel,Food,0,9,140,149,93.96,0.0,0.94
Ambassade Hotel,Location,4,30,237,271,87.45,1.48,0.86
Ambassade Hotel,Room,6,33,214,253,84.58,2.37,0.822
Ambassade Hotel,Staff_Service,3,21,318,342,92.98,0.88,0.921
Ambassade Hotel,Value,1,9,34,44,77.27,2.27,0.75
Ambassade Hotel,Wellness,0,2,9,11,81.82,0.0,0.818
Ambassadors Bloomsbury,Cleanliness,12,57,105,174,60.34,6.9,0.534
Ambassadors Bloomsbury,Facilities,6,33,52,91,57.14,6.59,0.505
Ambassadors Bloomsbury,Food,19,54,90,163,55.21,11.66,0.436
Ambassadors Bloomsbury,Location,26,167,201,394,51.02,6.6,0.444
Ambassadors Bloomsbury,Room,64,244,238,546,43.59,11.72,0.319
Ambassadors Bloomsbury,Staff_Service,26,99,168,293,57.34,8.87,0.485
Ambassadors Bloomsbury,Value,17,49,56,122,45.9,13.93,0.32
Ambassadors Bloomsbury,Wellness,1,0,2,3,66.67,33.33,0.333
Amp re,Cleanliness,0,7,24,31,77.42,0.0,0.774
Amp re,Facilities,2,6,24,32,75.0,6.25,0.688
Amp re,Food,1,6,34,41,82.93,2.44,0.805
Amp re,Location,1,10,63,74,85.14,1.35,0.838
Amp re,Room,3,18,62,83,74.7,3.61,0.711
Amp re,Staff_Service,0,7,65,72,90.28,0.0,0.903
Amp re,Value,0,3,17,20,85.0,0.0,0.85
Amp re,Wellness,1,0,0,1,0.0,100.0,-1.0
Amsterdam Canal Residence,Cleanliness,0,1,8,9,88.89,0.0,0.889
Amsterdam Canal Residence,Facilities,2,2,6,10,60.0,20.0,0.4
Amsterdam Canal Residence,Food,1,4,33,38,86.84,2.63,0.842
Amsterdam Canal Residence,Location,1,4,19,24,79.17,4.17,0.75
Amsterdam Canal Residence,Room,5,6,31,42,73.81,11.9,0.619
Amsterdam Canal Residence,Staff_Service,2,3,39,44,88.64,4.55,0.841
Amsterdam Canal Residence,Value,0,1,3,4,75.0,0.0,0.75
Amsterdam Canal Residence,Wellness,0,0,1,1,100.0,0.0,1.0
Amsterdam Marriott Hotel,Cleanliness,8,16,26,50,52.0,16.0,0.36
Amsterdam Marriott Hotel,Facilities,10,24,41,75,54.67,13.33,0.413
Amsterdam Marriott Hotel,Food,22,32,74,128,57.81,17.19,0.406
Amsterdam Marriott Hotel,Location,19,57,118,194,60.82,9.79,0.51
Amsterdam Marriott Hotel,Room,26,62,80,168,47.62,15.48,0.321
Amsterdam Marriott Hotel,Staff_Service,18,48,122,188,64.89,9.57,0.553
Amsterdam Marriott Hotel,Value,8,29,31,68,45.59,11.76,0.338
Amsterdam Marriott Hotel,Wellness,1,4,7,12,58.33,8.33,0.5
Andaz Amsterdam Prinsengracht A Hyatt Hotel,Cleanliness,0,2,7,9,77.78,0.0,0.778
Andaz Amsterdam Prinsengracht A Hyatt Hotel,Facilities,0,2,9,11,81.82,0.0,0.818
Andaz Amsterdam Prinsengracht A Hyatt Hotel,Food,1,6,49,56,87.5,1.79,0.857
Andaz Amsterdam Prinsengracht A Hyatt Hotel,Location,1,9,74,84,88.1,1.19,0.869
Andaz Amsterdam Prinsengracht A Hyatt Hotel,Room,2,13,63,78,80.77,2.56,0.782
Andaz Amsterdam Prinsengracht A Hyatt Hotel,Staff_Service,5,9,109,123,88.62,4.07,0.846
Andaz Amsterdam Prinsengracht A Hyatt Hotel,Value,3,4,22,29,75.86,10.34,0.655
Andaz Amsterdam Prinsengracht A Hyatt Hotel,Wellness,1,1,10,12,83.33,8.33,0.75
Andaz London Liverpool Street,Cleanliness,3,11,32,46,69.57,6.52,0.63
Andaz London Liverpool Street,Facilities,2,15,34,51,66.67,3.92,0.627
Andaz London Liverpool Street,Food,11,28,100,139,71.94,7.91,0.64
Andaz London Liverpool Street,Location,5,51,146,202,72.28,2.48,0.698
Andaz London Liverpool Street,Room,15,65,186,266,69.92,5.64,0.643
Andaz London Liverpool Street,Staff_Service,10,48,245,303,80.86,3.3,0.776
Andaz London Liverpool Street,Value,6,29,34,69,49.28,8.7,0.406
Andaz London Liverpool Street,Wellness,1,3,12,16,75.0,6.25,0.688
Andreola Central Hotel,Cleanliness,3,10,24,37,64.86,8.11,0.568
Andreola Central Hotel,Facilities,6,8,15,29,51.72,20.69,0.31
Andreola Central Hotel,Food,9,22,71,102,69.61,8.82,0.608
Andreola Central Hotel,Location,12,31,82,125,65.6,9.6,0.56
Andreola Central Hotel,Room,12,29,58,99,58.59,12.12,0.465
Andreola Central Hotel,Staff_Service,11,24,57,92,61.96,11.96,0.5
Andreola Central Hotel,Value,1,6,12,19,63.16,5.26,0.579
Antares Hotel Accademia,Cleanliness,0,1,3,4,75.0,0.0,0.75
Antares Hotel Accademia,Facilities,0,0,3,3,100.0,0.0,1.0
Antares Hotel Accademia,Food,2,5,8,15,53.33,13.33,0.4
Antares Hotel Accademia,Location,1,4,5,10,50.0,10.0,0.4
Antares Hotel Accademia,Room,2,5,7,14,50.0,14.29,0.357
Antares Hotel Accademia,Staff_Service,1,4,12,17,70.59,5.88,0.647
Antares Hotel Accademia,Wellness,1,0,0,1,0.0,100.0,-1.0
Antares Hotel Rubens,Cleanliness,0,5,17,22,77.27,0.0,0.773
Antares Hotel Rubens,Facilities,0,8,26,34,76.47,0.0,0.765
Antares Hotel Rubens,Food,3,15,43,61,70.49,4.92,0.656
Antares Hotel Rubens,Location,1,14,29,44,65.91,2.27,0.636
Antares Hotel Rubens,Room,2,18,35,55,63.64,3.64,0.6
Antares Hotel Rubens,Staff_Service,1,10,45,56,80.36,1.79,0.786
Antares Hotel Rubens,Value,0,8,7,15,46.67,0.0,0.467
Antica Locanda Dei Mercanti,Cleanliness,0,1,4,5,80.0,0.0,0.8
Antica Locanda Dei Mercanti,Facilities,0,2,9,11,81.82,0.0,0.818
Antica Locanda Dei Mercanti,Food,0,0,38,38,100.0,0.0,1.0
Antica Locanda Dei Mercanti,Location,0,3,44,47,93.62,0.0,0.936
Antica Locanda Dei Mercanti,Room,0,2,44,46,95.65,0.0,0.957
Antica Locanda Dei Mercanti,Staff_Service,1,0,38,39,97.44,2.56,0.949
Antica Locanda Dei Mercanti,Value,0,0,6,6,100.0,0.0,1.0
Antica Locanda Dei Mercanti,Wellness,0,0,2,2,100.0,0.0,1.0
Aparthotel Adagio Vienna City,Cleanliness,14,27,30,71,42.25,19.72,0.225
Aparthotel Adagio Vienna City,Facilities,3,15,29,47,61.7,6.38,0.553
Aparthotel Adagio Vienna City,Food,6,17,21,44,47.73,13.64,0.341
Aparthotel Adagio Vienna City,Location,22,49,109,180,60.56,12.22,0.483
Aparthotel Adagio Vienna City,Room,23,55,91,169,53.85,13.61,0.402
Aparthotel Adagio Vienna City,Staff_Service,20,33,92,145,63.45,13.79,0.497
Aparthotel Adagio Vienna City,Value,9,12,16,37,43.24,24.32,0.189
Aparthotel Adagio Vienna City,Wellness,0,2,10,12,83.33,0.0,0.833
Aparthotel Arai 4 Superior,Cleanliness,2,1,18,21,85.71,9.52,0.762
Aparthotel Arai 4 Superior,Facilities,1,1,17,19,89.47,5.26,0.842
Aparthotel Arai 4 Superior,Food,1,0,13,14,92.86,7.14,0.857
Aparthotel Arai 4 Superior,Location,1,8,123,132,93.18,0.76,0.924
Aparthotel Arai 4 Superior,Room,2,6,80,88,90.91,2.27,0.886
Aparthotel Arai 4 Superior,Staff_Service,3,6,127,136,93.38,2.21,0.912
Aparthotel Arai 4 Superior,Value,1,1,8,10,80.0,10.0,0.7
Aparthotel Arai 4 Superior,Wellness,0,1,25,26,96.15,0.0,0.962
Aparthotel Atenea Barcelona,Cleanliness,3,13,22,38,57.89,7.89,0.5
Aparthotel Atenea Barcelona,Facilities,3,10,16,29,55.17,10.34,0.448
Aparthotel Atenea Barcelona,Food,3,13,30,46,65.22,6.52,0.587
Aparthotel Atenea Barcelona,Location,8,35,55,98,56.12,8.16,0.48
Aparthotel Atenea Barcelona,Room,7,36,31,74,41.89,9.46,0.324
Aparthotel Atenea Barcelona,Staff_Service,5,25,47,77,61.04,6.49,0.545
Aparthotel Atenea Barcelona,Value,1,4,13,18,72.22,5.56,0.667
Aparthotel Atenea Barcelona,Wellness,0,0,2,2,100.0,0.0,1.0
Aparthotel Mariano Cubi Barcelona,Cleanliness,1,4,10,15,66.67,6.67,0.6
Aparthotel Mariano Cubi Barcelona,Facilities,4,5,7,16,43.75,25.0,0.188
Aparthotel Mariano Cubi Barcelona,Food,5,6,20,31,64.52,16.13,0.484
Aparthotel Mariano Cubi Barcelona,Location,0,7,18,25,72.0,0.0,0.72
Aparthotel Mariano Cubi Barcelona,Room,5,14,27,46,58.7,10.87,0.478
Aparthotel Mariano Cubi Barcelona,Staff_Service,4,13,29,46,63.04,8.7,0.543
Aparthotel Mariano Cubi Barcelona,Value,3,1,12,16,75.0,18.75,0.562
Aparthotel Mariano Cubi Barcelona,Wellness,0,0,1,1,100.0,0.0,1.0
Apex City Of London Hotel,Cleanliness,4,26,162,192,84.38,2.08,0.823
Apex City Of London Hotel,Facilities,2,22,69,93,74.19,2.15,0.72
Apex City Of London Hotel,Food,10,50,193,253,76.28,3.95,0.723
Apex City Of London Hotel,Location,9,92,338,439,76.99,2.05,0.749
Apex City Of London Hotel,Room,15,102,479,596,80.37,2.52,0.779
Apex City Of London Hotel,Staff_Service,12,63,468,543,86.19,2.21,0.84
Apex City Of London Hotel,Value,6,41,110,157,70.06,3.82,0.662
Apex City Of London Hotel,Wellness,1,3,15,19,78.95,5.26,0.737
Apex London Wall Hotel,Cleanliness,1,8,62,71,87.32,1.41,0.859
Apex London Wall Hotel,Facilities,2,6,24,32,75.0,6.25,0.688
Apex London Wall Hotel,Food,1,12,103,116,88.79,0.86,0.879
Apex London Wall Hotel,Location,3,16,121,140,86.43,2.14,0.843
Apex London Wall Hotel,Room,6,31,209,246,84.96,2.44,0.825
Apex London Wall Hotel,Staff_Service,6,15,224,245,91.43,2.45,0.89
Apex London Wall Hotel,Value,2,6,34,42,80.95,4.76,0.762
Apex London Wall Hotel,Wellness,0,1,10,11,90.91,0.0,0.909
Apex Temple Court Hotel,Cleanliness,1,24,166,191,86.91,0.52,0.864
Apex Temple Court Hotel,Facilities,2,14,92,108,85.19,1.85,0.833
Apex Temple Court Hotel,Food,5,34,211,250,84.4,2.0,0.824
Apex Temple Court Hotel,Location,4,49,391,444,88.06,0.9,0.872
Apex Temple Court Hotel,Room,13,67,473,553,85.53,2.35,0.832
Apex Temple Court Hotel,Staff_Service,9,50,457,516,88.57,1.74,0.868
Apex Temple Court Hotel,Value,5,32,103,140,73.57,3.57,0.7
Apex Temple Court Hotel,Wellness,1,2,12,15,80.0,6.67,0.733
Apollo Hotel Amsterdam,Cleanliness,10,30,82,122,67.21,8.2,0.59
Apollo Hotel Amsterdam,Facilities,11,31,57,99,57.58,11.11,0.465
Apollo Hotel Amsterdam,Food,22,85,178,285,62.46,7.72,0.547
Apollo Hotel Amsterdam,Location,21,81,180,282,63.83,7.45,0.564
Apollo Hotel Amsterdam,Room,41,130,229,400,57.25,10.25,0.47
Apollo Hotel Amsterdam,Staff_Service,29,84,279,392,71.17,7.4,0.638
Apollo Hotel Amsterdam,Value,18,57,85,160,53.12,11.25,0.419
Apollo Hotel Amsterdam,Wellness,2,3,8,13,61.54,15.38,0.462
Apollofirst Boutique Hotel,Cleanliness,1,10,47,58,81.03,1.72,0.793
Apollofirst Boutique Hotel,Facilities,4,12,40,56,71.43,7.14,0.643
Apollofirst Boutique Hotel,Food,3,22,93,118,78.81,2.54,0.763
Apollofirst Boutique Hotel,Location,6,29,115,150,76.67,4.0,0.727
Apollofirst Boutique Hotel,Room,13,39,115,167,68.86,7.78,0.611
Apollofirst Boutique Hotel,Staff_Service,7,27,165,199,82.91,3.52,0.794
Apollofirst Boutique Hotel,Value,2,7,28,37,75.68,5.41,0.703
Appartement Hotel an der Riemergasse,Cleanliness,1,3,42,46,91.3,2.17,0.891
Appartement Hotel an der Riemergasse,Facilities,2,8,51,61,83.61,3.28,0.803
Appartement Hotel an der Riemergasse,Food,1,2,14,17,82.35,5.88,0.765
Appartement Hotel an der Riemergasse,Location,2,19,115,136,84.56,1.47,0.831
Appartement Hotel an der Riemergasse,Room,4,11,60,75,80.0,5.33,0.747
Appartement Hotel an der Riemergasse,Staff_Service,2,7,80,89,89.89,2.25,0.876
Appartement Hotel an der Riemergasse,Value,1,2,16,19,84.21,5.26,0.789
Appartement Hotel an der Riemergasse,Wellness,0,0,2,2,100.0,0.0,1.0
Arbor City,Cleanliness,2,41,181,224,80.8,0.89,0.799
Arbor City,Facilities,7,31,69,107,64.49,6.54,0.579
Arbor City,Food,12,34,123,169,72.78,7.1,0.657
Arbor City,Location,8,57,270,335,80.6,2.39,0.782
Arbor City,Room,25,87,328,440,74.55,5.68,0.689
Arbor City,Staff_Service,17,55,300,372,80.65,4.57,0.761
Arbor City,Value,8,36,93,137,67.88,5.84,0.62
Arbor City,Wellness,0,1,7,8,87.5,0.0,0.875
Arbor Hyde Park,Cleanliness,9,32,116,157,73.89,5.73,0.682
Arbor Hyde Park,Facilities,7,23,45,75,60.0,9.33,0.507
Arbor Hyde Park,Food,18,81,312,411,75.91,4.38,0.715
Arbor Hyde Park,Location,22,85,293,400,73.25,5.5,0.678
Arbor Hyde Park,Room,43,123,320,486,65.84,8.85,0.57
Arbor Hyde Park,Staff_Service,35,75,335,445,75.28,7.87,0.674
Arbor Hyde Park,Value,13,22,55,90,61.11,14.44,0.467
Arbor Hyde Park,Wellness,0,0,3,3,100.0,0.0,1.0
Arenas Atiram Hotels,Cleanliness,2,3,5,10,50.0,20.0,0.3
Arenas Atiram Hotels,Facilities,6,5,9,20,45.0,30.0,0.15
Arenas Atiram Hotels,Food,3,4,6,13,46.15,23.08,0.231
Arenas Atiram Hotels,Location,4,8,19,31,61.29,12.9,0.484
Arenas Atiram Hotels,Room,9,11,17,37,45.95,24.32,0.216
Arenas Atiram Hotels,Staff_Service,3,10,16,29,55.17,10.34,0.448
Arenas Atiram Hotels,Value,4,1,1,6,16.67,66.67,-0.5
Arenas Atiram Hotels,Wellness,0,1,0,1,0.0,0.0,0.0
Arion Cityhotel Vienna und Appartements,Cleanliness,14,38,92,144,63.89,9.72,0.542
Arion Cityhotel Vienna und Appartements,Facilities,17,66,107,190,56.32,8.95,0.474
Arion Cityhotel Vienna und Appartements,Food,11,30,45,86,52.33,12.79,0.395
Arion Cityhotel Vienna und Appartements,Location,10,39,87,136,63.97,7.35,0.566
Arion Cityhotel Vienna und Appartements,Room,31,57,103,191,53.93,16.23,0.377
Arion Cityhotel Vienna und Appartements,Staff_Service,27,37,82,146,56.16,18.49,0.377
Arion Cityhotel Vienna und Appartements,Value,14,25,49,88,55.68,15.91,0.398
Arion Cityhotel Vienna und Appartements,Wellness,0,1,1,2,50.0,0.0,0.5
Arioso,Cleanliness,1,2,6,9,66.67,11.11,0.556
Arioso,Facilities,0,4,2,6,33.33,0.0,0.333
Arioso,Food,0,6,10,16,62.5,0.0,0.625
Arioso,Location,0,8,11,19,57.89,0.0,0.579
Arioso,Room,3,7,6,16,37.5,18.75,0.188
Arioso,Staff_Service,1,4,15,20,75.0,5.0,0.7
Arioso,Value,1,2,4,7,57.14,14.29,0.429
Armani Hotel Milano,Cleanliness,2,0,9,11,81.82,18.18,0.636
Armani Hotel Milano,Facilities,1,3,13,17,76.47,5.88,0.706
Armani Hotel Milano,Food,2,8,18,28,64.29,7.14,0.571
Armani Hotel Milano,Location,4,10,33,47,70.21,8.51,0.617
Armani Hotel Milano,Room,5,11,27,43,62.79,11.63,0.512
Armani Hotel Milano,Staff_Service,5,9,56,70,80.0,7.14,0.729
Armani Hotel Milano,Value,1,3,10,14,71.43,7.14,0.643
Armani Hotel Milano,Wellness,3,2,11,16,68.75,18.75,0.5
Art Hotel Navigli,Cleanliness,2,7,49,58,84.48,3.45,0.81
Art Hotel Navigli,Facilities,5,12,44,61,72.13,8.2,0.639
Art Hotel Navigli,Food,7,33,142,182,78.02,3.85,0.742
Art Hotel Navigli,Location,7,33,171,211,81.04,3.32,0.777
Art Hotel Navigli,Room,11,31,99,141,70.21,7.8,0.624
Art Hotel Navigli,Staff_Service,10,20,141,171,82.46,5.85,0.766
Art Hotel Navigli,Value,3,5,23,31,74.19,9.68,0.645
Art Hotel Navigli,Wellness,3,2,17,22,77.27,13.64,0.636
Arthotel ANA Boutique Six,Cleanliness,17,32,39,88,44.32,19.32,0.25
Arthotel ANA Boutique Six,Facilities,8,24,55,87,63.22,9.2,0.54
Arthotel ANA Boutique Six,Food,17,61,112,190,58.95,8.95,0.5
Arthotel ANA Boutique Six,Location,19,71,122,212,57.55,8.96,0.486
Arthotel ANA Boutique Six,Room,29,76,82,187,43.85,15.51,0.283
Arthotel ANA Boutique Six,Staff_Service,19,43,94,156,60.26,12.18,0.481
Arthotel ANA Boutique Six,Value,8,17,26,51,50.98,15.69,0.353
Arthotel ANA Prime,Cleanliness,6,16,67,89,75.28,6.74,0.685
Arthotel ANA Prime,Facilities,4,20,40,64,62.5,6.25,0.562
Arthotel ANA Prime,Food,13,33,107,153,69.93,8.5,0.614
Arthotel ANA Prime,Location,8,38,89,135,65.93,5.93,0.6
Arthotel ANA Prime,Room,13,37,106,156,67.95,8.33,0.596
Arthotel ANA Prime,Staff_Service,6,23,106,135,78.52,4.44,0.741
Arthotel ANA Prime,Value,2,10,21,33,63.64,6.06,0.576
Arthotel ANA Prime,Wellness,0,1,2,3,66.67,0.0,0.667
Arthotel ANA Westbahn,Cleanliness,0,1,11,12,91.67,0.0,0.917
Arthotel ANA Westbahn,Facilities,2,6,6,14,42.86,14.29,0.286
Arthotel ANA Westbahn,Food,1,3,14,18,77.78,5.56,0.722
Arthotel ANA Westbahn,Location,2,7,15,24,62.5,8.33,0.542
Arthotel ANA Westbahn,Room,3,10,26,39,66.67,7.69,0.59
Arthotel ANA Westbahn,Staff_Service,3,4,23,30,76.67,10.0,0.667
Arthotel ANA Westbahn,Value,0,4,5,9,55.56,0.0,0.556
Arthotel ANA Westbahn,Wellness,0,0,1,1,100.0,0.0,1.0
Artus Hotel by MH,Cleanliness,0,1,3,4,75.0,0.0,0.75
Artus Hotel by MH,Facilities,1,0,1,2,50.0,50.0,0.0
Artus Hotel by MH,Food,1,2,6,9,66.67,11.11,0.556
Artus Hotel by MH,Location,0,6,27,33,81.82,0.0,0.818
Artus Hotel by MH,Room,3,5,20,28,71.43,10.71,0.607
Artus Hotel by MH,Staff_Service,3,7,27,37,72.97,8.11,0.649
Artus Hotel by MH,Value,1,1,3,5,60.0,20.0,0.4
Artus Hotel by MH,Wellness,1,0,0,1,0.0,100.0,-1.0
Ashburn Hotel,Cleanliness,0,18,29,47,61.7,0.0,0.617
Ashburn Hotel,Facilities,1,7,19,27,70.37,3.7,0.667
Ashburn Hotel,Food,4,36,71,111,63.96,3.6,0.604
Ashburn Hotel,Location,4,33,88,125,70.4,3.2,0.672
Ashburn Hotel,Room,6,41,97,144,67.36,4.17,0.632
Ashburn Hotel,Staff_Service,4,25,100,129,77.52,3.1,0.744
Ashburn Hotel,Value,1,11,18,30,60.0,3.33,0.567
Atahotel Contessa Jolanda,Cleanliness,9,13,8,30,26.67,30.0,-0.033
Atahotel Contessa Jolanda,Facilities,6,9,11,26,42.31,23.08,0.192
Atahotel Contessa Jolanda,Food,8,16,20,44,45.45,18.18,0.273
Atahotel Contessa Jolanda,Location,7,13,19,39,48.72,17.95,0.308
Atahotel Contessa Jolanda,Room,14,27,26,67,38.81,20.9,0.179
Atahotel Contessa Jolanda,Staff_Service,6,8,21,35,60.0,17.14,0.429
Atahotel Contessa Jolanda,Value,3,2,7,12,58.33,25.0,0.333
Atahotel Contessa Jolanda,Wellness,0,3,2,5,40.0,0.0,0.4
Atahotel Linea Uno,Cleanliness,3,6,14,23,60.87,13.04,0.478
Atahotel Linea Uno,Facilities,3,11,10,24,41.67,12.5,0.292
Atahotel Linea Uno,Food,5,16,28,49,57.14,10.2,0.469
Atahotel Linea Uno,Location,7,15,38,60,63.33,11.67,0.517
Atahotel Linea Uno,Room,9,21,35,65,53.85,13.85,0.4
Atahotel Linea Uno,Staff_Service,8,6,20,34,58.82,23.53,0.353
Atahotel Linea Uno,Value,2,5,8,15,53.33,13.33,0.4
Atala Champs Elys es,Cleanliness,0,2,2,4,50.0,0.0,0.5
Atala Champs Elys es,Facilities,0,4,1,5,20.0,0.0,0.2
Atala Champs Elys es,Food,0,1,1,2,50.0,0.0,0.5
Atala Champs Elys es,Location,1,11,7,19,36.84,5.26,0.316
Atala Champs Elys es,Room,1,6,6,13,46.15,7.69,0.385
Atala Champs Elys es,Staff_Service,1,9,5,15,33.33,6.67,0.267
Atala Champs Elys es,Value,0,1,0,1,0.0,0.0,0.0
Atala Champs Elys es,Wellness,0,1,3,4,75.0,0.0,0.75
Atlantis Hotel Vienna,Cleanliness,11,25,49,85,57.65,12.94,0.447
Atlantis Hotel Vienna,Facilities,12,27,41,80,51.25,15.0,0.362
Atlantis Hotel Vienna,Food,7,34,69,110,62.73,6.36,0.564
Atlantis Hotel Vienna,Location,12,45,90,147,61.22,8.16,0.531
Atlantis Hotel Vienna,Room,23,59,71,153,46.41,15.03,0.314
Atlantis Hotel Vienna,Staff_Service,17,42,81,140,57.86,12.14,0.457
Atlantis Hotel Vienna,Value,5,19,18,42,42.86,11.9,0.31
Attica 21 Barcelona Mar,Cleanliness,3,16,28,47,59.57,6.38,0.532
Attica 21 Barcelona Mar,Facilities,3,8,10,21,47.62,14.29,0.333
Attica 21 Barcelona Mar,Food,4,13,38,55,69.09,7.27,0.618
Attica 21 Barcelona Mar,Location,4,28,55,87,63.22,4.6,0.586
Attica 21 Barcelona Mar,Room,6,26,39,71,54.93,8.45,0.465
Attica 21 Barcelona Mar,Staff_Service,5,24,53,82,64.63,6.1,0.585
Attica 21 Barcelona Mar,Value,1,6,10,17,58.82,5.88,0.529
Attica 21 Barcelona Mar,Wellness,1,10,27,38,71.05,2.63,0.684
Au Manoir Saint Germain,Cleanliness,2,5,11,18,61.11,11.11,0.5
Au Manoir Saint Germain,Facilities,2,4,9,15,60.0,13.33,0.467
Au Manoir Saint Germain,Food,2,7,23,32,71.88,6.25,0.656
Au Manoir Saint Germain,Location,5,23,92,120,76.67,4.17,0.725
Au Manoir Saint Germain,Room,9,15,58,82,70.73,10.98,0.598
Au Manoir Saint Germain,Staff_Service,4,13,60,77,77.92,5.19,0.727
Au Manoir Saint Germain,Value,3,5,11,19,57.89,15.79,0.421
Au Manoir Saint Germain,Wellness,0,0,1,1,100.0,0.0,1.0
Austria Trend Hotel Ananas Wien,Cleanliness,7,49,85,141,60.28,4.96,0.553
Austria Trend Hotel Ananas Wien,Facilities,24,34,59,117,50.43,20.51,0.299
Austria Trend Hotel Ananas Wien,Food,18,67,109,194,56.19,9.28,0.469
Austria Trend Hotel Ananas Wien,Location,24,103,197,324,60.8,7.41,0.534
Austria Trend Hotel Ananas Wien,Room,46,99,143,288,49.65,15.97,0.337
Austria Trend Hotel Ananas Wien,Staff_Service,25,54,125,204,61.27,12.25,0.49
Austria Trend Hotel Ananas Wien,Value,9,26,43,78,55.13,11.54,0.436
Austria Trend Hotel Ananas Wien,Wellness,0,0,2,2,100.0,0.0,1.0
Austria Trend Hotel Anatol Wien,Cleanliness,2,9,40,51,78.43,3.92,0.745
Austria Trend Hotel Anatol Wien,Facilities,0,8,17,25,68.0,0.0,0.68
Austria Trend Hotel Anatol Wien,Food,2,12,41,55,74.55,3.64,0.709
Austria Trend Hotel Anatol Wien,Location,1,15,64,80,80.0,1.25,0.788
Austria Trend Hotel Anatol Wien,Room,5,15,52,72,72.22,6.94,0.653
Austria Trend Hotel Anatol Wien,Staff_Service,5,12,47,64,73.44,7.81,0.656
Austria Trend Hotel Anatol Wien,Value,0,7,8,15,53.33,0.0,0.533
Austria Trend Hotel Astoria Wien,Cleanliness,3,10,33,46,71.74,6.52,0.652
Austria Trend Hotel Astoria Wien,Facilities,14,34,53,101,52.48,13.86,0.386
Austria Trend Hotel Astoria Wien,Food,7,26,72,105,68.57,6.67,0.619
Austria Trend Hotel Astoria Wien,Location,24,77,171,272,62.87,8.82,0.54
Austria Trend Hotel Astoria Wien,Room,24,57,113,194,58.25,12.37,0.459
Austria Trend Hotel Astoria Wien,Staff_Service,15,38,126,179,70.39,8.38,0.62
Austria Trend Hotel Astoria Wien,Value,5,15,16,36,44.44,13.89,0.306
Austria Trend Hotel Astoria Wien,Wellness,1,0,2,3,66.67,33.33,0.333
Austria Trend Hotel Bosei Wien,Cleanliness,7,42,71,120,59.17,5.83,0.533
Austria Trend Hotel Bosei Wien,Facilities,4,48,94,146,64.38,2.74,0.616
Austria Trend Hotel Bosei Wien,Food,12,46,92,150,61.33,8.0,0.533
Austria Trend Hotel Bosei Wien,Location,11,48,64,123,52.03,8.94,0.431
Austria Trend Hotel Bosei Wien,Room,24,57,89,170,52.35,14.12,0.382
Austria Trend Hotel Bosei Wien,Staff_Service,16,29,55,100,55.0,16.0,0.39
Austria Trend Hotel Bosei Wien,Value,4,25,39,68,57.35,5.88,0.515
Austria Trend Hotel Bosei Wien,Wellness,0,0,1,1,100.0,0.0,1.0
Austria Trend Hotel Doppio Wien,Cleanliness,4,29,93,126,73.81,3.17,0.706
Austria Trend Hotel Doppio Wien,Facilities,4,32,93,129,72.09,3.1,0.69
Austria Trend Hotel Doppio Wien,Food,8,43,95,146,65.07,5.48,0.596
Austria Trend Hotel Doppio Wien,Location,2,27,78,107,72.9,1.87,0.71
Austria Trend Hotel Doppio Wien,Room,6,44,96,146,65.75,4.11,0.616
Austria Trend Hotel Doppio Wien,Staff_Service,7,28,57,92,61.96,7.61,0.543
Austria Trend Hotel Doppio Wien,Value,0,13,39,52,75.0,0.0,0.75
Austria Trend Hotel Doppio Wien,Wellness,0,0,4,4,100.0,0.0,1.0
Austria Trend Hotel Europa Wien,Cleanliness,4,19,53,76,69.74,5.26,0.645
Austria Trend Hotel Europa Wien,Facilities,5,22,54,81,66.67,6.17,0.605
Austria Trend Hotel Europa Wien,Food,7,42,120,169,71.01,4.14,0.669
Austria Trend Hotel Europa Wien,Location,18,102,253,373,67.83,4.83,0.63
Austria Trend Hotel Europa Wien,Room,25,76,142,243,58.44,10.29,0.481
Austria Trend Hotel Europa Wien,Staff_Service,15,39,143,197,72.59,7.61,0.65
Austria Trend Hotel Europa Wien,Value,1,18,41,60,68.33,1.67,0.667
Austria Trend Hotel Europa Wien,Wellness,0,1,2,3,66.67,0.0,0.667
Austria Trend Hotel Lassalle Wien,Cleanliness,3,8,20,31,64.52,9.68,0.548
Austria Trend Hotel Lassalle Wien,Facilities,6,9,18,33,54.55,18.18,0.364
Austria Trend Hotel Lassalle Wien,Food,6,10,40,56,71.43,10.71,0.607
Austria Trend Hotel Lassalle Wien,Location,8,16,39,63,61.9,12.7,0.492
Austria Trend Hotel Lassalle Wien,Room,9,18,46,73,63.01,12.33,0.507
Austria Trend Hotel Lassalle Wien,Staff_Service,9,16,36,61,59.02,14.75,0.443
Austria Trend Hotel Lassalle Wien,Value,5,6,15,26,57.69,19.23,0.385
Austria Trend Hotel Lassalle Wien,Wellness,1,0,1,2,50.0,50.0,0.0
Austria Trend Hotel Park Royal Palace Vienna,Cleanliness,7,28,80,115,69.57,6.09,0.635
Austria Trend Hotel Park Royal Palace Vienna,Facilities,8,32,77,117,65.81,6.84,0.59
Austria Trend Hotel Park Royal Palace Vienna,Food,12,35,137,184,74.46,6.52,0.679
Austria Trend Hotel Park Royal Palace Vienna,Location,10,37,100,147,68.03,6.8,0.612
Austria Trend Hotel Park Royal Palace Vienna,Room,17,56,144,217,66.36,7.83,0.585
Austria Trend Hotel Park Royal Palace Vienna,Staff_Service,17,37,114,168,67.86,10.12,0.577
Austria Trend Hotel Park Royal Palace Vienna,Value,12,19,62,93,66.67,12.9,0.538
Austria Trend Hotel Park Royal Palace Vienna,Wellness,1,5,14,20,70.0,5.0,0.65
Austria Trend Hotel Rathauspark Wien,Cleanliness,2,15,44,61,72.13,3.28,0.689
Austria Trend Hotel Rathauspark Wien,Facilities,9,24,42,75,56.0,12.0,0.44
Austria Trend Hotel Rathauspark Wien,Food,6,29,76,111,68.47,5.41,0.631
Austria Trend Hotel Rathauspark Wien,Location,13,54,119,186,63.98,6.99,0.57
Austria Trend Hotel Rathauspark Wien,Room,16,49,102,167,61.08,9.58,0.515
Austria Trend Hotel Rathauspark Wien,Staff_Service,14,32,113,159,71.07,8.81,0.623
Austria Trend Hotel Rathauspark Wien,Value,9,16,23,48,47.92,18.75,0.292
Austria Trend Hotel Rathauspark Wien,Wellness,0,1,2,3,66.67,0.0,0.667
Austria Trend Hotel Savoyen Vienna,Cleanliness,9,28,136,173,78.61,5.2,0.734
Austria Trend Hotel Savoyen Vienna,Facilities,5,39,94,138,68.12,3.62,0.645
Austria Trend Hotel Savoyen Vienna,Food,9,32,220,261,84.29,3.45,0.808
Austria Trend Hotel Savoyen Vienna,Location,6,60,219,285,76.84,2.11,0.747
Austria Trend Hotel Savoyen Vienna,Room,17,77,283,377,75.07,4.51,0.706
Austria Trend Hotel Savoyen Vienna,Staff_Service,19,47,243,309,78.64,6.15,0.725
Austria Trend Hotel Savoyen Vienna,Value,4,29,90,123,73.17,3.25,0.699
Austria Trend Hotel Savoyen Vienna,Wellness,3,8,30,41,73.17,7.32,0.659
Austria Trend Hotel Schloss Wilhelminenberg Wien,Cleanliness,4,12,10,26,38.46,15.38,0.231
Austria Trend Hotel Schloss Wilhelminenberg Wien,Facilities,8,15,28,51,54.9,15.69,0.392
Austria Trend Hotel Schloss Wilhelminenberg Wien,Food,9,27,46,82,56.1,10.98,0.451
Austria Trend Hotel Schloss Wilhelminenberg Wien,Location,5,25,36,66,54.55,7.58,0.47
Austria Trend Hotel Schloss Wilhelminenberg Wien,Room,14,36,49,99,49.49,14.14,0.354
Austria Trend Hotel Schloss Wilhelminenberg Wien,Staff_Service,6,11,36,53,67.92,11.32,0.566
Austria Trend Hotel Schloss Wilhelminenberg Wien,Value,5,9,13,27,48.15,18.52,0.296
Austria Trend Hotel Schloss Wilhelminenberg Wien,Wellness,0,0,2,2,100.0,0.0,1.0
Austria Trend Parkhotel Sch nbrunn Wien,Cleanliness,8,22,45,75,60.0,10.67,0.493
Austria Trend Parkhotel Sch nbrunn Wien,Facilities,5,16,67,88,76.14,5.68,0.705
Austria Trend Parkhotel Sch nbrunn Wien,Food,9,39,105,153,68.63,5.88,0.627
Austria Trend Parkhotel Sch nbrunn Wien,Location,12,55,121,188,64.36,6.38,0.58
Austria Trend Parkhotel Sch nbrunn Wien,Room,26,61,141,228,61.84,11.4,0.504
Austria Trend Parkhotel Sch nbrunn Wien,Staff_Service,13,37,95,145,65.52,8.97,0.566
Austria Trend Parkhotel Sch nbrunn Wien,Value,6,21,54,81,66.67,7.41,0.593
Austria Trend Parkhotel Sch nbrunn Wien,Wellness,0,0,6,6,100.0,0.0,1.0
Auteuil Tour Eiffel,Cleanliness,9,16,16,41,39.02,21.95,0.171
Auteuil Tour Eiffel,Facilities,6,21,21,48,43.75,12.5,0.312
Auteuil Tour Eiffel,Food,8,12,22,42,52.38,19.05,0.333
Auteuil Tour Eiffel,Location,7,35,45,87,51.72,8.05,0.437
Auteuil Tour Eiffel,Room,32,27,34,93,36.56,34.41,0.022
Auteuil Tour Eiffel,Staff_Service,17,18,46,81,56.79,20.99,0.358
Auteuil Tour Eiffel,Value,5,6,12,23,52.17,21.74,0.304
Avenida Palace,Cleanliness,15,27,56,98,57.14,15.31,0.418
Avenida Palace,Facilities,9,51,56,116,48.28,7.76,0.405
Avenida Palace,Food,7,40,133,180,73.89,3.89,0.7
Avenida Palace,Location,38,149,334,521,64.11,7.29,0.568
Avenida Palace,Room,42,125,249,416,59.86,10.1,0.498
Avenida Palace,Staff_Service,26,80,257,363,70.8,7.16,0.636
Avenida Palace,Value,4,21,45,70,64.29,5.71,0.586
Avenida Palace,Wellness,3,36,106,145,73.1,2.07,0.71
Avo Hotel,Cleanliness,5,16,30,51,58.82,9.8,0.49
Avo Hotel,Facilities,2,7,13,22,59.09,9.09,0.5
Avo Hotel,Food,5,13,20,38,52.63,13.16,0.395
Avo Hotel,Location,5,16,27,48,56.25,10.42,0.458
Avo Hotel,Room,12,34,67,113,59.29,10.62,0.487
Avo Hotel,Staff_Service,3,22,56,81,69.14,3.7,0.654
Avo Hotel,Value,2,8,8,18,44.44,11.11,0.333
Axel Hotel Barcelona Urban Spa Adults Only,Cleanliness,5,17,56,78,71.79,6.41,0.654
Axel Hotel Barcelona Urban Spa Adults Only,Facilities,8,23,42,73,57.53,10.96,0.466
Axel Hotel Barcelona Urban Spa Adults Only,Food,22,31,79,132,59.85,16.67,0.432
Axel Hotel Barcelona Urban Spa Adults Only,Location,22,76,149,247,60.32,8.91,0.514
Axel Hotel Barcelona Urban Spa Adults Only,Room,43,78,137,258,53.1,16.67,0.364
Axel Hotel Barcelona Urban Spa Adults Only,Staff_Service,36,68,211,315,66.98,11.43,0.556
Axel Hotel Barcelona Urban Spa Adults Only,Value,16,24,35,75,46.67,21.33,0.253
Axel Hotel Barcelona Urban Spa Adults Only,Wellness,21,40,93,154,60.39,13.64,0.468
Ayre Hotel Caspe,Cleanliness,5,41,121,167,72.46,2.99,0.695
Ayre Hotel Caspe,Facilities,8,43,87,138,63.04,5.8,0.572
Ayre Hotel Caspe,Food,9,39,134,182,73.63,4.95,0.687
Ayre Hotel Caspe,Location,12,74,187,273,68.5,4.4,0.641
Ayre Hotel Caspe,Room,18,83,169,270,62.59,6.67,0.559
Ayre Hotel Caspe,Staff_Service,13,63,241,317,76.03,4.1,0.719
Ayre Hotel Caspe,Value,4,29,53,86,61.63,4.65,0.57
Ayre Hotel Caspe,Wellness,0,2,14,16,87.5,0.0,0.875
Ayre Hotel Gran V a,Cleanliness,7,37,137,181,75.69,3.87,0.718
Ayre Hotel Gran V a,Facilities,5,41,94,140,67.14,3.57,0.636
Ayre Hotel Gran V a,Food,6,67,218,291,74.91,2.06,0.729
Ayre Hotel Gran V a,Location,9,83,340,432,78.7,2.08,0.766
Ayre Hotel Gran V a,Room,16,100,273,389,70.18,4.11,0.661
Ayre Hotel Gran V a,Staff_Service,10,61,288,359,80.22,2.79,0.774
Ayre Hotel Gran V a,Value,4,20,66,90,73.33,4.44,0.689
Ayre Hotel Gran V a,Wellness,2,6,17,25,68.0,8.0,0.6
Ayre Hotel Rosell n,Cleanliness,4,14,67,85,78.82,4.71,0.741
Ayre Hotel Rosell n,Facilities,4,12,45,61,73.77,6.56,0.672
Ayre Hotel Rosell n,Food,6,27,120,153,78.43,3.92,0.745
Ayre Hotel Rosell n,Location,12,51,191,254,75.2,4.72,0.705
Ayre Hotel Rosell n,Room,16,62,157,235,66.81,6.81,0.6
Ayre Hotel Rosell n,Staff_Service,5,45,249,299,83.28,1.67,0.816
Ayre Hotel Rosell n,Value,3,14,33,50,66.0,6.0,0.6
Ayre Hotel Rosell n,Wellness,1,2,12,15,80.0,6.67,0.733
B Montmartre,Cleanliness,0,1,9,10,90.0,0.0,0.9
B Montmartre,Facilities,0,0,3,3,100.0,0.0,1.0
B Montmartre,Food,1,1,22,24,91.67,4.17,0.875
B Montmartre,Location,1,4,27,32,84.38,3.12,0.812
B Montmartre,Room,1,7,32,40,80.0,2.5,0.775
B Montmartre,Staff_Service,2,7,65,74,87.84,2.7,0.851
B Montmartre,Value,0,0,6,6,100.0,0.0,1.0
B Montmartre,Wellness,0,1,0,1,0.0,0.0,0.0
BEST WESTERN Maitrise Hotel Maida Vale,Cleanliness,47,68,59,174,33.91,27.01,0.069
BEST WESTERN Maitrise Hotel Maida Vale,Facilities,26,37,23,86,26.74,30.23,-0.035
BEST WESTERN Maitrise Hotel Maida Vale,Food,64,102,98,264,37.12,24.24,0.129
BEST WESTERN Maitrise Hotel Maida Vale,Location,58,113,107,278,38.49,20.86,0.176
BEST WESTERN Maitrise Hotel Maida Vale,Room,186,230,152,568,26.76,32.75,-0.06
BEST WESTERN Maitrise Hotel Maida Vale,Staff_Service,110,131,133,374,35.56,29.41,0.061
BEST WESTERN Maitrise Hotel Maida Vale,Value,33,34,37,104,35.58,31.73,0.038
BEST WESTERN Maitrise Hotel Maida Vale,Wellness,4,1,1,6,16.67,66.67,-0.5
BEST WESTERN PLUS Amedia Wien,Cleanliness,8,35,96,139,69.06,5.76,0.633
BEST WESTERN PLUS Amedia Wien,Facilities,7,21,61,89,68.54,7.87,0.607
BEST WESTERN PLUS Amedia Wien,Food,8,20,55,83,66.27,9.64,0.566
BEST WESTERN PLUS Amedia Wien,Location,10,47,110,167,65.87,5.99,0.599
BEST WESTERN PLUS Amedia Wien,Room,22,49,118,189,62.43,11.64,0.508
BEST WESTERN PLUS Amedia Wien,Staff_Service,24,39,94,157,59.87,15.29,0.446
BEST WESTERN PLUS Amedia Wien,Value,8,25,71,104,68.27,7.69,0.606
BEST WESTERN PLUS Amedia Wien,Wellness,5,2,20,27,74.07,18.52,0.556
Baglioni Hotel Carlton The Leading Hotels of the World,Cleanliness,3,2,5,10,50.0,30.0,0.2
Baglioni Hotel Carlton The Leading Hotels of the World,Facilities,1,6,9,16,56.25,6.25,0.5
Baglioni Hotel Carlton The Leading Hotels of the World,Food,3,12,24,39,61.54,7.69,0.538
Baglioni Hotel Carlton The Leading Hotels of the World,Location,10,19,46,75,61.33,13.33,0.48
Baglioni Hotel Carlton The Leading Hotels of the World,Room,7,22,31,60,51.67,11.67,0.4
Baglioni Hotel Carlton The Leading Hotels of the World,Staff_Service,7,23,63,93,67.74,7.53,0.602
Baglioni Hotel Carlton The Leading Hotels of the World,Value,1,5,9,15,60.0,6.67,0.533
Baglioni Hotel Carlton The Leading Hotels of the World,Wellness,1,0,7,8,87.5,12.5,0.75
Baglioni Hotel London The Leading Hotels of the World,Cleanliness,1,0,6,7,85.71,14.29,0.714
Baglioni Hotel London The Leading Hotels of the World,Facilities,1,0,7,8,87.5,12.5,0.75
Baglioni Hotel London The Leading Hotels of the World,Food,2,6,21,29,72.41,6.9,0.655
Baglioni Hotel London The Leading Hotels of the World,Location,4,6,19,29,65.52,13.79,0.517
Baglioni Hotel London The Leading Hotels of the World,Room,4,6,35,45,77.78,8.89,0.689
Baglioni Hotel London The Leading Hotels of the World,Staff_Service,3,6,72,81,88.89,3.7,0.852
Baglioni Hotel London The Leading Hotels of the World,Value,2,5,7,14,50.0,14.29,0.357
Baglioni Hotel London The Leading Hotels of the World,Wellness,0,0,2,2,100.0,0.0,1.0
Balmoral Champs Elys es,Cleanliness,0,3,14,17,82.35,0.0,0.824
Balmoral Champs Elys es,Facilities,2,6,13,21,61.9,9.52,0.524
Balmoral Champs Elys es,Food,0,6,17,23,73.91,0.0,0.739
Balmoral Champs Elys es,Location,1,15,49,65,75.38,1.54,0.738
Balmoral Champs Elys es,Room,6,10,31,47,65.96,12.77,0.532
Balmoral Champs Elys es,Staff_Service,0,10,55,65,84.62,0.0,0.846
Balmoral Champs Elys es,Value,0,4,2,6,33.33,0.0,0.333
Banke H tel,Cleanliness,1,4,12,17,70.59,5.88,0.647
Banke H tel,Facilities,4,12,9,25,36.0,16.0,0.2
Banke H tel,Food,2,7,24,33,72.73,6.06,0.667
Banke H tel,Location,4,19,44,67,65.67,5.97,0.597
Banke H tel,Room,11,32,40,83,48.19,13.25,0.349
Banke H tel,Staff_Service,7,19,58,84,69.05,8.33,0.607
Banke H tel,Value,2,8,11,21,52.38,9.52,0.429
Banke H tel,Wellness,3,0,6,9,66.67,33.33,0.333
Banks Mansion All Inclusive Hotel,Cleanliness,1,2,17,20,85.0,5.0,0.8
Banks Mansion All Inclusive Hotel,Facilities,2,8,27,37,72.97,5.41,0.676
Banks Mansion All Inclusive Hotel,Food,2,13,140,155,90.32,1.29,0.89
Banks Mansion All Inclusive Hotel,Location,3,9,140,152,92.11,1.97,0.901
Banks Mansion All Inclusive Hotel,Room,5,16,129,150,86.0,3.33,0.827
Banks Mansion All Inclusive Hotel,Staff_Service,3,13,216,232,93.1,1.29,0.918
Banks Mansion All Inclusive Hotel,Value,2,3,29,34,85.29,5.88,0.794
Banks Mansion All Inclusive Hotel,Wellness,0,0,9,9,100.0,0.0,1.0
Barcel Milan,Cleanliness,6,18,15,39,38.46,15.38,0.231
Barcel Milan,Facilities,11,20,27,58,46.55,18.97,0.276
Barcel Milan,Food,11,27,41,79,51.9,13.92,0.38
Barcel Milan,Location,15,19,35,69,50.72,21.74,0.29
Barcel Milan,Room,24,31,42,97,43.3,24.74,0.186
Barcel Milan,Staff_Service,15,39,46,100,46.0,15.0,0.31
Barcel Milan,Value,4,10,16,30,53.33,13.33,0.4
Barcel Milan,Wellness,6,9,16,31,51.61,19.35,0.323
Barcel Raval,Cleanliness,8,15,53,76,69.74,10.53,0.592
Barcel Raval,Facilities,5,20,31,56,55.36,8.93,0.464
Barcel Raval,Food,7,27,79,113,69.91,6.19,0.637
Barcel Raval,Location,9,64,190,263,72.24,3.42,0.688
Barcel Raval,Room,28,74,183,285,64.21,9.82,0.544
Barcel Raval,Staff_Service,11,37,152,200,76.0,5.5,0.705
Barcel Raval,Value,5,9,36,50,72.0,10.0,0.62
Barcel Raval,Wellness,1,19,55,75,73.33,1.33,0.72
Barcel Sants,Cleanliness,6,37,109,152,71.71,3.95,0.678
Barcel Sants,Facilities,10,28,60,98,61.22,10.2,0.51
Barcel Sants,Food,8,56,146,210,69.52,3.81,0.657
Barcel Sants,Location,24,109,335,468,71.58,5.13,0.665
Barcel Sants,Room,32,100,243,375,64.8,8.53,0.563
Barcel Sants,Staff_Service,21,55,175,251,69.72,8.37,0.614
Barcel Sants,Value,9,26,72,107,67.29,8.41,0.589
Barcel Sants,Wellness,2,5,27,34,79.41,5.88,0.735
Barcelona Hotel Colonial,Cleanliness,1,5,4,10,40.0,10.0,0.3
Barcelona Hotel Colonial,Facilities,1,1,5,7,71.43,14.29,0.571
Barcelona Hotel Colonial,Food,1,7,5,13,38.46,7.69,0.308
Barcelona Hotel Colonial,Location,2,15,15,32,46.88,6.25,0.406
Barcelona Hotel Colonial,Room,2,15,12,29,41.38,6.9,0.345
Barcelona Hotel Colonial,Staff_Service,1,8,13,22,59.09,4.55,0.545
Barcelona Hotel Colonial,Value,1,5,5,11,45.45,9.09,0.364
Barcelona Princess,Cleanliness,14,33,90,137,65.69,10.22,0.555
Barcelona Princess,Facilities,11,36,83,130,63.85,8.46,0.554
Barcelona Princess,Food,26,70,200,296,67.57,8.78,0.588
Barcelona Princess,Location,29,103,188,320,58.75,9.06,0.497
Barcelona Princess,Room,64,141,260,465,55.91,13.76,0.422
Barcelona Princess,Staff_Service,44,79,230,353,65.16,12.46,0.527
Barcelona Princess,Value,15,36,52,103,50.49,14.56,0.359
Barcelona Princess,Wellness,10,66,135,211,63.98,4.74,0.592
Bassano,Cleanliness,0,4,12,16,75.0,0.0,0.75
Bassano,Facilities,6,12,9,27,33.33,22.22,0.111
Bassano,Food,1,5,9,15,60.0,6.67,0.533
Bassano,Location,2,12,31,45,68.89,4.44,0.644
Bassano,Room,8,18,27,53,50.94,15.09,0.358
Bassano,Staff_Service,4,11,37,52,71.15,7.69,0.635
Bassano,Value,0,2,6,8,75.0,0.0,0.75
Batty Langley s,Cleanliness,0,2,13,15,86.67,0.0,0.867
Batty Langley s,Facilities,0,7,22,29,75.86,0.0,0.759
Batty Langley s,Food,0,7,73,80,91.25,0.0,0.912
Batty Langley s,Location,0,9,91,100,91.0,0.0,0.91
Batty Langley s,Room,3,15,130,148,87.84,2.03,0.858
Batty Langley s,Staff_Service,0,8,166,174,95.4,0.0,0.954
Batty Langley s,Value,0,10,25,35,71.43,0.0,0.714
Batty Langley s,Wellness,0,0,1,1,100.0,0.0,1.0
Bcn Urban Hotels Gran Rosellon,Cleanliness,1,32,71,104,68.27,0.96,0.673
Bcn Urban Hotels Gran Rosellon,Facilities,1,13,39,53,73.58,1.89,0.717
Bcn Urban Hotels Gran Rosellon,Food,2,28,51,81,62.96,2.47,0.605
Bcn Urban Hotels Gran Rosellon,Location,4,66,125,195,64.1,2.05,0.621
Bcn Urban Hotels Gran Rosellon,Room,10,79,123,212,58.02,4.72,0.533
Bcn Urban Hotels Gran Rosellon,Staff_Service,7,52,140,199,70.35,3.52,0.668
Bcn Urban Hotels Gran Rosellon,Value,2,6,25,33,75.76,6.06,0.697
Bcn Urban Hotels Gran Rosellon,Wellness,2,9,21,32,65.62,6.25,0.594
Belfast,Cleanliness,0,8,6,14,42.86,0.0,0.429
Belfast,Facilities,1,6,8,15,53.33,6.67,0.467
Belfast,Food,0,5,13,18,72.22,0.0,0.722
Belfast,Location,3,19,37,59,62.71,5.08,0.576
Belfast,Room,5,16,23,44,52.27,11.36,0.409
Belfast,Staff_Service,3,7,29,39,74.36,7.69,0.667
Belfast,Value,2,1,1,4,25.0,50.0,-0.25
Belfast,Wellness,0,0,1,1,100.0,0.0,1.0
Bentley London,Cleanliness,4,3,10,17,58.82,23.53,0.353
Bentley London,Facilities,2,5,11,18,61.11,11.11,0.5
Bentley London,Food,9,12,23,44,52.27,20.45,0.318
Bentley London,Location,8,17,32,57,56.14,14.04,0.421
Bentley London,Room,15,20,67,102,65.69,14.71,0.51
Bentley London,Staff_Service,15,25,68,108,62.96,13.89,0.491
Bentley London,Value,7,3,12,22,54.55,31.82,0.227
Bentley London,Wellness,2,2,9,13,69.23,15.38,0.538
Bermondsey Square Hotel A Bespoke Hotel,Cleanliness,0,19,41,60,68.33,0.0,0.683
Bermondsey Square Hotel A Bespoke Hotel,Facilities,3,15,42,60,70.0,5.0,0.65
Bermondsey Square Hotel A Bespoke Hotel,Food,6,30,85,121,70.25,4.96,0.653
Bermondsey Square Hotel A Bespoke Hotel,Location,11,58,112,181,61.88,6.08,0.558
Bermondsey Square Hotel A Bespoke Hotel,Room,17,60,158,235,67.23,7.23,0.6
Bermondsey Square Hotel A Bespoke Hotel,Staff_Service,12,40,122,174,70.11,6.9,0.632
Bermondsey Square Hotel A Bespoke Hotel,Value,5,14,29,48,60.42,10.42,0.5
Bermondsey Square Hotel A Bespoke Hotel,Wellness,0,1,4,5,80.0,0.0,0.8
Best Western Allegro Nation,Cleanliness,2,5,7,14,50.0,14.29,0.357
Best Western Allegro Nation,Facilities,4,6,2,12,16.67,33.33,-0.167
Best Western Allegro Nation,Food,0,5,4,9,44.44,0.0,0.444
Best Western Allegro Nation,Location,2,5,7,14,50.0,14.29,0.357
Best Western Allegro Nation,Room,3,10,7,20,35.0,15.0,0.2
Best Western Allegro Nation,Staff_Service,2,5,8,15,53.33,13.33,0.4
Best Western Allegro Nation,Value,0,3,2,5,40.0,0.0,0.4
Best Western Amiral Hotel,Cleanliness,3,8,10,21,47.62,14.29,0.333
Best Western Amiral Hotel,Facilities,8,12,16,36,44.44,22.22,0.222
Best Western Amiral Hotel,Food,4,16,15,35,42.86,11.43,0.314
Best Western Amiral Hotel,Location,6,15,19,40,47.5,15.0,0.325
Best Western Amiral Hotel,Room,11,26,25,62,40.32,17.74,0.226
Best Western Amiral Hotel,Staff_Service,9,16,32,57,56.14,15.79,0.404
Best Western Amiral Hotel,Value,3,7,6,16,37.5,18.75,0.188
Best Western Amiral Hotel,Wellness,6,17,28,51,54.9,11.76,0.431
Best Western Antares Hotel Concorde,Cleanliness,5,6,14,25,56.0,20.0,0.36
Best Western Antares Hotel Concorde,Facilities,8,8,12,28,42.86,28.57,0.143
Best Western Antares Hotel Concorde,Food,7,6,37,50,74.0,14.0,0.6
Best Western Antares Hotel Concorde,Location,6,11,27,44,61.36,13.64,0.477
Best Western Antares Hotel Concorde,Room,13,16,42,71,59.15,18.31,0.408
Best Western Antares Hotel Concorde,Staff_Service,9,9,31,49,63.27,18.37,0.449
Best Western Antares Hotel Concorde,Value,4,3,8,15,53.33,26.67,0.267
Best Western Antares Hotel Concorde,Wellness,1,0,0,1,0.0,100.0,-1.0
Best Western Atlantic Hotel,Cleanliness,4,13,33,50,66.0,8.0,0.58
Best Western Atlantic Hotel,Facilities,4,14,30,48,62.5,8.33,0.542
Best Western Atlantic Hotel,Food,8,31,108,147,73.47,5.44,0.68
Best Western Atlantic Hotel,Location,11,53,122,186,65.59,5.91,0.597
Best Western Atlantic Hotel,Room,18,43,92,153,60.13,11.76,0.484
Best Western Atlantic Hotel,Staff_Service,13,28,100,141,70.92,9.22,0.617
Best Western Atlantic Hotel,Value,5,6,14,25,56.0,20.0,0.36
Best Western Atlantic Hotel,Wellness,1,0,2,3,66.67,33.33,0.333
Best Western Aulivia Op ra,Cleanliness,0,10,17,27,62.96,0.0,0.63
Best Western Aulivia Op ra,Facilities,5,5,6,16,37.5,31.25,0.062
Best Western Aulivia Op ra,Food,3,10,9,22,40.91,13.64,0.273
Best Western Aulivia Op ra,Location,2,17,25,44,56.82,4.55,0.523
Best Western Aulivia Op ra,Room,8,14,31,53,58.49,15.09,0.434
Best Western Aulivia Op ra,Staff_Service,4,12,33,49,67.35,8.16,0.592
Best Western Aulivia Op ra,Value,1,6,3,10,30.0,10.0,0.2
Best Western Blue Tower Hotel,Cleanliness,34,68,108,210,51.43,16.19,0.352
Best Western Blue Tower Hotel,Facilities,29,52,68,149,45.64,19.46,0.262
Best Western Blue Tower Hotel,Food,28,69,116,213,54.46,13.15,0.413
Best Western Blue Tower Hotel,Location,25,97,133,255,52.16,9.8,0.424
Best Western Blue Tower Hotel,Room,92,175,171,438,39.04,21.0,0.18
Best Western Blue Tower Hotel,Staff_Service,47,122,175,344,50.87,13.66,0.372
Best Western Blue Tower Hotel,Value,22,52,48,122,39.34,18.03,0.213
Best Western Blue Tower Hotel,Wellness,0,2,4,6,66.67,0.0,0.667
Best Western Bretagne Montparnasse,Cleanliness,7,13,16,36,44.44,19.44,0.25
Best Western Bretagne Montparnasse,Facilities,7,16,15,38,39.47,18.42,0.211
Best Western Bretagne Montparnasse,Food,3,12,24,39,61.54,7.69,0.538
Best Western Bretagne Montparnasse,Location,8,30,46,84,54.76,9.52,0.452
Best Western Bretagne Montparnasse,Room,18,41,44,103,42.72,17.48,0.252
Best Western Bretagne Montparnasse,Staff_Service,14,31,48,93,51.61,15.05,0.366
Best Western Bretagne Montparnasse,Value,3,7,10,20,50.0,15.0,0.35
Best Western Delphi Hotel,Cleanliness,1,6,8,15,53.33,6.67,0.467
Best Western Delphi Hotel,Facilities,1,2,2,5,40.0,20.0,0.2
Best Western Delphi Hotel,Food,4,4,7,15,46.67,26.67,0.2
Best Western Delphi Hotel,Location,3,13,18,34,52.94,8.82,0.441
Best Western Delphi Hotel,Room,8,15,18,41,43.9,19.51,0.244
Best Western Delphi Hotel,Staff_Service,2,13,19,34,55.88,5.88,0.5
Best Western Delphi Hotel,Value,1,5,2,8,25.0,12.5,0.125
Best Western Ducs de Bourgogne,Cleanliness,6,3,11,20,55.0,30.0,0.25
Best Western Ducs de Bourgogne,Facilities,18,11,10,39,25.64,46.15,-0.205
Best Western Ducs de Bourgogne,Food,6,5,13,24,54.17,25.0,0.292
Best Western Ducs de Bourgogne,Location,12,26,40,78,51.28,15.38,0.359
Best Western Ducs de Bourgogne,Room,18,24,30,72,41.67,25.0,0.167
Best Western Ducs de Bourgogne,Staff_Service,10,18,35,63,55.56,15.87,0.397
Best Western Ducs de Bourgogne,Value,4,7,5,16,31.25,25.0,0.062
Best Western Ducs de Bourgogne,Wellness,1,0,0,1,0.0,100.0,-1.0
Best Western Hotel Ascot,Cleanliness,2,13,20,35,57.14,5.71,0.514
Best Western Hotel Ascot,Facilities,6,28,28,62,45.16,9.68,0.355
Best Western Hotel Ascot,Food,9,34,47,90,52.22,10.0,0.422
Best Western Hotel Ascot,Location,14,47,52,113,46.02,12.39,0.336
Best Western Hotel Ascot,Room,16,33,46,95,48.42,16.84,0.316
Best Western Hotel Ascot,Staff_Service,12,32,54,98,55.1,12.24,0.429
Best Western Hotel Ascot,Value,7,14,15,36,41.67,19.44,0.222
Best Western Hotel Ascot,Wellness,1,0,0,1,0.0,100.0,-1.0
Best Western Hotel Astoria,Cleanliness,0,3,8,11,72.73,0.0,0.727
Best Western Hotel Astoria,Facilities,0,3,1,4,25.0,0.0,0.25
Best Western Hotel Astoria,Food,0,6,8,14,57.14,0.0,0.571
Best Western Hotel Astoria,Location,0,5,7,12,58.33,0.0,0.583
Best Western Hotel Astoria,Room,0,6,12,18,66.67,0.0,0.667
Best Western Hotel Astoria,Staff_Service,0,5,14,19,73.68,0.0,0.737
Best Western Hotel Astoria,Value,0,1,1,2,50.0,0.0,0.5
Best Western Hotel City,Cleanliness,2,10,20,32,62.5,6.25,0.562
Best Western Hotel City,Facilities,4,16,16,36,44.44,11.11,0.333
Best Western Hotel City,Food,4,20,52,76,68.42,5.26,0.632
Best Western Hotel City,Location,7,26,70,103,67.96,6.8,0.612
Best Western Hotel City,Room,8,27,36,71,50.7,11.27,0.394
Best Western Hotel City,Staff_Service,4,22,55,81,67.9,4.94,0.63
Best Western Hotel City,Value,2,3,7,12,58.33,16.67,0.417
Best Western Hotel Major,Cleanliness,1,7,12,20,60.0,5.0,0.55
Best Western Hotel Major,Facilities,2,3,9,14,64.29,14.29,0.5
Best Western Hotel Major,Food,2,8,22,32,68.75,6.25,0.625
Best Western Hotel Major,Location,4,9,29,42,69.05,9.52,0.595
Best Western Hotel Major,Room,5,13,20,38,52.63,13.16,0.395
Best Western Hotel Major,Staff_Service,0,7,22,29,75.86,0.0,0.759
Best Western Hotel Major,Value,0,3,7,10,70.0,0.0,0.7
Best Western Hotel Mirage,Cleanliness,2,6,10,18,55.56,11.11,0.444
Best Western Hotel Mirage,Facilities,2,4,13,19,68.42,10.53,0.579
Best Western Hotel Mirage,Food,4,12,24,40,60.0,10.0,0.5
Best Western Hotel Mirage,Location,2,11,14,27,51.85,7.41,0.444
Best Western Hotel Mirage,Room,5,10,18,33,54.55,15.15,0.394
Best Western Hotel Mirage,Staff_Service,5,8,31,44,70.45,11.36,0.591
Best Western Hotel Mirage,Value,2,4,11,17,64.71,11.76,0.529
Best Western Hotel Mirage,Wellness,0,1,0,1,0.0,0.0,0.0
Best Western Hotel Montmartre Sacr Coeur,Cleanliness,12,24,31,67,46.27,17.91,0.284
Best Western Hotel Montmartre Sacr Coeur,Facilities,6,21,13,40,32.5,15.0,0.175
Best Western Hotel Montmartre Sacr Coeur,Food,13,23,33,69,47.83,18.84,0.29
Best Western Hotel Montmartre Sacr Coeur,Location,28,48,62,138,44.93,20.29,0.246
Best Western Hotel Montmartre Sacr Coeur,Room,29,54,50,133,37.59,21.8,0.158
Best Western Hotel Montmartre Sacr Coeur,Staff_Service,19,34,77,130,59.23,14.62,0.446
Best Western Hotel Montmartre Sacr Coeur,Value,4,7,12,23,52.17,17.39,0.348
Best Western Hotel Montmartre Sacr Coeur,Wellness,0,0,1,1,100.0,0.0,1.0
Best Western Hotel Pension Arenberg Wien Zentrum,Cleanliness,7,13,10,30,33.33,23.33,0.1
Best Western Hotel Pension Arenberg Wien Zentrum,Facilities,5,13,14,32,43.75,15.62,0.281
Best Western Hotel Pension Arenberg Wien Zentrum,Food,25,37,50,112,44.64,22.32,0.223
Best Western Hotel Pension Arenberg Wien Zentrum,Location,17,41,41,99,41.41,17.17,0.242
Best Western Hotel Pension Arenberg Wien Zentrum,Room,24,40,38,102,37.25,23.53,0.137
Best Western Hotel Pension Arenberg Wien Zentrum,Staff_Service,22,40,37,99,37.37,22.22,0.152
Best Western Hotel Pension Arenberg Wien Zentrum,Value,7,9,7,23,30.43,30.43,0.0
Best Western Hotel St George,Cleanliness,3,9,31,43,72.09,6.98,0.651
Best Western Hotel St George,Facilities,8,13,27,48,56.25,16.67,0.396
Best Western Hotel St George,Food,15,36,80,131,61.07,11.45,0.496
Best Western Hotel St George,Location,16,37,70,123,56.91,13.01,0.439
Best Western Hotel St George,Room,23,48,63,134,47.01,17.16,0.299
Best Western Hotel St George,Staff_Service,10,36,100,146,68.49,6.85,0.616
Best Western Hotel St George,Value,5,5,10,20,50.0,25.0,0.25
Best Western Le 18 Paris,Cleanliness,5,12,18,35,51.43,14.29,0.371
Best Western Le 18 Paris,Facilities,2,8,5,15,33.33,13.33,0.2
Best Western Le 18 Paris,Food,1,5,6,12,50.0,8.33,0.417
Best Western Le 18 Paris,Location,8,8,11,27,40.74,29.63,0.111
Best Western Le 18 Paris,Room,16,17,21,54,38.89,29.63,0.093
Best Western Le 18 Paris,Staff_Service,7,7,21,35,60.0,20.0,0.4
Best Western Le 18 Paris,Value,1,4,3,8,37.5,12.5,0.25
Best Western Le Jardin de Cluny,Cleanliness,0,5,22,27,81.48,0.0,0.815
Best Western Le Jardin de Cluny,Facilities,0,6,10,16,62.5,0.0,0.625
Best Western Le Jardin de Cluny,Food,0,6,24,30,80.0,0.0,0.8
Best Western Le Jardin de Cluny,Location,0,18,67,85,78.82,0.0,0.788
Best Western Le Jardin de Cluny,Room,1,17,36,54,66.67,1.85,0.648
Best Western Le Jardin de Cluny,Staff_Service,0,13,59,72,81.94,0.0,0.819
Best Western Le Jardin de Cluny,Value,0,8,10,18,55.56,0.0,0.556
Best Western Madison Hotel,Cleanliness,2,24,50,76,65.79,2.63,0.632
Best Western Madison Hotel,Facilities,3,11,29,43,67.44,6.98,0.605
Best Western Madison Hotel,Food,10,41,101,152,66.45,6.58,0.599
Best Western Madison Hotel,Location,8,64,159,231,68.83,3.46,0.654
Best Western Madison Hotel,Room,16,53,100,169,59.17,9.47,0.497
Best Western Madison Hotel,Staff_Service,12,45,104,161,64.6,7.45,0.571
Best Western Madison Hotel,Value,3,7,30,40,75.0,7.5,0.675
Best Western Madison Hotel,Wellness,0,0,1,1,100.0,0.0,1.0
Best Western Maitrise Hotel Edgware Road,Cleanliness,15,21,25,61,40.98,24.59,0.164
Best Western Maitrise Hotel Edgware Road,Facilities,7,11,10,28,35.71,25.0,0.107
Best Western Maitrise Hotel Edgware Road,Food,21,25,10,56,17.86,37.5,-0.196
Best Western Maitrise Hotel Edgware Road,Location,25,32,22,79,27.85,31.65,-0.038
Best Western Maitrise Hotel Edgware Road,Room,58,58,42,158,26.58,36.71,-0.101
Best Western Maitrise Hotel Edgware Road,Staff_Service,35,28,27,90,30.0,38.89,-0.089
Best Western Maitrise Hotel Edgware Road,Value,13,6,4,23,17.39,56.52,-0.391
Best Western Maitrise Hotel Edgware Road,Wellness,0,1,0,1,0.0,0.0,0.0
Best Western Mercedes Arc de Triomphe,Cleanliness,1,2,5,8,62.5,12.5,0.5
Best Western Mercedes Arc de Triomphe,Facilities,3,7,16,26,61.54,11.54,0.5
Best Western Mercedes Arc de Triomphe,Food,1,6,7,14,50.0,7.14,0.429
Best Western Mercedes Arc de Triomphe,Location,2,10,20,32,62.5,6.25,0.562
Best Western Mercedes Arc de Triomphe,Room,1,5,25,31,80.65,3.23,0.774
Best Western Mercedes Arc de Triomphe,Staff_Service,0,6,20,26,76.92,0.0,0.769
Best Western Mercedes Arc de Triomphe,Value,0,2,9,11,81.82,0.0,0.818
Best Western Mercedes Arc de Triomphe,Wellness,0,0,2,2,100.0,0.0,1.0
Best Western Mornington Hotel Hyde Park,Cleanliness,9,63,102,174,58.62,5.17,0.534
Best Western Mornington Hotel Hyde Park,Facilities,7,45,51,103,49.51,6.8,0.427
Best Western Mornington Hotel Hyde Park,Food,25,105,171,301,56.81,8.31,0.485
Best Western Mornington Hotel Hyde Park,Location,27,152,210,389,53.98,6.94,0.47
Best Western Mornington Hotel Hyde Park,Room,70,220,244,534,45.69,13.11,0.326
Best Western Mornington Hotel Hyde Park,Staff_Service,34,117,203,354,57.34,9.6,0.477
Best Western Mornington Hotel Hyde Park,Value,17,26,45,88,51.14,19.32,0.318
Best Western Mornington Hotel Hyde Park,Wellness,1,1,5,7,71.43,14.29,0.571
Best Western Nouvel Orl ans Montparnasse,Cleanliness,2,15,27,44,61.36,4.55,0.568
Best Western Nouvel Orl ans Montparnasse,Facilities,12,26,26,64,40.62,18.75,0.219
Best Western Nouvel Orl ans Montparnasse,Food,4,10,16,30,53.33,13.33,0.4
Best Western Nouvel Orl ans Montparnasse,Location,8,33,57,98,58.16,8.16,0.5
Best Western Nouvel Orl ans Montparnasse,Room,12,41,40,93,43.01,12.9,0.301
Best Western Nouvel Orl ans Montparnasse,Staff_Service,9,19,46,74,62.16,12.16,0.5
Best Western Nouvel Orl ans Montparnasse,Value,2,11,9,22,40.91,9.09,0.318
Best Western Op ra Batignolles,Cleanliness,3,6,9,18,50.0,16.67,0.333
Best Western Op ra Batignolles,Facilities,3,3,12,18,66.67,16.67,0.5
Best Western Op ra Batignolles,Food,1,5,10,16,62.5,6.25,0.562
Best Western Op ra Batignolles,Location,5,9,15,29,51.72,17.24,0.345
Best Western Op ra Batignolles,Room,10,12,22,44,50.0,22.73,0.273
Best Western Op ra Batignolles,Staff_Service,8,9,31,48,64.58,16.67,0.479
Best Western Op ra Batignolles,Value,3,3,1,7,14.29,42.86,-0.286
Best Western Op ra Batignolles,Wellness,0,0,1,1,100.0,0.0,1.0
Best Western PLUS Epping Forest,Cleanliness,11,16,35,62,56.45,17.74,0.387
Best Western PLUS Epping Forest,Facilities,5,18,26,49,53.06,10.2,0.429
Best Western PLUS Epping Forest,Food,21,33,39,93,41.94,22.58,0.194
Best Western PLUS Epping Forest,Location,21,46,37,104,35.58,20.19,0.154
Best Western PLUS Epping Forest,Room,44,71,79,194,40.72,22.68,0.18
Best Western PLUS Epping Forest,Staff_Service,28,56,75,159,47.17,17.61,0.296
Best Western PLUS Epping Forest,Value,10,10,19,39,48.72,25.64,0.231
Best Western Palm Hotel,Cleanliness,23,63,142,228,62.28,10.09,0.522
Best Western Palm Hotel,Facilities,29,79,122,230,53.04,12.61,0.404
Best Western Palm Hotel,Food,31,92,122,245,49.8,12.65,0.371
Best Western Palm Hotel,Location,34,88,134,256,52.34,13.28,0.391
Best Western Palm Hotel,Room,92,194,261,547,47.71,16.82,0.309
Best Western Palm Hotel,Staff_Service,56,118,287,461,62.26,12.15,0.501
Best Western Palm Hotel,Value,16,38,75,129,58.14,12.4,0.457
Best Western Palm Hotel,Wellness,2,9,7,18,38.89,11.11,0.278
Best Western Paris Gare Saint Lazare,Cleanliness,2,9,10,21,47.62,9.52,0.381
Best Western Paris Gare Saint Lazare,Facilities,4,7,2,13,15.38,30.77,-0.154
Best Western Paris Gare Saint Lazare,Food,2,10,9,21,42.86,9.52,0.333
Best Western Paris Gare Saint Lazare,Location,2,13,21,36,58.33,5.56,0.528
Best Western Paris Gare Saint Lazare,Room,6,17,24,47,51.06,12.77,0.383
Best Western Paris Gare Saint Lazare,Staff_Service,4,16,10,30,33.33,13.33,0.2
Best Western Paris Gare Saint Lazare,Value,2,7,5,14,35.71,14.29,0.214
Best Western Plus 61 Paris Nation Hotel,Cleanliness,4,15,9,28,32.14,14.29,0.179
Best Western Plus 61 Paris Nation Hotel,Facilities,5,16,8,29,27.59,17.24,0.103
Best Western Plus 61 Paris Nation Hotel,Food,3,9,10,22,45.45,13.64,0.318
Best Western Plus 61 Paris Nation Hotel,Location,4,10,13,27,48.15,14.81,0.333
Best Western Plus 61 Paris Nation Hotel,Room,5,20,15,40,37.5,12.5,0.25
Best Western Plus 61 Paris Nation Hotel,Staff_Service,3,15,17,35,48.57,8.57,0.4
Best Western Plus 61 Paris Nation Hotel,Value,3,4,3,10,30.0,30.0,0.0
Best Western Plus Elys e Secret,Cleanliness,3,12,12,27,44.44,11.11,0.333
Best Western Plus Elys e Secret,Facilities,4,9,7,20,35.0,20.0,0.15
Best Western Plus Elys e Secret,Food,7,12,9,28,32.14,25.0,0.071
Best Western Plus Elys e Secret,Location,10,36,26,72,36.11,13.89,0.222
Best Western Plus Elys e Secret,Room,10,29,19,58,32.76,17.24,0.155
Best Western Plus Elys e Secret,Staff_Service,5,14,19,38,50.0,13.16,0.368
Best Western Plus Elys e Secret,Value,2,7,2,11,18.18,18.18,0.0
Best Western Plus Hotel Blue Square,Cleanliness,32,59,75,166,45.18,19.28,0.259
Best Western Plus Hotel Blue Square,Facilities,16,47,49,112,43.75,14.29,0.295
Best Western Plus Hotel Blue Square,Food,16,54,71,141,50.35,11.35,0.39
Best Western Plus Hotel Blue Square,Location,15,96,103,214,48.13,7.01,0.411
Best Western Plus Hotel Blue Square,Room,62,118,126,306,41.18,20.26,0.209
Best Western Plus Hotel Blue Square,Staff_Service,43,75,118,236,50.0,18.22,0.318
Best Western Plus Hotel Blue Square,Value,10,45,40,95,42.11,10.53,0.316
Best Western Plus Hotel Blue Square,Wellness,2,2,1,5,20.0,40.0,-0.2
Best Western Plus Hotel Felice Casati,Cleanliness,0,25,45,70,64.29,0.0,0.643
Best Western Plus Hotel Felice Casati,Facilities,2,16,27,45,60.0,4.44,0.556
Best Western Plus Hotel Felice Casati,Food,4,42,88,134,65.67,2.99,0.627
Best Western Plus Hotel Felice Casati,Location,6,52,95,153,62.09,3.92,0.582
Best Western Plus Hotel Felice Casati,Room,13,50,80,143,55.94,9.09,0.469
Best Western Plus Hotel Felice Casati,Staff_Service,8,39,95,142,66.9,5.63,0.613
Best Western Plus Hotel Felice Casati,Value,3,15,25,43,58.14,6.98,0.512
Best Western Plus Hotel Felice Casati,Wellness,0,3,10,13,76.92,0.0,0.769
Best Western Plus Hotel Galles,Cleanliness,4,17,48,69,69.57,5.8,0.638
Best Western Plus Hotel Galles,Facilities,6,29,61,96,63.54,6.25,0.573
Best Western Plus Hotel Galles,Food,14,91,181,286,63.29,4.9,0.584
Best Western Plus Hotel Galles,Location,19,106,196,321,61.06,5.92,0.551
Best Western Plus Hotel Galles,Room,29,98,151,278,54.32,10.43,0.439
Best Western Plus Hotel Galles,Staff_Service,18,64,182,264,68.94,6.82,0.621
Best Western Plus Hotel Galles,Value,7,21,36,64,56.25,10.94,0.453
Best Western Plus Hotel Galles,Wellness,13,35,90,138,65.22,9.42,0.558
Best Western Plus Seraphine Hammersmith Hotel,Cleanliness,8,78,92,178,51.69,4.49,0.472
Best Western Plus Seraphine Hammersmith Hotel,Facilities,16,47,44,107,41.12,14.95,0.262
Best Western Plus Seraphine Hammersmith Hotel,Food,31,122,149,302,49.34,10.26,0.391
Best Western Plus Seraphine Hammersmith Hotel,Location,31,154,143,328,43.6,9.45,0.341
Best Western Plus Seraphine Hammersmith Hotel,Room,79,216,178,473,37.63,16.7,0.209
Best Western Plus Seraphine Hammersmith Hotel,Staff_Service,30,90,141,261,54.02,11.49,0.425
Best Western Plus Seraphine Hammersmith Hotel,Value,13,31,24,68,35.29,19.12,0.162
Best Western Plus Seraphine Hammersmith Hotel,Wellness,1,1,0,2,0.0,50.0,-0.5
Best Western Plus de Neuville Arc de Triomphe,Cleanliness,1,1,7,9,77.78,11.11,0.667
Best Western Plus de Neuville Arc de Triomphe,Facilities,2,6,10,18,55.56,11.11,0.444
Best Western Plus de Neuville Arc de Triomphe,Food,4,3,11,18,61.11,22.22,0.389
Best Western Plus de Neuville Arc de Triomphe,Location,0,7,22,29,75.86,0.0,0.759
Best Western Plus de Neuville Arc de Triomphe,Room,4,5,24,33,72.73,12.12,0.606
Best Western Plus de Neuville Arc de Triomphe,Staff_Service,6,6,39,51,76.47,11.76,0.647
Best Western Plus de Neuville Arc de Triomphe,Value,2,1,5,8,62.5,25.0,0.375
Best Western Plus de Neuville Arc de Triomphe,Wellness,0,0,1,1,100.0,0.0,1.0
Best Western Premier Faubourg 88,Cleanliness,1,12,32,45,71.11,2.22,0.689
Best Western Premier Faubourg 88,Facilities,1,10,7,18,38.89,5.56,0.333
Best Western Premier Faubourg 88,Food,7,14,31,52,59.62,13.46,0.462
Best Western Premier Faubourg 88,Location,7,22,54,83,65.06,8.43,0.566
Best Western Premier Faubourg 88,Room,8,34,68,110,61.82,7.27,0.545
Best Western Premier Faubourg 88,Staff_Service,11,18,79,108,73.15,10.19,0.63
Best Western Premier Faubourg 88,Value,4,8,18,30,60.0,13.33,0.467
Best Western Premier Hotel Couture,Cleanliness,19,101,394,514,76.65,3.7,0.73
Best Western Premier Hotel Couture,Facilities,11,46,226,283,79.86,3.89,0.76
Best Western Premier Hotel Couture,Food,32,91,404,527,76.66,6.07,0.706
Best Western Premier Hotel Couture,Location,22,132,486,640,75.94,3.44,0.725
Best Western Premier Hotel Couture,Room,47,197,623,867,71.86,5.42,0.664
Best Western Premier Hotel Couture,Staff_Service,46,135,531,712,74.58,6.46,0.681
Best Western Premier Hotel Couture,Value,12,68,193,273,70.7,4.4,0.663
Best Western Premier Hotel Couture,Wellness,0,7,29,36,80.56,0.0,0.806
Best Western Premier Hotel Dante,Cleanliness,1,8,32,41,78.05,2.44,0.756
Best Western Premier Hotel Dante,Facilities,5,11,17,33,51.52,15.15,0.364
Best Western Premier Hotel Dante,Food,3,13,40,56,71.43,5.36,0.661
Best Western Premier Hotel Dante,Location,8,21,51,80,63.75,10.0,0.538
Best Western Premier Hotel Dante,Room,9,17,53,79,67.09,11.39,0.557
Best Western Premier Hotel Dante,Staff_Service,7,25,71,103,68.93,6.8,0.621
Best Western Premier Hotel Dante,Value,4,8,11,23,47.83,17.39,0.304
Best Western Premier Hotel Dante,Wellness,0,0,1,1,100.0,0.0,1.0
Best Western Premier Kaiserhof Wien,Cleanliness,1,4,63,68,92.65,1.47,0.912
Best Western Premier Kaiserhof Wien,Facilities,1,3,43,47,91.49,2.13,0.894
Best Western Premier Kaiserhof Wien,Food,2,8,203,213,95.31,0.94,0.944
Best Western Premier Kaiserhof Wien,Location,1,7,120,128,93.75,0.78,0.93
Best Western Premier Kaiserhof Wien,Room,3,8,121,132,91.67,2.27,0.894
Best Western Premier Kaiserhof Wien,Staff_Service,3,6,202,211,95.73,1.42,0.943
Best Western Premier Kaiserhof Wien,Value,0,1,27,28,96.43,0.0,0.964
Best Western Premier Kaiserhof Wien,Wellness,0,2,14,16,87.5,0.0,0.875
Best Western Premier Kapital Op ra,Cleanliness,4,10,63,77,81.82,5.19,0.766
Best Western Premier Kapital Op ra,Facilities,1,6,27,34,79.41,2.94,0.765
Best Western Premier Kapital Op ra,Food,3,8,43,54,79.63,5.56,0.741
Best Western Premier Kapital Op ra,Location,0,25,106,131,80.92,0.0,0.809
Best Western Premier Kapital Op ra,Room,10,36,141,187,75.4,5.35,0.701
Best Western Premier Kapital Op ra,Staff_Service,5,19,119,143,83.22,3.5,0.797
Best Western Premier Kapital Op ra,Value,1,7,24,32,75.0,3.12,0.719
Best Western Premier Kapital Op ra,Wellness,0,1,2,3,66.67,0.0,0.667
Best Western Premier Le Swann,Cleanliness,1,9,16,26,61.54,3.85,0.577
Best Western Premier Le Swann,Facilities,1,4,4,9,44.44,11.11,0.333
Best Western Premier Le Swann,Food,1,8,20,29,68.97,3.45,0.655
Best Western Premier Le Swann,Location,4,13,21,38,55.26,10.53,0.447
Best Western Premier Le Swann,Room,9,19,30,58,51.72,15.52,0.362
Best Western Premier Le Swann,Staff_Service,6,13,24,43,55.81,13.95,0.419
Best Western Premier Le Swann,Value,1,4,8,13,61.54,7.69,0.538
Best Western Premier Louvre Saint Honor ,Cleanliness,5,9,19,33,57.58,15.15,0.424
Best Western Premier Louvre Saint Honor ,Facilities,8,17,20,45,44.44,17.78,0.267
Best Western Premier Louvre Saint Honor ,Food,3,7,31,41,75.61,7.32,0.683
Best Western Premier Louvre Saint Honor ,Location,14,33,81,128,63.28,10.94,0.523
Best Western Premier Louvre Saint Honor ,Room,14,33,53,100,53.0,14.0,0.39
Best Western Premier Louvre Saint Honor ,Staff_Service,12,19,61,92,66.3,13.04,0.533
Best Western Premier Louvre Saint Honor ,Value,4,7,16,27,59.26,14.81,0.444
Best Western Premier Louvre Saint Honor ,Wellness,1,1,0,2,0.0,50.0,-0.5
Best Western Premier Marais Grands Boulevards,Cleanliness,7,19,41,67,61.19,10.45,0.507
Best Western Premier Marais Grands Boulevards,Facilities,1,5,15,21,71.43,4.76,0.667
Best Western Premier Marais Grands Boulevards,Food,8,17,27,52,51.92,15.38,0.365
Best Western Premier Marais Grands Boulevards,Location,6,37,75,118,63.56,5.08,0.585
Best Western Premier Marais Grands Boulevards,Room,16,42,75,133,56.39,12.03,0.444
Best Western Premier Marais Grands Boulevards,Staff_Service,13,18,70,101,69.31,12.87,0.564
Best Western Premier Marais Grands Boulevards,Value,6,10,15,31,48.39,19.35,0.29
Best Western Premier Marais Grands Boulevards,Wellness,1,0,1,2,50.0,50.0,0.0
Best Western Premier Op ra Faubourg Ex Hotel Jules ,Cleanliness,2,14,36,52,69.23,3.85,0.654
Best Western Premier Op ra Faubourg Ex Hotel Jules ,Facilities,2,20,21,43,48.84,4.65,0.442
Best Western Premier Op ra Faubourg Ex Hotel Jules ,Food,10,22,40,72,55.56,13.89,0.417
Best Western Premier Op ra Faubourg Ex Hotel Jules ,Location,14,58,97,169,57.4,8.28,0.491
Best Western Premier Op ra Faubourg Ex Hotel Jules ,Room,24,67,101,192,52.6,12.5,0.401
Best Western Premier Op ra Faubourg Ex Hotel Jules ,Staff_Service,12,40,94,146,64.38,8.22,0.562
Best Western Premier Op ra Faubourg Ex Hotel Jules ,Value,3,8,18,29,62.07,10.34,0.517
Best Western Premier Op ra Faubourg Ex Hotel Jules ,Wellness,0,1,0,1,0.0,0.0,0.0
Best Western Premier Op ra Li ge,Cleanliness,1,10,24,35,68.57,2.86,0.657
Best Western Premier Op ra Li ge,Facilities,0,4,6,10,60.0,0.0,0.6
Best Western Premier Op ra Li ge,Food,3,5,20,28,71.43,10.71,0.607
Best Western Premier Op ra Li ge,Location,1,19,28,48,58.33,2.08,0.562
Best Western Premier Op ra Li ge,Room,8,15,44,67,65.67,11.94,0.537
Best Western Premier Op ra Li ge,Staff_Service,7,10,55,72,76.39,9.72,0.667
Best Western Premier Op ra Li ge,Value,3,6,7,16,43.75,18.75,0.25
Best Western Premier Op ra Li ge,Wellness,0,0,3,3,100.0,0.0,1.0
Best Western Premier Op ra Opal,Cleanliness,0,8,21,29,72.41,0.0,0.724
Best Western Premier Op ra Opal,Facilities,1,15,14,30,46.67,3.33,0.433
Best Western Premier Op ra Opal,Food,1,8,13,22,59.09,4.55,0.545
Best Western Premier Op ra Opal,Location,2,23,55,80,68.75,2.5,0.662
Best Western Premier Op ra Opal,Room,4,24,41,69,59.42,5.8,0.536
Best Western Premier Op ra Opal,Staff_Service,2,14,53,69,76.81,2.9,0.739
Best Western Premier Op ra Opal,Value,0,2,5,7,71.43,0.0,0.714
Best Western Premier Op ra Opal,Wellness,0,0,1,1,100.0,0.0,1.0
Best Western Premier Trocadero La Tour,Cleanliness,1,1,3,5,60.0,20.0,0.4
Best Western Premier Trocadero La Tour,Facilities,3,4,6,13,46.15,23.08,0.231
Best Western Premier Trocadero La Tour,Food,1,6,5,12,41.67,8.33,0.333
Best Western Premier Trocadero La Tour,Location,3,15,11,29,37.93,10.34,0.276
Best Western Premier Trocadero La Tour,Room,3,14,11,28,39.29,10.71,0.286
Best Western Premier Trocadero La Tour,Staff_Service,1,9,11,21,52.38,4.76,0.476
Best Western Premier Trocadero La Tour,Value,1,1,2,4,50.0,25.0,0.25
Best Western S vres Montparnasse,Cleanliness,3,10,24,37,64.86,8.11,0.568
Best Western S vres Montparnasse,Facilities,8,12,10,30,33.33,26.67,0.067
Best Western S vres Montparnasse,Food,6,14,37,57,64.91,10.53,0.544
Best Western S vres Montparnasse,Location,5,17,61,83,73.49,6.02,0.675
Best Western S vres Montparnasse,Room,15,36,52,103,50.49,14.56,0.359
Best Western S vres Montparnasse,Staff_Service,9,24,58,91,63.74,9.89,0.538
Best Western S vres Montparnasse,Value,3,7,21,31,67.74,9.68,0.581
Best Western Seraphine Kensington Olympia,Cleanliness,13,40,50,103,48.54,12.62,0.359
Best Western Seraphine Kensington Olympia,Facilities,17,41,36,94,38.3,18.09,0.202
Best Western Seraphine Kensington Olympia,Food,27,68,63,158,39.87,17.09,0.228
Best Western Seraphine Kensington Olympia,Location,19,80,85,184,46.2,10.33,0.359
Best Western Seraphine Kensington Olympia,Room,38,110,92,240,38.33,15.83,0.225
Best Western Seraphine Kensington Olympia,Staff_Service,27,51,74,152,48.68,17.76,0.309
Best Western Seraphine Kensington Olympia,Value,5,21,21,47,44.68,10.64,0.34
Best Western Seraphine Kensington Olympia,Wellness,0,1,0,1,0.0,0.0,0.0
Best Western The Boltons Hotel London Kensington,Cleanliness,15,55,71,141,50.35,10.64,0.397
Best Western The Boltons Hotel London Kensington,Facilities,22,42,41,105,39.05,20.95,0.181
Best Western The Boltons Hotel London Kensington,Food,15,56,97,168,57.74,8.93,0.488
Best Western The Boltons Hotel London Kensington,Location,35,119,143,297,48.15,11.78,0.364
Best Western The Boltons Hotel London Kensington,Room,68,159,168,395,42.53,17.22,0.253
Best Western The Boltons Hotel London Kensington,Staff_Service,24,65,121,210,57.62,11.43,0.462
Best Western The Boltons Hotel London Kensington,Value,13,23,28,64,43.75,20.31,0.234
Best Western The Boltons Hotel London Kensington,Wellness,0,2,0,2,0.0,0.0,0.0
Best Western Tour Eiffel Invalides,Cleanliness,0,6,7,13,53.85,0.0,0.538
Best Western Tour Eiffel Invalides,Facilities,3,5,6,14,42.86,21.43,0.214
Best Western Tour Eiffel Invalides,Food,0,6,6,12,50.0,0.0,0.5
Best Western Tour Eiffel Invalides,Location,6,20,23,49,46.94,12.24,0.347
Best Western Tour Eiffel Invalides,Room,5,16,21,42,50.0,11.9,0.381
Best Western Tour Eiffel Invalides,Staff_Service,2,11,20,33,60.61,6.06,0.545
Best Western Tour Eiffel Invalides,Value,1,1,1,3,33.33,33.33,0.0
Bianca Maria Palace Hotel,Cleanliness,2,28,123,153,80.39,1.31,0.791
Bianca Maria Palace Hotel,Facilities,5,17,67,89,75.28,5.62,0.697
Bianca Maria Palace Hotel,Food,8,53,235,296,79.39,2.7,0.767
Bianca Maria Palace Hotel,Location,7,41,154,202,76.24,3.47,0.728
Bianca Maria Palace Hotel,Room,16,49,197,262,75.19,6.11,0.691
Bianca Maria Palace Hotel,Staff_Service,12,46,233,291,80.07,4.12,0.759
Bianca Maria Palace Hotel,Value,1,9,41,51,80.39,1.96,0.784
Bianca Maria Palace Hotel,Wellness,2,1,11,14,78.57,14.29,0.643
Bilderberg Garden Hotel,Cleanliness,8,38,50,96,52.08,8.33,0.438
Bilderberg Garden Hotel,Facilities,17,21,42,80,52.5,21.25,0.312
Bilderberg Garden Hotel,Food,21,43,101,165,61.21,12.73,0.485
Bilderberg Garden Hotel,Location,17,68,157,242,64.88,7.02,0.579
Bilderberg Garden Hotel,Room,49,78,129,256,50.39,19.14,0.312
Bilderberg Garden Hotel,Staff_Service,44,70,185,299,61.87,14.72,0.472
Bilderberg Garden Hotel,Value,18,44,47,109,43.12,16.51,0.266
Bilderberg Garden Hotel,Wellness,4,6,12,22,54.55,18.18,0.364
Bilderberg Hotel Jan Luyken,Cleanliness,3,10,38,51,74.51,5.88,0.686
Bilderberg Hotel Jan Luyken,Facilities,4,12,23,39,58.97,10.26,0.487
Bilderberg Hotel Jan Luyken,Food,5,29,67,101,66.34,4.95,0.614
Bilderberg Hotel Jan Luyken,Location,12,69,152,233,65.24,5.15,0.601
Bilderberg Hotel Jan Luyken,Room,13,66,115,194,59.28,6.7,0.526
Bilderberg Hotel Jan Luyken,Staff_Service,6,51,129,186,69.35,3.23,0.661
Bilderberg Hotel Jan Luyken,Value,6,16,25,47,53.19,12.77,0.404
Bilderberg Hotel Jan Luyken,Wellness,0,1,2,3,66.67,0.0,0.667
Blakemore Hyde Park,Cleanliness,23,116,276,415,66.51,5.54,0.61
Blakemore Hyde Park,Facilities,50,144,178,372,47.85,13.44,0.344
Blakemore Hyde Park,Food,59,231,550,840,65.48,7.02,0.585
Blakemore Hyde Park,Location,56,224,503,783,64.24,7.15,0.571
Blakemore Hyde Park,Room,114,350,719,1183,60.78,9.64,0.511
Blakemore Hyde Park,Staff_Service,91,237,780,1108,70.4,8.21,0.622
Blakemore Hyde Park,Value,33,52,133,218,61.01,15.14,0.459
Blakemore Hyde Park,Wellness,6,7,9,22,40.91,27.27,0.136
Blakes Hotel,Cleanliness,1,1,3,5,60.0,20.0,0.4
Blakes Hotel,Facilities,3,3,4,10,40.0,30.0,0.1
Blakes Hotel,Food,3,9,14,26,53.85,11.54,0.423
Blakes Hotel,Location,5,6,8,19,42.11,26.32,0.158
Blakes Hotel,Room,9,9,25,43,58.14,20.93,0.372
Blakes Hotel,Staff_Service,7,9,20,36,55.56,19.44,0.361
Blakes Hotel,Value,3,4,3,10,30.0,30.0,0.0
Blakes Hotel,Wellness,1,0,2,3,66.67,33.33,0.333
Bloomsbury Palace Hotel,Cleanliness,72,136,100,308,32.47,23.38,0.091
Bloomsbury Palace Hotel,Facilities,75,89,61,225,27.11,33.33,-0.062
Bloomsbury Palace Hotel,Food,132,268,196,596,32.89,22.15,0.107
Bloomsbury Palace Hotel,Location,137,290,203,630,32.22,21.75,0.105
Bloomsbury Palace Hotel,Room,267,429,245,941,26.04,28.37,-0.023
Bloomsbury Palace Hotel,Staff_Service,110,196,185,491,37.68,22.4,0.153
Bloomsbury Palace Hotel,Value,36,67,71,174,40.8,20.69,0.201
Bloomsbury Palace Hotel,Wellness,4,1,0,5,0.0,80.0,-0.8
BoB Hotel by Elegancia,Cleanliness,0,3,11,14,78.57,0.0,0.786
BoB Hotel by Elegancia,Facilities,0,0,8,8,100.0,0.0,1.0
BoB Hotel by Elegancia,Food,0,3,13,16,81.25,0.0,0.812
BoB Hotel by Elegancia,Location,1,2,21,24,87.5,4.17,0.833
BoB Hotel by Elegancia,Room,2,4,22,28,78.57,7.14,0.714
BoB Hotel by Elegancia,Staff_Service,2,3,28,33,84.85,6.06,0.788
BoB Hotel by Elegancia,Value,1,1,3,5,60.0,20.0,0.4
Boscolo Milano Autograph Collection,Cleanliness,7,9,5,21,23.81,33.33,-0.095
Boscolo Milano Autograph Collection,Facilities,9,7,15,31,48.39,29.03,0.194
Boscolo Milano Autograph Collection,Food,7,12,21,40,52.5,17.5,0.35
Boscolo Milano Autograph Collection,Location,16,47,51,114,44.74,14.04,0.307
Boscolo Milano Autograph Collection,Room,20,38,34,92,36.96,21.74,0.152
Boscolo Milano Autograph Collection,Staff_Service,17,27,39,83,46.99,20.48,0.265
Boscolo Milano Autograph Collection,Value,10,13,10,33,30.3,30.3,0.0
Boscolo Milano Autograph Collection,Wellness,5,17,13,35,37.14,14.29,0.229
Boundary Rooms Suites,Food,1,1,3,5,60.0,20.0,0.4
Boundary Rooms Suites,Location,0,3,2,5,40.0,0.0,0.4
Boundary Rooms Suites,Room,1,1,2,4,50.0,25.0,0.25
Boundary Rooms Suites,Staff_Service,1,2,4,7,57.14,14.29,0.429
Boutique H tel Konfidentiel,Facilities,0,2,0,2,0.0,0.0,0.0
Boutique H tel Konfidentiel,Food,1,0,2,3,66.67,33.33,0.333
Boutique H tel Konfidentiel,Location,2,1,10,13,76.92,15.38,0.615
Boutique H tel Konfidentiel,Room,2,2,9,13,69.23,15.38,0.538
Boutique H tel Konfidentiel,Staff_Service,0,2,10,12,83.33,0.0,0.833
Boutique H tel Konfidentiel,Value,1,0,1,2,50.0,50.0,0.0
Boutique Hotel Notting Hill,Cleanliness,17,23,88,128,68.75,13.28,0.555
Boutique Hotel Notting Hill,Facilities,11,17,48,76,63.16,14.47,0.487
Boutique Hotel Notting Hill,Food,10,38,109,157,69.43,6.37,0.631
Boutique Hotel Notting Hill,Location,19,62,182,263,69.2,7.22,0.62
Boutique Hotel Notting Hill,Room,46,93,209,348,60.06,13.22,0.468
Boutique Hotel Notting Hill,Staff_Service,29,62,284,375,75.73,7.73,0.68
Boutique Hotel Notting Hill,Value,9,27,51,87,58.62,10.34,0.483
Boutique Hotel Notting Hill,Wellness,2,3,4,9,44.44,22.22,0.222
Boutiquehotel Das Tyrol,Cleanliness,1,1,13,15,86.67,6.67,0.8
Boutiquehotel Das Tyrol,Facilities,0,3,18,21,85.71,0.0,0.857
Boutiquehotel Das Tyrol,Food,0,9,56,65,86.15,0.0,0.862
Boutiquehotel Das Tyrol,Location,0,7,61,68,89.71,0.0,0.897
Boutiquehotel Das Tyrol,Room,1,6,43,50,86.0,2.0,0.84
Boutiquehotel Das Tyrol,Staff_Service,0,4,84,88,95.45,0.0,0.955
Boutiquehotel Das Tyrol,Value,0,3,11,14,78.57,0.0,0.786
Boutiquehotel Das Tyrol,Wellness,0,1,16,17,94.12,0.0,0.941
Bradford Elys es Astotel,Cleanliness,2,4,11,17,64.71,11.76,0.529
Bradford Elys es Astotel,Facilities,2,3,14,19,73.68,10.53,0.632
Bradford Elys es Astotel,Food,1,4,23,28,82.14,3.57,0.786
Bradford Elys es Astotel,Location,3,8,33,44,75.0,6.82,0.682
Bradford Elys es Astotel,Room,2,4,33,39,84.62,5.13,0.795
Bradford Elys es Astotel,Staff_Service,2,4,39,45,86.67,4.44,0.822
Bradford Elys es Astotel,Value,3,1,5,9,55.56,33.33,0.222
Bradford Elys es Astotel,Wellness,0,0,1,1,100.0,0.0,1.0
Britannia International Hotel Canary Wharf,Cleanliness,265,300,237,802,29.55,33.04,-0.035
Britannia International Hotel Canary Wharf,Facilities,319,389,224,932,24.03,34.23,-0.102
Britannia International Hotel Canary Wharf,Food,336,436,341,1113,30.64,30.19,0.004
Britannia International Hotel Canary Wharf,Location,443,793,457,1693,26.99,26.17,0.008
Britannia International Hotel Canary Wharf,Room,888,1044,689,2621,26.29,33.88,-0.076
Britannia International Hotel Canary Wharf,Staff_Service,594,586,546,1726,31.63,34.41,-0.028
Britannia International Hotel Canary Wharf,Value,250,391,296,937,31.59,26.68,0.049
Britannia International Hotel Canary Wharf,Wellness,117,150,90,357,25.21,32.77,-0.076
Brunelleschi Hotel,Cleanliness,4,19,46,69,66.67,5.8,0.609
Brunelleschi Hotel,Facilities,9,41,38,88,43.18,10.23,0.33
Brunelleschi Hotel,Food,22,72,157,251,62.55,8.76,0.538
Brunelleschi Hotel,Location,29,119,194,342,56.73,8.48,0.482
Brunelleschi Hotel,Room,29,86,114,229,49.78,12.66,0.371
Brunelleschi Hotel,Staff_Service,26,78,142,246,57.72,10.57,0.472
Brunelleschi Hotel,Value,4,22,23,49,46.94,8.16,0.388
Brunelleschi Hotel,Wellness,1,2,5,8,62.5,12.5,0.5
Buddha Bar Hotel Paris,Cleanliness,1,1,2,4,50.0,25.0,0.25
Buddha Bar Hotel Paris,Facilities,1,1,7,9,77.78,11.11,0.667
Buddha Bar Hotel Paris,Food,5,4,22,31,70.97,16.13,0.548
Buddha Bar Hotel Paris,Location,5,10,29,44,65.91,11.36,0.545
Buddha Bar Hotel Paris,Room,14,8,32,54,59.26,25.93,0.333
Buddha Bar Hotel Paris,Staff_Service,9,6,54,69,78.26,13.04,0.652
Buddha Bar Hotel Paris,Value,3,4,7,14,50.0,21.43,0.286
Buddha Bar Hotel Paris,Wellness,1,1,2,4,50.0,25.0,0.25
Bulgari Hotel London,Cleanliness,0,0,1,1,100.0,0.0,1.0
Bulgari Hotel London,Facilities,0,0,2,2,100.0,0.0,1.0
Bulgari Hotel London,Food,0,0,7,7,100.0,0.0,1.0
Bulgari Hotel London,Location,0,0,8,8,100.0,0.0,1.0
Bulgari Hotel London,Room,0,0,8,8,100.0,0.0,1.0
Bulgari Hotel London,Staff_Service,0,0,18,18,100.0,0.0,1.0
Bulgari Hotel London,Value,0,0,4,4,100.0,0.0,1.0
Bulgari Hotel London,Wellness,0,0,6,6,100.0,0.0,1.0
Bulgari Hotel Milano,Cleanliness,0,1,0,1,0.0,0.0,0.0
Bulgari Hotel Milano,Facilities,0,1,0,1,0.0,0.0,0.0
Bulgari Hotel Milano,Food,0,2,3,5,60.0,0.0,0.6
Bulgari Hotel Milano,Location,0,2,4,6,66.67,0.0,0.667
Bulgari Hotel Milano,Room,1,2,0,3,0.0,33.33,-0.333
Bulgari Hotel Milano,Staff_Service,2,1,5,8,62.5,25.0,0.375
Bulgari Hotel Milano,Value,1,1,3,5,60.0,20.0,0.4
Bulgari Hotel Milano,Wellness,0,2,2,4,50.0,0.0,0.5
COMO Metropolitan London,Cleanliness,4,4,13,21,61.9,19.05,0.429
COMO Metropolitan London,Facilities,0,2,9,11,81.82,0.0,0.818
COMO Metropolitan London,Food,2,10,31,43,72.09,4.65,0.674
COMO Metropolitan London,Location,1,14,47,62,75.81,1.61,0.742
COMO Metropolitan London,Room,3,19,48,70,68.57,4.29,0.643
COMO Metropolitan London,Staff_Service,4,12,54,70,77.14,5.71,0.714
COMO Metropolitan London,Value,2,9,9,20,45.0,10.0,0.35
COMO Metropolitan London,Wellness,1,1,5,7,71.43,14.29,0.571
COMO The Halkin,Cleanliness,0,0,2,2,100.0,0.0,1.0
COMO The Halkin,Facilities,0,0,3,3,100.0,0.0,1.0
COMO The Halkin,Food,0,1,9,10,90.0,0.0,0.9
COMO The Halkin,Location,0,2,6,8,75.0,0.0,0.75
COMO The Halkin,Room,0,1,6,7,85.71,0.0,0.857
COMO The Halkin,Staff_Service,2,1,17,20,85.0,10.0,0.75
COMO The Halkin,Value,1,0,1,2,50.0,50.0,0.0
COQ Hotel Paris,Cleanliness,0,11,34,45,75.56,0.0,0.756
COQ Hotel Paris,Facilities,1,4,20,25,80.0,4.0,0.76
COQ Hotel Paris,Food,2,11,102,115,88.7,1.74,0.87
COQ Hotel Paris,Location,0,9,88,97,90.72,0.0,0.907
COQ Hotel Paris,Room,6,24,98,128,76.56,4.69,0.719
COQ Hotel Paris,Staff_Service,4,15,100,119,84.03,3.36,0.807
COQ Hotel Paris,Value,1,8,21,30,70.0,3.33,0.667
COQ Hotel Paris,Wellness,0,0,2,2,100.0,0.0,1.0
Ca Bianca Hotel Corte Del Naviglio,Cleanliness,6,2,6,14,42.86,42.86,0.0
Ca Bianca Hotel Corte Del Naviglio,Facilities,1,10,14,25,56.0,4.0,0.52
Ca Bianca Hotel Corte Del Naviglio,Food,3,7,25,35,71.43,8.57,0.629
Ca Bianca Hotel Corte Del Naviglio,Location,4,9,15,28,53.57,14.29,0.393
Ca Bianca Hotel Corte Del Naviglio,Room,7,13,13,33,39.39,21.21,0.182
Ca Bianca Hotel Corte Del Naviglio,Staff_Service,3,7,22,32,68.75,9.38,0.594
Ca Bianca Hotel Corte Del Naviglio,Value,1,3,11,15,73.33,6.67,0.667
Caesar Hotel,Cleanliness,5,17,54,76,71.05,6.58,0.645
Caesar Hotel,Facilities,3,8,21,32,65.62,9.38,0.562
Caesar Hotel,Food,7,15,44,66,66.67,10.61,0.561
Caesar Hotel,Location,7,48,105,160,65.62,4.38,0.612
Caesar Hotel,Room,16,59,121,196,61.73,8.16,0.536
Caesar Hotel,Staff_Service,11,34,119,164,72.56,6.71,0.659
Caesar Hotel,Value,3,15,21,39,53.85,7.69,0.462
Caesar Hotel,Wellness,0,1,2,3,66.67,0.0,0.667
Camperio House Suites Apartments,Cleanliness,2,3,22,27,81.48,7.41,0.741
Camperio House Suites Apartments,Facilities,0,4,15,19,78.95,0.0,0.789
Camperio House Suites Apartments,Food,3,8,50,61,81.97,4.92,0.77
Camperio House Suites Apartments,Location,2,15,72,89,80.9,2.25,0.787
Camperio House Suites Apartments,Room,4,14,60,78,76.92,5.13,0.718
Camperio House Suites Apartments,Staff_Service,4,10,61,75,81.33,5.33,0.76
Camperio House Suites Apartments,Value,1,4,2,7,28.57,14.29,0.143
Camperio House Suites Apartments,Wellness,0,0,1,1,100.0,0.0,1.0
Canal House,Cleanliness,0,0,7,7,100.0,0.0,1.0
Canal House,Facilities,0,1,13,14,92.86,0.0,0.929
Canal House,Food,2,7,56,65,86.15,3.08,0.831
Canal House,Location,2,9,76,87,87.36,2.3,0.851
Canal House,Room,4,15,74,93,79.57,4.3,0.753
Canal House,Staff_Service,2,8,110,120,91.67,1.67,0.9
Canal House,Value,3,4,9,16,56.25,18.75,0.375
Canal House,Wellness,0,0,5,5,100.0,0.0,1.0
Canary Riverside Plaza Hotel,Cleanliness,1,3,7,11,63.64,9.09,0.545
Canary Riverside Plaza Hotel,Facilities,1,7,14,22,63.64,4.55,0.591
Canary Riverside Plaza Hotel,Food,4,7,20,31,64.52,12.9,0.516
Canary Riverside Plaza Hotel,Location,5,8,27,40,67.5,12.5,0.55
Canary Riverside Plaza Hotel,Room,7,13,44,64,68.75,10.94,0.578
Canary Riverside Plaza Hotel,Staff_Service,5,10,76,91,83.52,5.49,0.78
Canary Riverside Plaza Hotel,Value,2,4,14,20,70.0,10.0,0.6
Canary Riverside Plaza Hotel,Wellness,2,1,10,13,76.92,15.38,0.615
Capri by Fraser Barcelona,Cleanliness,2,34,125,161,77.64,1.24,0.764
Capri by Fraser Barcelona,Facilities,2,17,58,77,75.32,2.6,0.727
Capri by Fraser Barcelona,Food,4,32,104,140,74.29,2.86,0.714
Capri by Fraser Barcelona,Location,2,53,167,222,75.23,0.9,0.743
Capri by Fraser Barcelona,Room,11,51,174,236,73.73,4.66,0.691
Capri by Fraser Barcelona,Staff_Service,8,41,189,238,79.41,3.36,0.761
Capri by Fraser Barcelona,Value,3,18,40,61,65.57,4.92,0.607
Capri by Fraser Barcelona,Wellness,0,4,22,26,84.62,0.0,0.846
Carlyle Brera Hotel,Cleanliness,5,7,18,30,60.0,16.67,0.433
Carlyle Brera Hotel,Facilities,4,22,28,54,51.85,7.41,0.444
Carlyle Brera Hotel,Food,2,30,59,91,64.84,2.2,0.626
Carlyle Brera Hotel,Location,5,48,80,133,60.15,3.76,0.564
Carlyle Brera Hotel,Room,10,40,51,101,50.5,9.9,0.406
Carlyle Brera Hotel,Staff_Service,8,34,71,113,62.83,7.08,0.558
Carlyle Brera Hotel,Value,1,5,3,9,33.33,11.11,0.222
Carlyle Brera Hotel,Wellness,1,1,1,3,33.33,33.33,0.0
Castille Paris Starhotels Collezione,Cleanliness,3,5,7,15,46.67,20.0,0.267
Castille Paris Starhotels Collezione,Facilities,3,3,15,21,71.43,14.29,0.571
Castille Paris Starhotels Collezione,Food,4,8,26,38,68.42,10.53,0.579
Castille Paris Starhotels Collezione,Location,10,20,60,90,66.67,11.11,0.556
Castille Paris Starhotels Collezione,Room,8,17,46,71,64.79,11.27,0.535
Castille Paris Starhotels Collezione,Staff_Service,5,14,67,86,77.91,5.81,0.721
Castille Paris Starhotels Collezione,Value,5,4,12,21,57.14,23.81,0.333
Castille Paris Starhotels Collezione,Wellness,0,0,3,3,100.0,0.0,1.0
Catalonia Atenas,Cleanliness,15,60,134,209,64.11,7.18,0.569
Catalonia Atenas,Facilities,21,50,104,175,59.43,12.0,0.474
Catalonia Atenas,Food,26,94,219,339,64.6,7.67,0.569
Catalonia Atenas,Location,24,123,293,440,66.59,5.45,0.611
Catalonia Atenas,Room,68,166,270,504,53.57,13.49,0.401
Catalonia Atenas,Staff_Service,48,121,356,525,67.81,9.14,0.587
Catalonia Atenas,Value,23,43,78,144,54.17,15.97,0.382
Catalonia Atenas,Wellness,24,107,236,367,64.31,6.54,0.578
Catalonia Barcelona 505,Cleanliness,3,5,15,23,65.22,13.04,0.522
Catalonia Barcelona 505,Facilities,3,4,7,14,50.0,21.43,0.286
Catalonia Barcelona 505,Food,4,9,25,38,65.79,10.53,0.553
Catalonia Barcelona 505,Location,4,12,16,32,50.0,12.5,0.375
Catalonia Barcelona 505,Room,10,23,30,63,47.62,15.87,0.317
Catalonia Barcelona 505,Staff_Service,10,14,41,65,63.08,15.38,0.477
Catalonia Barcelona 505,Value,3,6,10,19,52.63,15.79,0.368
Catalonia Barcelona 505,Wellness,4,6,14,24,58.33,16.67,0.417
Catalonia Barcelona Plaza,Cleanliness,20,30,71,121,58.68,16.53,0.421
Catalonia Barcelona Plaza,Facilities,22,33,58,113,51.33,19.47,0.319
Catalonia Barcelona Plaza,Food,21,66,139,226,61.5,9.29,0.522
Catalonia Barcelona Plaza,Location,49,131,321,501,64.07,9.78,0.543
Catalonia Barcelona Plaza,Room,70,115,274,459,59.69,15.25,0.444
Catalonia Barcelona Plaza,Staff_Service,60,97,258,415,62.17,14.46,0.477
Catalonia Barcelona Plaza,Value,22,30,50,102,49.02,21.57,0.275
Catalonia Barcelona Plaza,Wellness,20,73,206,299,68.9,6.69,0.622
Catalonia Born,Cleanliness,3,10,59,72,81.94,4.17,0.778
Catalonia Born,Facilities,2,9,37,48,77.08,4.17,0.729
Catalonia Born,Food,4,18,111,133,83.46,3.01,0.805
Catalonia Born,Location,7,54,197,258,76.36,2.71,0.736
Catalonia Born,Room,11,44,149,204,73.04,5.39,0.676
Catalonia Born,Staff_Service,12,36,187,235,79.57,5.11,0.745
Catalonia Born,Value,2,6,30,38,78.95,5.26,0.737
Catalonia Born,Wellness,2,16,56,74,75.68,2.7,0.73
Catalonia Catedral,Cleanliness,1,21,82,104,78.85,0.96,0.779
Catalonia Catedral,Facilities,2,10,31,43,72.09,4.65,0.674
Catalonia Catedral,Food,2,27,134,163,82.21,1.23,0.81
Catalonia Catedral,Location,2,50,263,315,83.49,0.63,0.829
Catalonia Catedral,Room,6,33,155,194,79.9,3.09,0.768
Catalonia Catedral,Staff_Service,4,37,241,282,85.46,1.42,0.84
Catalonia Catedral,Value,2,19,33,54,61.11,3.7,0.574
Catalonia Catedral,Wellness,2,17,62,81,76.54,2.47,0.741
Catalonia Diagonal Centro,Cleanliness,0,16,29,45,64.44,0.0,0.644
Catalonia Diagonal Centro,Facilities,5,13,13,31,41.94,16.13,0.258
Catalonia Diagonal Centro,Food,5,19,40,64,62.5,7.81,0.547
Catalonia Diagonal Centro,Location,10,48,70,128,54.69,7.81,0.469
Catalonia Diagonal Centro,Room,19,38,72,129,55.81,14.73,0.411
Catalonia Diagonal Centro,Staff_Service,12,29,70,111,63.06,10.81,0.523
Catalonia Diagonal Centro,Value,2,10,16,28,57.14,7.14,0.5
Catalonia Diagonal Centro,Wellness,3,13,23,39,58.97,7.69,0.513
Catalonia Eixample 1864,Cleanliness,4,18,42,64,65.62,6.25,0.594
Catalonia Eixample 1864,Facilities,5,27,30,62,48.39,8.06,0.403
Catalonia Eixample 1864,Food,5,37,81,123,65.85,4.07,0.618
Catalonia Eixample 1864,Location,14,69,145,228,63.6,6.14,0.575
Catalonia Eixample 1864,Room,22,70,120,212,56.6,10.38,0.462
Catalonia Eixample 1864,Staff_Service,15,59,148,222,66.67,6.76,0.599
Catalonia Eixample 1864,Value,5,18,27,50,54.0,10.0,0.44
Catalonia Eixample 1864,Wellness,3,41,77,121,63.64,2.48,0.612
Catalonia La Pedrera,Cleanliness,2,9,25,36,69.44,5.56,0.639
Catalonia La Pedrera,Facilities,0,11,14,25,56.0,0.0,0.56
Catalonia La Pedrera,Food,2,14,26,42,61.9,4.76,0.571
Catalonia La Pedrera,Location,3,23,49,75,65.33,4.0,0.613
Catalonia La Pedrera,Room,5,25,41,71,57.75,7.04,0.507
Catalonia La Pedrera,Staff_Service,3,20,61,84,72.62,3.57,0.69
Catalonia La Pedrera,Value,3,8,15,26,57.69,11.54,0.462
Catalonia La Pedrera,Wellness,1,9,19,29,65.52,3.45,0.621
Catalonia Magdalenes,Cleanliness,0,4,68,72,94.44,0.0,0.944
Catalonia Magdalenes,Facilities,0,2,27,29,93.1,0.0,0.931
Catalonia Magdalenes,Food,3,7,99,109,90.83,2.75,0.881
Catalonia Magdalenes,Location,0,14,170,184,92.39,0.0,0.924
Catalonia Magdalenes,Room,2,10,104,116,89.66,1.72,0.879
Catalonia Magdalenes,Staff_Service,0,8,183,191,95.81,0.0,0.958
Catalonia Magdalenes,Value,1,6,25,32,78.12,3.12,0.75
Catalonia Magdalenes,Wellness,0,7,83,90,92.22,0.0,0.922
Catalonia Park Putxet,Cleanliness,11,40,52,103,50.49,10.68,0.398
Catalonia Park Putxet,Facilities,6,24,37,67,55.22,8.96,0.463
Catalonia Park Putxet,Food,15,42,71,128,55.47,11.72,0.438
Catalonia Park Putxet,Location,17,60,82,159,51.57,10.69,0.409
Catalonia Park Putxet,Room,29,89,107,225,47.56,12.89,0.347
Catalonia Park Putxet,Staff_Service,26,68,119,213,55.87,12.21,0.437
Catalonia Park Putxet,Value,6,21,36,63,57.14,9.52,0.476
Catalonia Park Putxet,Wellness,13,52,69,134,51.49,9.7,0.418
Catalonia Passeig de Gr cia 4 Sup,Cleanliness,2,15,56,73,76.71,2.74,0.74
Catalonia Passeig de Gr cia 4 Sup,Facilities,0,6,30,36,83.33,0.0,0.833
Catalonia Passeig de Gr cia 4 Sup,Food,0,24,135,159,84.91,0.0,0.849
Catalonia Passeig de Gr cia 4 Sup,Location,5,52,240,297,80.81,1.68,0.791
Catalonia Passeig de Gr cia 4 Sup,Room,9,48,166,223,74.44,4.04,0.704
Catalonia Passeig de Gr cia 4 Sup,Staff_Service,5,40,244,289,84.43,1.73,0.827
Catalonia Passeig de Gr cia 4 Sup,Value,2,16,28,46,60.87,4.35,0.565
Catalonia Passeig de Gr cia 4 Sup,Wellness,4,13,36,53,67.92,7.55,0.604
Catalonia Plaza Catalunya,Cleanliness,10,32,100,142,70.42,7.04,0.634
Catalonia Plaza Catalunya,Facilities,13,34,65,112,58.04,11.61,0.464
Catalonia Plaza Catalunya,Food,18,63,180,261,68.97,6.9,0.621
Catalonia Plaza Catalunya,Location,44,149,402,595,67.56,7.39,0.602
Catalonia Plaza Catalunya,Room,52,101,307,460,66.74,11.3,0.554
Catalonia Plaza Catalunya,Staff_Service,35,78,349,462,75.54,7.58,0.68
Catalonia Plaza Catalunya,Value,9,34,84,127,66.14,7.09,0.591
Catalonia Plaza Catalunya,Wellness,11,50,125,186,67.2,5.91,0.613
Catalonia Port,Cleanliness,0,3,25,28,89.29,0.0,0.893
Catalonia Port,Facilities,1,2,20,23,86.96,4.35,0.826
Catalonia Port,Food,2,3,44,49,89.8,4.08,0.857
Catalonia Port,Location,6,12,88,106,83.02,5.66,0.774
Catalonia Port,Room,5,8,67,80,83.75,6.25,0.775
Catalonia Port,Staff_Service,2,9,100,111,90.09,1.8,0.883
Catalonia Port,Value,3,2,12,17,70.59,17.65,0.529
Catalonia Port,Wellness,0,4,26,30,86.67,0.0,0.867
Catalonia Ramblas 4 Sup,Cleanliness,10,24,84,118,71.19,8.47,0.627
Catalonia Ramblas 4 Sup,Facilities,10,29,68,107,63.55,9.35,0.542
Catalonia Ramblas 4 Sup,Food,16,50,140,206,67.96,7.77,0.602
Catalonia Ramblas 4 Sup,Location,32,128,349,509,68.57,6.29,0.623
Catalonia Ramblas 4 Sup,Room,47,118,263,428,61.45,10.98,0.505
Catalonia Ramblas 4 Sup,Staff_Service,38,99,337,474,71.1,8.02,0.631
Catalonia Ramblas 4 Sup,Value,15,36,58,109,53.21,13.76,0.394
Catalonia Ramblas 4 Sup,Wellness,19,62,150,231,64.94,8.23,0.567
Catalonia Rigoletto,Cleanliness,2,11,38,51,74.51,3.92,0.706
Catalonia Rigoletto,Facilities,4,10,12,26,46.15,15.38,0.308
Catalonia Rigoletto,Food,8,17,57,82,69.51,9.76,0.598
Catalonia Rigoletto,Location,3,24,78,105,74.29,2.86,0.714
Catalonia Rigoletto,Room,13,28,95,136,69.85,9.56,0.603
Catalonia Rigoletto,Staff_Service,10,17,93,120,77.5,8.33,0.692
Catalonia Rigoletto,Value,1,7,24,32,75.0,3.12,0.719
Catalonia Rigoletto,Wellness,0,7,20,27,74.07,0.0,0.741
Catalonia Square 4 Sup,Cleanliness,0,7,84,91,92.31,0.0,0.923
Catalonia Square 4 Sup,Facilities,0,5,31,36,86.11,0.0,0.861
Catalonia Square 4 Sup,Food,2,9,127,138,92.03,1.45,0.906
Catalonia Square 4 Sup,Location,1,27,229,257,89.11,0.39,0.887
Catalonia Square 4 Sup,Room,2,20,142,164,86.59,1.22,0.854
Catalonia Square 4 Sup,Staff_Service,3,20,254,277,91.7,1.08,0.906
Catalonia Square 4 Sup,Value,0,6,35,41,85.37,0.0,0.854
Catalonia Square 4 Sup,Wellness,0,3,42,45,93.33,0.0,0.933
Ch teau Monfort Relais Ch teaux,Cleanliness,0,5,20,25,80.0,0.0,0.8
Ch teau Monfort Relais Ch teaux,Facilities,1,6,18,25,72.0,4.0,0.68
Ch teau Monfort Relais Ch teaux,Food,3,9,66,78,84.62,3.85,0.808
Ch teau Monfort Relais Ch teaux,Location,2,14,60,76,78.95,2.63,0.763
Ch teau Monfort Relais Ch teaux,Room,4,15,55,74,74.32,5.41,0.689
Ch teau Monfort Relais Ch teaux,Staff_Service,3,11,129,143,90.21,2.1,0.881
Ch teau Monfort Relais Ch teaux,Value,3,11,11,25,44.0,12.0,0.32
Ch teau Monfort Relais Ch teaux,Wellness,1,6,34,41,82.93,2.44,0.805
Chambiges Elys es,Cleanliness,1,3,18,22,81.82,4.55,0.773
Chambiges Elys es,Facilities,1,2,12,15,80.0,6.67,0.733
Chambiges Elys es,Food,1,18,56,75,74.67,1.33,0.733
Chambiges Elys es,Location,4,17,83,104,79.81,3.85,0.76
Chambiges Elys es,Room,6,14,68,88,77.27,6.82,0.705
Chambiges Elys es,Staff_Service,4,10,75,89,84.27,4.49,0.798
Chambiges Elys es,Value,0,3,7,10,70.0,0.0,0.7
Chambiges Elys es,Wellness,0,1,0,1,0.0,0.0,0.0
Charlotte Street Hotel,Cleanliness,0,1,10,11,90.91,0.0,0.909
Charlotte Street Hotel,Facilities,0,2,10,12,83.33,0.0,0.833
Charlotte Street Hotel,Food,0,5,43,48,89.58,0.0,0.896
Charlotte Street Hotel,Location,0,5,31,36,86.11,0.0,0.861
Charlotte Street Hotel,Room,1,7,66,74,89.19,1.35,0.878
Charlotte Street Hotel,Staff_Service,1,2,78,81,96.3,1.23,0.951
Charlotte Street Hotel,Value,0,1,8,9,88.89,0.0,0.889
Charlotte Street Hotel,Wellness,0,0,3,3,100.0,0.0,1.0
Chasse Hotel,Cleanliness,1,2,24,27,88.89,3.7,0.852
Chasse Hotel,Facilities,0,4,10,14,71.43,0.0,0.714
Chasse Hotel,Food,2,7,32,41,78.05,4.88,0.732
Chasse Hotel,Location,0,3,31,34,91.18,0.0,0.912
Chasse Hotel,Room,3,14,70,87,80.46,3.45,0.77
Chasse Hotel,Staff_Service,1,11,60,72,83.33,1.39,0.819
Chasse Hotel,Value,2,4,7,13,53.85,15.38,0.385
Chasse Hotel,Wellness,0,0,4,4,100.0,0.0,1.0
Chateau Frontenac,Cleanliness,0,9,17,26,65.38,0.0,0.654
Chateau Frontenac,Facilities,3,8,14,25,56.0,12.0,0.44
Chateau Frontenac,Food,3,3,25,31,80.65,9.68,0.71
Chateau Frontenac,Location,8,29,74,111,66.67,7.21,0.595
Chateau Frontenac,Room,13,18,40,71,56.34,18.31,0.38
Chateau Frontenac,Staff_Service,11,14,62,87,71.26,12.64,0.586
Chateau Frontenac,Value,3,0,6,9,66.67,33.33,0.333
Chateau Frontenac,Wellness,0,1,3,4,75.0,0.0,0.75
Chiswick Rooms,Cleanliness,7,54,83,144,57.64,4.86,0.528
Chiswick Rooms,Facilities,9,31,44,84,52.38,10.71,0.417
Chiswick Rooms,Food,1,10,18,29,62.07,3.45,0.586
Chiswick Rooms,Location,13,56,62,131,47.33,9.92,0.374
Chiswick Rooms,Room,26,89,79,194,40.72,13.4,0.273
Chiswick Rooms,Staff_Service,9,26,66,101,65.35,8.91,0.564
Chiswick Rooms,Value,7,20,30,57,52.63,12.28,0.404
City Hotel Deutschmeister,Cleanliness,0,3,12,15,80.0,0.0,0.8
City Hotel Deutschmeister,Facilities,4,9,13,26,50.0,15.38,0.346
City Hotel Deutschmeister,Food,6,14,22,42,52.38,14.29,0.381
City Hotel Deutschmeister,Location,5,15,30,50,60.0,10.0,0.5
City Hotel Deutschmeister,Room,3,14,23,40,57.5,7.5,0.5
City Hotel Deutschmeister,Staff_Service,3,9,22,34,64.71,8.82,0.559
City Hotel Deutschmeister,Value,4,4,7,15,46.67,26.67,0.2
City Rooms,Cleanliness,2,10,6,18,33.33,11.11,0.222
City Rooms,Facilities,3,3,3,9,33.33,33.33,0.0
City Rooms,Food,2,4,3,9,33.33,22.22,0.111
City Rooms,Location,3,10,8,21,38.1,14.29,0.238
City Rooms,Room,3,15,9,27,33.33,11.11,0.222
City Rooms,Staff_Service,4,8,5,17,29.41,23.53,0.059
City Rooms,Value,1,6,3,10,30.0,10.0,0.2
Claridge s,Cleanliness,0,1,5,6,83.33,0.0,0.833
Claridge s,Facilities,3,1,8,12,66.67,25.0,0.417
Claridge s,Food,5,6,27,38,71.05,13.16,0.579
Claridge s,Location,3,7,11,21,52.38,14.29,0.381
Claridge s,Room,6,17,33,56,58.93,10.71,0.482
Claridge s,Staff_Service,8,14,77,99,77.78,8.08,0.697
Claridge s,Value,1,3,13,17,76.47,5.88,0.706
Claridge s,Wellness,0,0,1,1,100.0,0.0,1.0
Claris Hotel Spa GL,Cleanliness,5,5,15,25,60.0,20.0,0.4
Claris Hotel Spa GL,Facilities,2,4,16,22,72.73,9.09,0.636
Claris Hotel Spa GL,Food,5,9,37,51,72.55,9.8,0.627
Claris Hotel Spa GL,Location,11,30,81,122,66.39,9.02,0.574
Claris Hotel Spa GL,Room,16,30,67,113,59.29,14.16,0.451
Claris Hotel Spa GL,Staff_Service,12,27,109,148,73.65,8.11,0.655
Claris Hotel Spa GL,Value,4,5,16,25,64.0,16.0,0.48
Claris Hotel Spa GL,Wellness,1,5,19,25,76.0,4.0,0.72
Clayton Crown Hotel London,Cleanliness,25,76,139,240,57.92,10.42,0.475
Clayton Crown Hotel London,Facilities,33,59,102,194,52.58,17.01,0.356
Clayton Crown Hotel London,Food,33,126,197,356,55.34,9.27,0.461
Clayton Crown Hotel London,Location,24,112,199,335,59.4,7.16,0.522
Clayton Crown Hotel London,Room,88,169,282,539,52.32,16.33,0.36
Clayton Crown Hotel London,Staff_Service,63,140,302,505,59.8,12.48,0.473
Clayton Crown Hotel London,Value,20,61,78,159,49.06,12.58,0.365
Clayton Crown Hotel London,Wellness,18,59,92,169,54.44,10.65,0.438
Clayton Hotel Chiswick,Cleanliness,13,60,117,190,61.58,6.84,0.547
Clayton Hotel Chiswick,Facilities,15,44,78,137,56.93,10.95,0.46
Clayton Hotel Chiswick,Food,21,94,169,284,59.51,7.39,0.521
Clayton Hotel Chiswick,Location,21,74,161,256,62.89,8.2,0.547
Clayton Hotel Chiswick,Room,59,172,335,566,59.19,10.42,0.488
Clayton Hotel Chiswick,Staff_Service,43,100,231,374,61.76,11.5,0.503
Clayton Hotel Chiswick,Value,9,32,62,103,60.19,8.74,0.515
Clayton Hotel Chiswick,Wellness,1,2,11,14,78.57,7.14,0.714
Club Hotel Cortina,Cleanliness,1,2,11,14,78.57,7.14,0.714
Club Hotel Cortina,Facilities,0,5,9,14,64.29,0.0,0.643
Club Hotel Cortina,Food,1,5,8,14,57.14,7.14,0.5
Club Hotel Cortina,Location,1,3,15,19,78.95,5.26,0.737
Club Hotel Cortina,Room,4,8,19,31,61.29,12.9,0.484
Club Hotel Cortina,Staff_Service,2,5,17,24,70.83,8.33,0.625
Club Hotel Cortina,Value,0,4,7,11,63.64,0.0,0.636
Club Hotel Cortina,Wellness,0,1,0,1,0.0,0.0,0.0
Club Quarters Hotel Gracechurch,Cleanliness,11,54,112,177,63.28,6.21,0.571
Club Quarters Hotel Gracechurch,Facilities,11,50,117,178,65.73,6.18,0.596
Club Quarters Hotel Gracechurch,Food,20,50,109,179,60.89,11.17,0.497
Club Quarters Hotel Gracechurch,Location,37,176,382,595,64.2,6.22,0.58
Club Quarters Hotel Gracechurch,Room,56,181,330,567,58.2,9.88,0.483
Club Quarters Hotel Gracechurch,Staff_Service,33,102,260,395,65.82,8.35,0.575
Club Quarters Hotel Gracechurch,Value,16,56,104,176,59.09,9.09,0.5
Club Quarters Hotel Gracechurch,Wellness,3,10,8,21,38.1,14.29,0.238
Club Quarters Hotel Lincoln s Inn Fields,Cleanliness,3,27,169,199,84.92,1.51,0.834
Club Quarters Hotel Lincoln s Inn Fields,Facilities,9,30,104,143,72.73,6.29,0.664
Club Quarters Hotel Lincoln s Inn Fields,Food,6,28,120,154,77.92,3.9,0.74
Club Quarters Hotel Lincoln s Inn Fields,Location,10,117,568,695,81.73,1.44,0.803
Club Quarters Hotel Lincoln s Inn Fields,Room,19,134,404,557,72.53,3.41,0.691
Club Quarters Hotel Lincoln s Inn Fields,Staff_Service,9,76,432,517,83.56,1.74,0.818
Club Quarters Hotel Lincoln s Inn Fields,Value,3,30,82,115,71.3,2.61,0.687
Club Quarters Hotel Lincoln s Inn Fields,Wellness,0,1,6,7,85.71,0.0,0.857
Club Quarters Hotel St Paul s,Cleanliness,13,56,173,242,71.49,5.37,0.661
Club Quarters Hotel St Paul s,Facilities,20,66,165,251,65.74,7.97,0.578
Club Quarters Hotel St Paul s,Food,14,40,152,206,73.79,6.8,0.67
Club Quarters Hotel St Paul s,Location,49,259,665,973,68.35,5.04,0.633
Club Quarters Hotel St Paul s,Room,75,241,529,845,62.6,8.88,0.537
Club Quarters Hotel St Paul s,Staff_Service,38,132,496,666,74.47,5.71,0.688
Club Quarters Hotel St Paul s,Value,20,58,126,204,61.76,9.8,0.52
Club Quarters Hotel St Paul s,Wellness,4,0,22,26,84.62,15.38,0.692
Club Quarters Hotel Trafalgar Square,Cleanliness,6,29,95,130,73.08,4.62,0.685
Club Quarters Hotel Trafalgar Square,Facilities,15,33,73,121,60.33,12.4,0.479
Club Quarters Hotel Trafalgar Square,Food,8,44,85,137,62.04,5.84,0.562
Club Quarters Hotel Trafalgar Square,Location,34,168,409,611,66.94,5.56,0.614
Club Quarters Hotel Trafalgar Square,Room,45,162,272,479,56.78,9.39,0.474
Club Quarters Hotel Trafalgar Square,Staff_Service,28,95,250,373,67.02,7.51,0.595
Club Quarters Hotel Trafalgar Square,Value,14,47,106,167,63.47,8.38,0.551
Club Quarters Hotel Trafalgar Square,Wellness,0,4,3,7,42.86,0.0,0.429
Col n Hotel Barcelona,Cleanliness,2,8,33,43,76.74,4.65,0.721
Col n Hotel Barcelona,Facilities,1,9,34,44,77.27,2.27,0.75
Col n Hotel Barcelona,Food,2,16,65,83,78.31,2.41,0.759
Col n Hotel Barcelona,Location,12,55,201,268,75.0,4.48,0.705
Col n Hotel Barcelona,Room,15,35,143,193,74.09,7.77,0.663
Col n Hotel Barcelona,Staff_Service,9,30,150,189,79.37,4.76,0.746
Col n Hotel Barcelona,Value,3,13,31,47,65.96,6.38,0.596
Col n Hotel Barcelona,Wellness,0,11,37,48,77.08,0.0,0.771
Colombia,Cleanliness,2,6,26,34,76.47,5.88,0.706
Colombia,Facilities,3,9,15,27,55.56,11.11,0.444
Colombia,Food,4,15,32,51,62.75,7.84,0.549
Colombia,Location,3,29,69,101,68.32,2.97,0.653
Colombia,Room,7,23,40,70,57.14,10.0,0.471
Colombia,Staff_Service,3,14,37,54,68.52,5.56,0.63
Colombia,Value,2,5,15,22,68.18,9.09,0.591
Colombia,Wellness,0,3,4,7,57.14,0.0,0.571
Comfort Inn Suites Kings Cross St Pancras,Cleanliness,4,26,93,123,75.61,3.25,0.724
Comfort Inn Suites Kings Cross St Pancras,Facilities,4,22,49,75,65.33,5.33,0.6
Comfort Inn Suites Kings Cross St Pancras,Food,16,41,109,166,65.66,9.64,0.56
Comfort Inn Suites Kings Cross St Pancras,Location,19,67,147,233,63.09,8.15,0.549
Comfort Inn Suites Kings Cross St Pancras,Room,30,79,151,260,58.08,11.54,0.465
Comfort Inn Suites Kings Cross St Pancras,Staff_Service,10,50,125,185,67.57,5.41,0.622
Comfort Inn Suites Kings Cross St Pancras,Value,5,13,31,49,63.27,10.2,0.531
Commodore Hotel,Cleanliness,89,63,36,188,19.15,47.34,-0.282
Commodore Hotel,Facilities,55,65,28,148,18.92,37.16,-0.182
Commodore Hotel,Food,50,46,49,145,33.79,34.48,-0.007
Commodore Hotel,Location,121,203,162,486,33.33,24.9,0.084
Commodore Hotel,Room,222,262,147,631,23.3,35.18,-0.119
Commodore Hotel,Staff_Service,120,138,142,400,35.5,30.0,0.055
Commodore Hotel,Value,42,56,40,138,28.99,30.43,-0.014
Commodore Hotel,Wellness,4,4,2,10,20.0,40.0,-0.2
Condes de Barcelona,Cleanliness,3,10,22,35,62.86,8.57,0.543
Condes de Barcelona,Facilities,4,5,14,23,60.87,17.39,0.435
Condes de Barcelona,Food,4,13,44,61,72.13,6.56,0.656
Condes de Barcelona,Location,15,32,129,176,73.3,8.52,0.648
Condes de Barcelona,Room,13,40,66,119,55.46,10.92,0.445
Condes de Barcelona,Staff_Service,11,27,82,120,68.33,9.17,0.592
Condes de Barcelona,Value,3,2,24,29,82.76,10.34,0.724
Condes de Barcelona,Wellness,0,6,20,26,76.92,0.0,0.769
Conrad London St James,Cleanliness,1,16,29,46,63.04,2.17,0.609
Conrad London St James,Facilities,2,4,21,27,77.78,7.41,0.704
Conrad London St James,Food,4,30,69,103,66.99,3.88,0.631
Conrad London St James,Location,3,32,104,139,74.82,2.16,0.727
Conrad London St James,Room,6,51,114,171,66.67,3.51,0.632
Conrad London St James,Staff_Service,4,28,164,196,83.67,2.04,0.816
Conrad London St James,Value,4,14,25,43,58.14,9.3,0.488
Conrad London St James,Wellness,1,3,7,11,63.64,9.09,0.545
Conservatorium Hotel,Cleanliness,1,0,4,5,80.0,20.0,0.6
Conservatorium Hotel,Facilities,2,1,10,13,76.92,15.38,0.615
Conservatorium Hotel,Food,3,4,36,43,83.72,6.98,0.767
Conservatorium Hotel,Location,0,9,39,48,81.25,0.0,0.812
Conservatorium Hotel,Room,4,12,39,55,70.91,7.27,0.636
Conservatorium Hotel,Staff_Service,3,8,69,80,86.25,3.75,0.825
Conservatorium Hotel,Value,1,1,10,12,83.33,8.33,0.75
Conservatorium Hotel,Wellness,0,3,13,16,81.25,0.0,0.812
Copthorne Tara Hotel London Kensington,Cleanliness,50,168,251,469,53.52,10.66,0.429
Copthorne Tara Hotel London Kensington,Facilities,84,256,260,600,43.33,14.0,0.293
Copthorne Tara Hotel London Kensington,Food,98,373,611,1082,56.47,9.06,0.474
Copthorne Tara Hotel London Kensington,Location,138,623,755,1516,49.8,9.1,0.407
Copthorne Tara Hotel London Kensington,Room,263,737,787,1787,44.04,14.72,0.293
Copthorne Tara Hotel London Kensington,Staff_Service,170,540,930,1640,56.71,10.37,0.463
Copthorne Tara Hotel London Kensington,Value,52,180,251,483,51.97,10.77,0.412
Copthorne Tara Hotel London Kensington,Wellness,1,10,4,15,26.67,6.67,0.2
Cordial Theaterhotel Wien,Cleanliness,0,0,12,12,100.0,0.0,1.0
Cordial Theaterhotel Wien,Facilities,2,6,5,13,38.46,15.38,0.231
Cordial Theaterhotel Wien,Food,0,2,20,22,90.91,0.0,0.909
Cordial Theaterhotel Wien,Location,2,6,23,31,74.19,6.45,0.677
Cordial Theaterhotel Wien,Room,2,8,22,32,68.75,6.25,0.625
Cordial Theaterhotel Wien,Staff_Service,0,7,21,28,75.0,0.0,0.75
Cordial Theaterhotel Wien,Value,1,3,4,8,50.0,12.5,0.375
Cordial Theaterhotel Wien,Wellness,0,0,1,1,100.0,0.0,1.0
Corendon Vitality Hotel Amsterdam,Cleanliness,10,55,156,221,70.59,4.52,0.661
Corendon Vitality Hotel Amsterdam,Facilities,8,38,120,166,72.29,4.82,0.675
Corendon Vitality Hotel Amsterdam,Food,25,68,211,304,69.41,8.22,0.612
Corendon Vitality Hotel Amsterdam,Location,9,80,174,263,66.16,3.42,0.627
Corendon Vitality Hotel Amsterdam,Room,26,111,301,438,68.72,5.94,0.628
Corendon Vitality Hotel Amsterdam,Staff_Service,23,87,329,439,74.94,5.24,0.697
Corendon Vitality Hotel Amsterdam,Value,12,53,111,176,63.07,6.82,0.562
Corendon Vitality Hotel Amsterdam,Wellness,19,55,153,227,67.4,8.37,0.59
Corinthia Hotel London,Cleanliness,2,4,14,20,70.0,10.0,0.6
Corinthia Hotel London,Facilities,2,4,27,33,81.82,6.06,0.758
Corinthia Hotel London,Food,5,6,54,65,83.08,7.69,0.754
Corinthia Hotel London,Location,2,6,49,57,85.96,3.51,0.825
Corinthia Hotel London,Room,4,11,63,78,80.77,5.13,0.756
Corinthia Hotel London,Staff_Service,5,11,93,109,85.32,4.59,0.807
Corinthia Hotel London,Value,2,3,13,18,72.22,11.11,0.611
Corinthia Hotel London,Wellness,1,4,63,68,92.65,1.47,0.912
Corus Hotel Hyde Park,Cleanliness,25,66,62,153,40.52,16.34,0.242
Corus Hotel Hyde Park,Facilities,24,47,49,120,40.83,20.0,0.208
Corus Hotel Hyde Park,Food,41,128,147,316,46.52,12.97,0.335
Corus Hotel Hyde Park,Location,97,275,245,617,39.71,15.72,0.24
Corus Hotel Hyde Park,Room,144,318,232,694,33.43,20.75,0.127
Corus Hotel Hyde Park,Staff_Service,77,167,213,457,46.61,16.85,0.298
Corus Hotel Hyde Park,Value,32,64,50,146,34.25,21.92,0.123
Corus Hotel Hyde Park,Wellness,2,4,1,7,14.29,28.57,-0.143
Cotton House Hotel Autograph Collection,Cleanliness,2,1,4,7,57.14,28.57,0.286
Cotton House Hotel Autograph Collection,Facilities,2,1,2,5,40.0,40.0,0.0
Cotton House Hotel Autograph Collection,Food,4,3,13,20,65.0,20.0,0.45
Cotton House Hotel Autograph Collection,Location,2,1,10,13,76.92,15.38,0.615
Cotton House Hotel Autograph Collection,Room,5,7,14,26,53.85,19.23,0.346
Cotton House Hotel Autograph Collection,Staff_Service,3,3,22,28,78.57,10.71,0.679
Cotton House Hotel Autograph Collection,Value,4,2,5,11,45.45,36.36,0.091
Cotton House Hotel Autograph Collection,Wellness,0,3,4,7,57.14,0.0,0.571
Courthouse Hotel London,Cleanliness,16,39,48,103,46.6,15.53,0.311
Courthouse Hotel London,Facilities,15,26,34,75,45.33,20.0,0.253
Courthouse Hotel London,Food,32,94,134,260,51.54,12.31,0.392
Courthouse Hotel London,Location,82,179,273,534,51.12,15.36,0.358
Courthouse Hotel London,Room,105,151,207,463,44.71,22.68,0.22
Courthouse Hotel London,Staff_Service,74,107,198,379,52.24,19.53,0.327
Courthouse Hotel London,Value,21,48,36,105,34.29,20.0,0.143
Courthouse Hotel London,Wellness,10,25,29,64,45.31,15.62,0.297
Courthouse Hotel Shoreditch,Cleanliness,5,10,22,37,59.46,13.51,0.459
Courthouse Hotel Shoreditch,Facilities,1,13,33,47,70.21,2.13,0.681
Courthouse Hotel Shoreditch,Food,9,19,30,58,51.72,15.52,0.362
Courthouse Hotel Shoreditch,Location,4,16,48,68,70.59,5.88,0.647
Courthouse Hotel Shoreditch,Room,13,30,99,142,69.72,9.15,0.606
Courthouse Hotel Shoreditch,Staff_Service,15,29,124,168,73.81,8.93,0.649
Courthouse Hotel Shoreditch,Value,4,6,11,21,52.38,19.05,0.333
Courthouse Hotel Shoreditch,Wellness,1,17,43,61,70.49,1.64,0.689
Courtyard by Marriott Amsterdam Arena Atlas,Cleanliness,3,20,64,87,73.56,3.45,0.701
Courtyard by Marriott Amsterdam Arena Atlas,Facilities,3,18,31,52,59.62,5.77,0.538
Courtyard by Marriott Amsterdam Arena Atlas,Food,7,26,78,111,70.27,6.31,0.64
Courtyard by Marriott Amsterdam Arena Atlas,Location,8,36,102,146,69.86,5.48,0.644
Courtyard by Marriott Amsterdam Arena Atlas,Room,14,36,86,136,63.24,10.29,0.529
Courtyard by Marriott Amsterdam Arena Atlas,Staff_Service,12,31,88,131,67.18,9.16,0.58
Courtyard by Marriott Amsterdam Arena Atlas,Value,6,24,43,73,58.9,8.22,0.507
Courtyard by Marriott Amsterdam Arena Atlas,Wellness,2,3,5,10,50.0,20.0,0.3
Courtyard by Marriott Vienna Prater Messe,Cleanliness,3,15,22,40,55.0,7.5,0.475
Courtyard by Marriott Vienna Prater Messe,Facilities,7,9,25,41,60.98,17.07,0.439
Courtyard by Marriott Vienna Prater Messe,Food,6,16,54,76,71.05,7.89,0.632
Courtyard by Marriott Vienna Prater Messe,Location,6,26,51,83,61.45,7.23,0.542
Courtyard by Marriott Vienna Prater Messe,Room,12,22,50,84,59.52,14.29,0.452
Courtyard by Marriott Vienna Prater Messe,Staff_Service,7,18,52,77,67.53,9.09,0.584
Courtyard by Marriott Vienna Prater Messe,Value,5,10,19,34,55.88,14.71,0.412
Courtyard by Marriott Vienna Prater Messe,Wellness,3,2,19,24,79.17,12.5,0.667
Courtyard by Marriott Vienna Schoenbrunn,Cleanliness,0,8,8,16,50.0,0.0,0.5
Courtyard by Marriott Vienna Schoenbrunn,Facilities,3,15,11,29,37.93,10.34,0.276
Courtyard by Marriott Vienna Schoenbrunn,Food,4,14,19,37,51.35,10.81,0.405
Courtyard by Marriott Vienna Schoenbrunn,Location,5,13,25,43,58.14,11.63,0.465
Courtyard by Marriott Vienna Schoenbrunn,Room,7,16,22,45,48.89,15.56,0.333
Courtyard by Marriott Vienna Schoenbrunn,Staff_Service,6,11,24,41,58.54,14.63,0.439
Courtyard by Marriott Vienna Schoenbrunn,Value,4,10,8,22,36.36,18.18,0.182
Covent Garden Hotel,Cleanliness,0,1,4,5,80.0,0.0,0.8
Covent Garden Hotel,Facilities,0,0,10,10,100.0,0.0,1.0
Covent Garden Hotel,Food,1,2,23,26,88.46,3.85,0.846
Covent Garden Hotel,Location,1,1,23,25,92.0,4.0,0.88
Covent Garden Hotel,Room,1,1,31,33,93.94,3.03,0.909
Covent Garden Hotel,Staff_Service,1,1,41,43,95.35,2.33,0.93
Covent Garden Hotel,Value,0,2,4,6,66.67,0.0,0.667
Covent Garden Hotel,Wellness,0,0,3,3,100.0,0.0,1.0
Cram,Cleanliness,1,4,16,21,76.19,4.76,0.714
Cram,Facilities,2,7,17,26,65.38,7.69,0.577
Cram,Food,1,7,33,41,80.49,2.44,0.78
Cram,Location,1,15,47,63,74.6,1.59,0.73
Cram,Room,4,26,48,78,61.54,5.13,0.564
Cram,Staff_Service,1,18,69,88,78.41,1.14,0.773
Cram,Value,0,4,11,15,73.33,0.0,0.733
Cram,Wellness,0,6,13,19,68.42,0.0,0.684
Crowne Plaza Amsterdam South,Cleanliness,0,4,47,51,92.16,0.0,0.922
Crowne Plaza Amsterdam South,Facilities,2,8,31,41,75.61,4.88,0.707
Crowne Plaza Amsterdam South,Food,1,15,70,86,81.4,1.16,0.802
Crowne Plaza Amsterdam South,Location,0,11,76,87,87.36,0.0,0.874
Crowne Plaza Amsterdam South,Room,7,16,81,104,77.88,6.73,0.712
Crowne Plaza Amsterdam South,Staff_Service,4,16,135,155,87.1,2.58,0.845
Crowne Plaza Amsterdam South,Value,4,14,31,49,63.27,8.16,0.551
Crowne Plaza Amsterdam South,Wellness,0,1,6,7,85.71,0.0,0.857
Crowne Plaza Barcelona Fira Center,Cleanliness,0,3,15,18,83.33,0.0,0.833
Crowne Plaza Barcelona Fira Center,Facilities,0,2,8,10,80.0,0.0,0.8
Crowne Plaza Barcelona Fira Center,Food,0,12,28,40,70.0,0.0,0.7
Crowne Plaza Barcelona Fira Center,Location,0,10,37,47,78.72,0.0,0.787
Crowne Plaza Barcelona Fira Center,Room,2,10,46,58,79.31,3.45,0.759
Crowne Plaza Barcelona Fira Center,Staff_Service,2,10,41,53,77.36,3.77,0.736
Crowne Plaza Barcelona Fira Center,Value,1,4,9,14,64.29,7.14,0.571
Crowne Plaza Barcelona Fira Center,Wellness,0,5,11,16,68.75,0.0,0.688
Crowne Plaza London Battersea,Cleanliness,5,15,44,64,68.75,7.81,0.609
Crowne Plaza London Battersea,Facilities,13,22,75,110,68.18,11.82,0.564
Crowne Plaza London Battersea,Food,9,48,126,183,68.85,4.92,0.639
Crowne Plaza London Battersea,Location,10,32,73,115,63.48,8.7,0.548
Crowne Plaza London Battersea,Room,35,75,268,378,70.9,9.26,0.616
Crowne Plaza London Battersea,Staff_Service,22,48,225,295,76.27,7.46,0.688
Crowne Plaza London Battersea,Value,8,20,41,69,59.42,11.59,0.478
Crowne Plaza London Battersea,Wellness,9,18,75,102,73.53,8.82,0.647
Crowne Plaza London Docklands,Cleanliness,10,58,204,272,75.0,3.68,0.713
Crowne Plaza London Docklands,Facilities,14,65,186,265,70.19,5.28,0.649
Crowne Plaza London Docklands,Food,38,139,449,626,71.73,6.07,0.657
Crowne Plaza London Docklands,Location,22,111,318,451,70.51,4.88,0.656
Crowne Plaza London Docklands,Room,65,174,515,754,68.3,8.62,0.597
Crowne Plaza London Docklands,Staff_Service,58,138,611,807,75.71,7.19,0.685
Crowne Plaza London Docklands,Value,17,46,94,157,59.87,10.83,0.49
Crowne Plaza London Docklands,Wellness,17,54,187,258,72.48,6.59,0.659
Crowne Plaza London Ealing,Cleanliness,4,20,69,93,74.19,4.3,0.699
Crowne Plaza London Ealing,Facilities,7,20,36,63,57.14,11.11,0.46
Crowne Plaza London Ealing,Food,10,40,117,167,70.06,5.99,0.641
Crowne Plaza London Ealing,Location,3,39,90,132,68.18,2.27,0.659
Crowne Plaza London Ealing,Room,18,58,120,196,61.22,9.18,0.52
Crowne Plaza London Ealing,Staff_Service,17,34,137,188,72.87,9.04,0.638
Crowne Plaza London Ealing,Value,4,13,47,64,73.44,6.25,0.672
Crowne Plaza London Ealing,Wellness,1,1,7,9,77.78,11.11,0.667
Crowne Plaza London Kensington,Cleanliness,5,6,42,53,79.25,9.43,0.698
Crowne Plaza London Kensington,Facilities,3,2,21,26,80.77,11.54,0.692
Crowne Plaza London Kensington,Food,10,25,79,114,69.3,8.77,0.605
Crowne Plaza London Kensington,Location,11,37,106,154,68.83,7.14,0.617
Crowne Plaza London Kensington,Room,16,34,108,158,68.35,10.13,0.582
Crowne Plaza London Kensington,Staff_Service,13,24,112,149,75.17,8.72,0.664
Crowne Plaza London Kensington,Value,5,10,16,31,51.61,16.13,0.355
Crowne Plaza London Kensington,Wellness,1,0,6,7,85.71,14.29,0.714
Crowne Plaza London Kings Cross,Cleanliness,12,69,127,208,61.06,5.77,0.553
Crowne Plaza London Kings Cross,Facilities,26,65,91,182,50.0,14.29,0.357
Crowne Plaza London Kings Cross,Food,25,93,199,317,62.78,7.89,0.549
Crowne Plaza London Kings Cross,Location,23,95,152,270,56.3,8.52,0.478
Crowne Plaza London Kings Cross,Room,65,174,324,563,57.55,11.55,0.46
Crowne Plaza London Kings Cross,Staff_Service,58,112,216,386,55.96,15.03,0.409
Crowne Plaza London Kings Cross,Value,22,39,64,125,51.2,17.6,0.336
Crowne Plaza London Kings Cross,Wellness,17,54,57,128,44.53,13.28,0.312
Crowne Plaza London The City,Cleanliness,0,3,21,24,87.5,0.0,0.875
Crowne Plaza London The City,Facilities,2,4,17,23,73.91,8.7,0.652
Crowne Plaza London The City,Food,1,9,52,62,83.87,1.61,0.823
Crowne Plaza London The City,Location,3,19,73,95,76.84,3.16,0.737
Crowne Plaza London The City,Room,7,22,76,105,72.38,6.67,0.657
Crowne Plaza London The City,Staff_Service,6,14,83,103,80.58,5.83,0.748
Crowne Plaza London The City,Value,2,3,14,19,73.68,10.53,0.632
Crowne Plaza London The City,Wellness,0,0,2,2,100.0,0.0,1.0
Crowne Plaza Milan City,Cleanliness,2,8,17,27,62.96,7.41,0.556
Crowne Plaza Milan City,Facilities,0,6,15,21,71.43,0.0,0.714
Crowne Plaza Milan City,Food,2,12,40,54,74.07,3.7,0.704
Crowne Plaza Milan City,Location,5,23,56,84,66.67,5.95,0.607
Crowne Plaza Milan City,Room,8,22,48,78,61.54,10.26,0.513
Crowne Plaza Milan City,Staff_Service,4,16,52,72,72.22,5.56,0.667
Crowne Plaza Milan City,Value,1,2,3,6,50.0,16.67,0.333
Crowne Plaza Milan City,Wellness,0,3,9,12,75.0,0.0,0.75
Crowne Plaza Paris R publique,Cleanliness,0,4,9,13,69.23,0.0,0.692
Crowne Plaza Paris R publique,Facilities,1,8,10,19,52.63,5.26,0.474
Crowne Plaza Paris R publique,Food,10,13,46,69,66.67,14.49,0.522
Crowne Plaza Paris R publique,Location,8,31,78,117,66.67,6.84,0.598
Crowne Plaza Paris R publique,Room,17,30,44,91,48.35,18.68,0.297
Crowne Plaza Paris R publique,Staff_Service,12,21,50,83,60.24,14.46,0.458
Crowne Plaza Paris R publique,Value,5,4,20,29,68.97,17.24,0.517
Crowne Plaza Paris R publique,Wellness,0,0,1,1,100.0,0.0,1.0
D clic Hotel,Cleanliness,1,0,15,16,93.75,6.25,0.875
D clic Hotel,Facilities,1,0,2,3,66.67,33.33,0.333
D clic Hotel,Food,1,2,7,10,70.0,10.0,0.6
D clic Hotel,Location,1,2,17,20,85.0,5.0,0.8
D clic Hotel,Room,3,4,25,32,78.12,9.38,0.688
D clic Hotel,Staff_Service,1,4,26,31,83.87,3.23,0.806
D clic Hotel,Value,0,1,6,7,85.71,0.0,0.857
DO CO Hotel Vienna,Cleanliness,0,2,7,9,77.78,0.0,0.778
DO CO Hotel Vienna,Facilities,1,4,12,17,70.59,5.88,0.647
DO CO Hotel Vienna,Food,2,11,39,52,75.0,3.85,0.712
DO CO Hotel Vienna,Location,5,17,64,86,74.42,5.81,0.686
DO CO Hotel Vienna,Room,2,9,43,54,79.63,3.7,0.759
DO CO Hotel Vienna,Staff_Service,4,13,49,66,74.24,6.06,0.682
DO CO Hotel Vienna,Value,0,4,13,17,76.47,0.0,0.765
DO CO Hotel Vienna,Wellness,0,2,2,4,50.0,0.0,0.5
Danubius Hotel Regents Park,Cleanliness,5,31,61,97,62.89,5.15,0.577
Danubius Hotel Regents Park,Facilities,6,31,41,78,52.56,7.69,0.449
Danubius Hotel Regents Park,Food,12,61,106,179,59.22,6.7,0.525
Danubius Hotel Regents Park,Location,23,76,135,234,57.69,9.83,0.479
Danubius Hotel Regents Park,Room,32,91,163,286,56.99,11.19,0.458
Danubius Hotel Regents Park,Staff_Service,30,78,186,294,63.27,10.2,0.531
Danubius Hotel Regents Park,Value,9,24,40,73,54.79,12.33,0.425
Danubius Hotel Regents Park,Wellness,0,4,5,9,55.56,0.0,0.556
Das Opernring Hotel,Cleanliness,1,3,21,25,84.0,4.0,0.8
Das Opernring Hotel,Facilities,2,8,28,38,73.68,5.26,0.684
Das Opernring Hotel,Food,0,15,65,80,81.25,0.0,0.812
Das Opernring Hotel,Location,1,20,113,134,84.33,0.75,0.836
Das Opernring Hotel,Room,0,15,76,91,83.52,0.0,0.835
Das Opernring Hotel,Staff_Service,1,13,96,110,87.27,0.91,0.864
Das Opernring Hotel,Value,1,2,12,15,80.0,6.67,0.733
Das Opernring Hotel,Wellness,0,0,1,1,100.0,0.0,1.0
Das Triest Hotel,Cleanliness,1,1,4,6,66.67,16.67,0.5
Das Triest Hotel,Facilities,1,2,3,6,50.0,16.67,0.333
Das Triest Hotel,Food,2,6,7,15,46.67,13.33,0.333
Das Triest Hotel,Location,3,7,10,20,50.0,15.0,0.35
Das Triest Hotel,Room,2,8,11,21,52.38,9.52,0.429
Das Triest Hotel,Staff_Service,1,5,9,15,60.0,6.67,0.533
Das Triest Hotel,Value,1,3,8,12,66.67,8.33,0.583
Das Triest Hotel,Wellness,1,0,0,1,0.0,100.0,-1.0
De L Europe Amsterdam,Cleanliness,1,2,10,13,76.92,7.69,0.692
De L Europe Amsterdam,Facilities,0,2,14,16,87.5,0.0,0.875
De L Europe Amsterdam,Food,3,8,40,51,78.43,5.88,0.725
De L Europe Amsterdam,Location,3,11,45,59,76.27,5.08,0.712
De L Europe Amsterdam,Room,6,9,43,58,74.14,10.34,0.638
De L Europe Amsterdam,Staff_Service,4,7,75,86,87.21,4.65,0.826
De L Europe Amsterdam,Value,3,7,14,24,58.33,12.5,0.458
De L Europe Amsterdam,Wellness,2,3,8,13,61.54,15.38,0.462
De Vere Devonport House,Cleanliness,24,43,91,158,57.59,15.19,0.424
De Vere Devonport House,Facilities,24,73,154,251,61.35,9.56,0.518
De Vere Devonport House,Food,27,124,285,436,65.37,6.19,0.592
De Vere Devonport House,Location,48,195,393,636,61.79,7.55,0.542
De Vere Devonport House,Room,66,201,326,593,54.97,11.13,0.438
De Vere Devonport House,Staff_Service,42,135,327,504,64.88,8.33,0.565
De Vere Devonport House,Value,16,40,82,138,59.42,11.59,0.478
De Vere Devonport House,Wellness,1,1,9,11,81.82,9.09,0.727
Der Wilhelmshof,Cleanliness,1,8,45,54,83.33,1.85,0.815
Der Wilhelmshof,Facilities,3,12,34,49,69.39,6.12,0.633
Der Wilhelmshof,Food,5,31,129,165,78.18,3.03,0.752
Der Wilhelmshof,Location,3,21,89,113,78.76,2.65,0.761
Der Wilhelmshof,Room,6,22,80,108,74.07,5.56,0.685
Der Wilhelmshof,Staff_Service,2,20,109,131,83.21,1.53,0.817
Der Wilhelmshof,Value,0,4,15,19,78.95,0.0,0.789
Der Wilhelmshof,Wellness,0,2,2,4,50.0,0.0,0.5
Derag Livinghotel Kaiser Franz Joseph Vienna,Cleanliness,1,8,15,24,62.5,4.17,0.583
Derag Livinghotel Kaiser Franz Joseph Vienna,Facilities,5,11,11,27,40.74,18.52,0.222
Derag Livinghotel Kaiser Franz Joseph Vienna,Food,3,15,15,33,45.45,9.09,0.364
Derag Livinghotel Kaiser Franz Joseph Vienna,Location,2,23,28,53,52.83,3.77,0.491
Derag Livinghotel Kaiser Franz Joseph Vienna,Room,9,31,29,69,42.03,13.04,0.29
Derag Livinghotel Kaiser Franz Joseph Vienna,Staff_Service,5,13,36,54,66.67,9.26,0.574
Derag Livinghotel Kaiser Franz Joseph Vienna,Value,3,14,7,24,29.17,12.5,0.167
Derag Livinghotel Kaiser Franz Joseph Vienna,Wellness,0,1,6,7,85.71,0.0,0.857
Derby Alma,Cleanliness,2,2,17,21,80.95,9.52,0.714
Derby Alma,Facilities,1,3,15,19,78.95,5.26,0.737
Derby Alma,Food,2,7,26,35,74.29,5.71,0.686
Derby Alma,Location,3,16,63,82,76.83,3.66,0.732
Derby Alma,Room,6,18,40,64,62.5,9.38,0.531
Derby Alma,Staff_Service,3,7,66,76,86.84,3.95,0.829
Derby Alma,Value,3,9,11,23,47.83,13.04,0.348
Derby Alma,Wellness,0,0,2,2,100.0,0.0,1.0
Dikker en Thijs Fenice Hotel,Cleanliness,7,13,64,84,76.19,8.33,0.679
Dikker en Thijs Fenice Hotel,Facilities,4,10,31,45,68.89,8.89,0.6
Dikker en Thijs Fenice Hotel,Food,6,29,126,161,78.26,3.73,0.745
Dikker en Thijs Fenice Hotel,Location,19,78,246,343,71.72,5.54,0.662
Dikker en Thijs Fenice Hotel,Room,21,65,191,277,68.95,7.58,0.614
Dikker en Thijs Fenice Hotel,Staff_Service,9,49,190,248,76.61,3.63,0.73
Dikker en Thijs Fenice Hotel,Value,5,17,41,63,65.08,7.94,0.571
Dikker en Thijs Fenice Hotel,Wellness,0,3,7,10,70.0,0.0,0.7
Dorset Square Hotel,Cleanliness,1,1,12,14,85.71,7.14,0.786
Dorset Square Hotel,Facilities,2,1,8,11,72.73,18.18,0.545
Dorset Square Hotel,Food,4,3,29,36,80.56,11.11,0.694
Dorset Square Hotel,Location,3,9,26,38,68.42,7.89,0.605
Dorset Square Hotel,Room,6,15,46,67,68.66,8.96,0.597
Dorset Square Hotel,Staff_Service,2,11,60,73,82.19,2.74,0.795
Dorset Square Hotel,Value,4,3,7,14,50.0,28.57,0.214
Dorset Square Hotel,Wellness,1,0,1,2,50.0,50.0,0.0
Dorsett Shepherds Bush,Cleanliness,14,72,180,266,67.67,5.26,0.624
Dorsett Shepherds Bush,Facilities,10,45,135,190,71.05,5.26,0.658
Dorsett Shepherds Bush,Food,30,98,222,350,63.43,8.57,0.549
Dorsett Shepherds Bush,Location,23,142,324,489,66.26,4.7,0.616
Dorsett Shepherds Bush,Room,70,207,421,698,60.32,10.03,0.503
Dorsett Shepherds Bush,Staff_Service,57,128,405,590,68.64,9.66,0.59
Dorsett Shepherds Bush,Value,18,42,88,148,59.46,12.16,0.473
Dorsett Shepherds Bush,Wellness,7,14,34,55,61.82,12.73,0.491
DoubleTree By Hilton London Excel,Cleanliness,15,44,180,239,75.31,6.28,0.69
DoubleTree By Hilton London Excel,Facilities,15,77,134,226,59.29,6.64,0.527
DoubleTree By Hilton London Excel,Food,40,147,349,536,65.11,7.46,0.576
DoubleTree By Hilton London Excel,Location,26,113,250,389,64.27,6.68,0.576
DoubleTree By Hilton London Excel,Room,77,186,443,706,62.75,10.91,0.518
DoubleTree By Hilton London Excel,Staff_Service,45,149,486,680,71.47,6.62,0.649
DoubleTree By Hilton London Excel,Value,26,67,76,169,44.97,15.38,0.296
DoubleTree By Hilton London Excel,Wellness,0,6,19,25,76.0,0.0,0.76
DoubleTree By Hilton Milan,Cleanliness,1,4,6,11,54.55,9.09,0.455
DoubleTree By Hilton Milan,Facilities,2,2,4,8,50.0,25.0,0.25
DoubleTree By Hilton Milan,Food,7,3,8,18,44.44,38.89,0.056
DoubleTree By Hilton Milan,Location,3,4,8,15,53.33,20.0,0.333
DoubleTree By Hilton Milan,Room,6,3,3,12,25.0,50.0,-0.25
DoubleTree By Hilton Milan,Staff_Service,4,2,10,16,62.5,25.0,0.375
DoubleTree By Hilton Milan,Value,2,2,1,5,20.0,40.0,-0.2
DoubleTree By Hilton Milan,Wellness,1,0,0,1,0.0,100.0,-1.0
DoubleTree by Hilton Amsterdam Centraal Station,Cleanliness,19,34,127,180,70.56,10.56,0.6
DoubleTree by Hilton Amsterdam Centraal Station,Facilities,7,33,76,116,65.52,6.03,0.595
DoubleTree by Hilton Amsterdam Centraal Station,Food,25,74,219,318,68.87,7.86,0.61
DoubleTree by Hilton Amsterdam Centraal Station,Location,51,147,398,596,66.78,8.56,0.582
DoubleTree by Hilton Amsterdam Centraal Station,Room,83,169,319,571,55.87,14.54,0.413
DoubleTree by Hilton Amsterdam Centraal Station,Staff_Service,54,94,398,546,72.89,9.89,0.63
DoubleTree by Hilton Amsterdam Centraal Station,Value,37,64,108,209,51.67,17.7,0.34
DoubleTree by Hilton Amsterdam Centraal Station,Wellness,1,8,16,25,64.0,4.0,0.6
DoubleTree by Hilton Hotel Amsterdam NDSM Wharf,Cleanliness,5,11,28,44,63.64,11.36,0.523
DoubleTree by Hilton Hotel Amsterdam NDSM Wharf,Facilities,3,10,18,31,58.06,9.68,0.484
DoubleTree by Hilton Hotel Amsterdam NDSM Wharf,Food,13,23,53,89,59.55,14.61,0.449
DoubleTree by Hilton Hotel Amsterdam NDSM Wharf,Location,14,33,89,136,65.44,10.29,0.551
DoubleTree by Hilton Hotel Amsterdam NDSM Wharf,Room,21,44,93,158,58.86,13.29,0.456
DoubleTree by Hilton Hotel Amsterdam NDSM Wharf,Staff_Service,12,31,98,141,69.5,8.51,0.61
DoubleTree by Hilton Hotel Amsterdam NDSM Wharf,Value,7,17,19,43,44.19,16.28,0.279
DoubleTree by Hilton Hotel Amsterdam NDSM Wharf,Wellness,0,1,2,3,66.67,0.0,0.667
DoubleTree by Hilton Hotel London Marble Arch,Cleanliness,9,14,34,57,59.65,15.79,0.439
DoubleTree by Hilton Hotel London Marble Arch,Facilities,7,14,21,42,50.0,16.67,0.333
DoubleTree by Hilton Hotel London Marble Arch,Food,8,21,48,77,62.34,10.39,0.519
DoubleTree by Hilton Hotel London Marble Arch,Location,26,87,113,226,50.0,11.5,0.385
DoubleTree by Hilton Hotel London Marble Arch,Room,45,85,103,233,44.21,19.31,0.249
DoubleTree by Hilton Hotel London Marble Arch,Staff_Service,27,60,124,211,58.77,12.8,0.46
DoubleTree by Hilton Hotel London Marble Arch,Value,10,15,17,42,40.48,23.81,0.167
DoubleTree by Hilton Hotel London Marble Arch,Wellness,1,1,1,3,33.33,33.33,0.0
DoubleTree by Hilton Hotel London Tower of London,Cleanliness,26,95,352,473,74.42,5.5,0.689
DoubleTree by Hilton Hotel London Tower of London,Facilities,37,104,215,356,60.39,10.39,0.5
DoubleTree by Hilton Hotel London Tower of London,Food,78,288,752,1118,67.26,6.98,0.603
DoubleTree by Hilton Hotel London Tower of London,Location,69,306,845,1220,69.26,5.66,0.636
DoubleTree by Hilton Hotel London Tower of London,Room,153,412,901,1466,61.46,10.44,0.51
DoubleTree by Hilton Hotel London Tower of London,Staff_Service,107,254,1010,1371,73.67,7.8,0.659
DoubleTree by Hilton Hotel London Tower of London,Value,59,139,241,439,54.9,13.44,0.415
DoubleTree by Hilton Hotel London Tower of London,Wellness,2,5,27,34,79.41,5.88,0.735
DoubleTree by Hilton London Chelsea,Cleanliness,6,22,56,84,66.67,7.14,0.595
DoubleTree by Hilton London Chelsea,Facilities,2,25,34,61,55.74,3.28,0.525
DoubleTree by Hilton London Chelsea,Food,8,34,150,192,78.12,4.17,0.74
DoubleTree by Hilton London Chelsea,Location,7,52,118,177,66.67,3.95,0.627
DoubleTree by Hilton London Chelsea,Room,28,75,147,250,58.8,11.2,0.476
DoubleTree by Hilton London Chelsea,Staff_Service,17,53,204,274,74.45,6.2,0.682
DoubleTree by Hilton London Chelsea,Value,4,24,49,77,63.64,5.19,0.584
DoubleTree by Hilton London Chelsea,Wellness,0,2,5,7,71.43,0.0,0.714
DoubleTree by Hilton London Docklands Riverside,Cleanliness,33,73,160,266,60.15,12.41,0.477
DoubleTree by Hilton London Docklands Riverside,Facilities,38,107,134,279,48.03,13.62,0.344
DoubleTree by Hilton London Docklands Riverside,Food,72,262,485,819,59.22,8.79,0.504
DoubleTree by Hilton London Docklands Riverside,Location,55,218,349,622,56.11,8.84,0.473
DoubleTree by Hilton London Docklands Riverside,Room,189,456,636,1281,49.65,14.75,0.349
DoubleTree by Hilton London Docklands Riverside,Staff_Service,137,276,633,1046,60.52,13.1,0.474
DoubleTree by Hilton London Docklands Riverside,Value,45,100,96,241,39.83,18.67,0.212
DoubleTree by Hilton London Docklands Riverside,Wellness,7,6,19,32,59.38,21.88,0.375
DoubleTree by Hilton London Ealing,Cleanliness,12,30,111,153,72.55,7.84,0.647
DoubleTree by Hilton London Ealing,Facilities,9,35,63,107,58.88,8.41,0.505
DoubleTree by Hilton London Ealing,Food,16,67,157,240,65.42,6.67,0.588
DoubleTree by Hilton London Ealing,Location,10,58,114,182,62.64,5.49,0.571
DoubleTree by Hilton London Ealing,Room,42,120,189,351,53.85,11.97,0.419
DoubleTree by Hilton London Ealing,Staff_Service,30,80,265,375,70.67,8.0,0.627
DoubleTree by Hilton London Ealing,Value,8,31,44,83,53.01,9.64,0.434
DoubleTree by Hilton London Ealing,Wellness,1,0,7,8,87.5,12.5,0.75
DoubleTree by Hilton London Hyde Park,Cleanliness,10,39,132,181,72.93,5.52,0.674
DoubleTree by Hilton London Hyde Park,Facilities,9,33,57,99,57.58,9.09,0.485
DoubleTree by Hilton London Hyde Park,Food,21,85,201,307,65.47,6.84,0.586
DoubleTree by Hilton London Hyde Park,Location,27,121,294,442,66.52,6.11,0.604
DoubleTree by Hilton London Hyde Park,Room,49,164,298,511,58.32,9.59,0.487
DoubleTree by Hilton London Hyde Park,Staff_Service,39,109,332,480,69.17,8.12,0.61
DoubleTree by Hilton London Hyde Park,Value,13,22,41,76,53.95,17.11,0.368
DoubleTree by Hilton London Hyde Park,Wellness,0,3,9,12,75.0,0.0,0.75
DoubleTree by Hilton London Islington,Cleanliness,8,39,124,171,72.51,4.68,0.678
DoubleTree by Hilton London Islington,Facilities,3,32,61,96,63.54,3.12,0.604
DoubleTree by Hilton London Islington,Food,15,62,167,244,68.44,6.15,0.623
DoubleTree by Hilton London Islington,Location,15,88,236,339,69.62,4.42,0.652
DoubleTree by Hilton London Islington,Room,31,154,279,464,60.13,6.68,0.534
DoubleTree by Hilton London Islington,Staff_Service,27,99,311,437,71.17,6.18,0.65
DoubleTree by Hilton London Islington,Value,7,34,65,106,61.32,6.6,0.547
DoubleTree by Hilton London Islington,Wellness,3,0,10,13,76.92,23.08,0.538
DoubleTree by Hilton London Victoria,Cleanliness,15,47,111,173,64.16,8.67,0.555
DoubleTree by Hilton London Victoria,Facilities,12,39,56,107,52.34,11.21,0.411
DoubleTree by Hilton London Victoria,Food,22,97,214,333,64.26,6.61,0.577
DoubleTree by Hilton London Victoria,Location,33,169,353,555,63.6,5.95,0.577
DoubleTree by Hilton London Victoria,Room,66,180,310,556,55.76,11.87,0.439
DoubleTree by Hilton London Victoria,Staff_Service,34,106,327,467,70.02,7.28,0.627
DoubleTree by Hilton London Victoria,Value,10,49,60,119,50.42,8.4,0.42
DoubleTree by Hilton London Victoria,Wellness,0,5,8,13,61.54,0.0,0.615
DoubleTree by Hilton London West End,Cleanliness,25,37,80,142,56.34,17.61,0.387
DoubleTree by Hilton London West End,Facilities,6,28,36,70,51.43,8.57,0.429
DoubleTree by Hilton London West End,Food,24,80,204,308,66.23,7.79,0.584
DoubleTree by Hilton London West End,Location,30,123,193,346,55.78,8.67,0.471
DoubleTree by Hilton London West End,Room,82,190,303,575,52.7,14.26,0.384
DoubleTree by Hilton London West End,Staff_Service,35,136,357,528,67.61,6.63,0.61
DoubleTree by Hilton London West End,Value,18,35,34,87,39.08,20.69,0.184
DoubleTree by Hilton London West End,Wellness,0,2,3,5,60.0,0.0,0.6
DoubleTree by Hilton London Westminster,Cleanliness,15,47,142,204,69.61,7.35,0.623
DoubleTree by Hilton London Westminster,Facilities,16,33,75,124,60.48,12.9,0.476
DoubleTree by Hilton London Westminster,Food,29,143,339,511,66.34,5.68,0.607
DoubleTree by Hilton London Westminster,Location,23,150,321,494,64.98,4.66,0.603
DoubleTree by Hilton London Westminster,Room,59,209,375,643,58.32,9.18,0.491
DoubleTree by Hilton London Westminster,Staff_Service,36,115,463,614,75.41,5.86,0.695
DoubleTree by Hilton London Westminster,Value,16,45,74,135,54.81,11.85,0.43
DoubleTree by Hilton London Westminster,Wellness,3,3,15,21,71.43,14.29,0.571
Doubletree By Hilton London Greenwich,Cleanliness,11,34,121,166,72.89,6.63,0.663
Doubletree By Hilton London Greenwich,Facilities,17,28,97,142,68.31,11.97,0.563
Doubletree By Hilton London Greenwich,Food,20,62,257,339,75.81,5.9,0.699
Doubletree By Hilton London Greenwich,Location,14,70,179,263,68.06,5.32,0.627
Doubletree By Hilton London Greenwich,Room,44,116,378,538,70.26,8.18,0.621
Doubletree By Hilton London Greenwich,Staff_Service,35,87,434,556,78.06,6.29,0.718
Doubletree By Hilton London Greenwich,Value,10,23,83,116,71.55,8.62,0.629
Doubletree By Hilton London Greenwich,Wellness,1,10,13,24,54.17,4.17,0.5
Doubletree by Hilton London Kensington,Cleanliness,15,61,113,189,59.79,7.94,0.519
Doubletree by Hilton London Kensington,Facilities,38,55,63,156,40.38,24.36,0.16
Doubletree by Hilton London Kensington,Food,32,64,165,261,63.22,12.26,0.51
Doubletree by Hilton London Kensington,Location,57,173,271,501,54.09,11.38,0.427
Doubletree by Hilton London Kensington,Room,96,184,264,544,48.53,17.65,0.309
Doubletree by Hilton London Kensington,Staff_Service,75,123,291,489,59.51,15.34,0.442
Doubletree by Hilton London Kensington,Value,26,36,53,115,46.09,22.61,0.235
Doubletree by Hilton London Kensington,Wellness,3,5,9,17,52.94,17.65,0.353
Drawing Hotel,Cleanliness,0,0,1,1,100.0,0.0,1.0
Drawing Hotel,Facilities,0,0,1,1,100.0,0.0,1.0
Drawing Hotel,Food,0,0,3,3,100.0,0.0,1.0
Drawing Hotel,Location,0,2,7,9,77.78,0.0,0.778
Drawing Hotel,Room,0,1,5,6,83.33,0.0,0.833
Drawing Hotel,Staff_Service,0,0,5,5,100.0,0.0,1.0
Drawing Hotel,Value,0,0,1,1,100.0,0.0,1.0
Draycott Hotel,Cleanliness,1,0,7,8,87.5,12.5,0.75
Draycott Hotel,Facilities,1,4,13,18,72.22,5.56,0.667
Draycott Hotel,Food,3,2,11,16,68.75,18.75,0.5
Draycott Hotel,Location,5,5,33,43,76.74,11.63,0.651
Draycott Hotel,Room,6,9,53,68,77.94,8.82,0.691
Draycott Hotel,Staff_Service,4,7,58,69,84.06,5.8,0.783
Draycott Hotel,Value,2,1,5,8,62.5,25.0,0.375
Dukes Hotel,Cleanliness,0,2,3,5,60.0,0.0,0.6
Dukes Hotel,Facilities,1,5,4,10,40.0,10.0,0.3
Dukes Hotel,Food,2,5,8,15,53.33,13.33,0.4
Dukes Hotel,Location,2,7,18,27,66.67,7.41,0.593
Dukes Hotel,Room,6,13,15,34,44.12,17.65,0.265
Dukes Hotel,Staff_Service,5,7,31,43,72.09,11.63,0.605
Dukes Hotel,Value,2,2,4,8,50.0,25.0,0.25
Dukes Hotel,Wellness,0,1,0,1,0.0,0.0,0.0
Duquesa Suites Barcelona,Cleanliness,3,7,46,56,82.14,5.36,0.768
Duquesa Suites Barcelona,Facilities,4,5,21,30,70.0,13.33,0.567
Duquesa Suites Barcelona,Food,4,8,24,36,66.67,11.11,0.556
Duquesa Suites Barcelona,Location,5,22,148,175,84.57,2.86,0.817
Duquesa Suites Barcelona,Room,8,23,114,145,78.62,5.52,0.731
Duquesa Suites Barcelona,Staff_Service,8,16,134,158,84.81,5.06,0.797
Duquesa Suites Barcelona,Value,4,2,16,22,72.73,18.18,0.545
Duquesa Suites Barcelona,Wellness,1,8,65,74,87.84,1.35,0.865
Duquesa de Cardona,Cleanliness,1,4,28,33,84.85,3.03,0.818
Duquesa de Cardona,Facilities,1,5,15,21,71.43,4.76,0.667
Duquesa de Cardona,Food,1,11,61,73,83.56,1.37,0.822
Duquesa de Cardona,Location,3,25,117,145,80.69,2.07,0.786
Duquesa de Cardona,Room,6,16,79,101,78.22,5.94,0.723
Duquesa de Cardona,Staff_Service,5,15,124,144,86.11,3.47,0.826
Duquesa de Cardona,Value,1,12,21,34,61.76,2.94,0.588
Duquesa de Cardona,Wellness,0,9,27,36,75.0,0.0,0.75
Duret,Cleanliness,2,2,4,8,50.0,25.0,0.25
Duret,Facilities,0,3,2,5,40.0,0.0,0.4
Duret,Food,1,3,6,10,60.0,10.0,0.5
Duret,Location,1,10,11,22,50.0,4.55,0.455
Duret,Room,1,3,10,14,71.43,7.14,0.643
Duret,Staff_Service,2,5,18,25,72.0,8.0,0.64
Duret,Value,0,3,2,5,40.0,0.0,0.4
Durrants Hotel,Cleanliness,11,26,38,75,50.67,14.67,0.36
Durrants Hotel,Facilities,19,66,68,153,44.44,12.42,0.32
Durrants Hotel,Food,14,56,97,167,58.08,8.38,0.497
Durrants Hotel,Location,29,114,178,321,55.45,9.03,0.464
Durrants Hotel,Room,60,150,186,396,46.97,15.15,0.318
Durrants Hotel,Staff_Service,31,86,220,337,65.28,9.2,0.561
Durrants Hotel,Value,19,31,42,92,45.65,20.65,0.25
Durrants Hotel,Wellness,0,2,6,8,75.0,0.0,0.75
Dutch Design Hotel Artemis,Cleanliness,17,30,62,109,56.88,15.6,0.413
Dutch Design Hotel Artemis,Facilities,5,21,30,56,53.57,8.93,0.446
Dutch Design Hotel Artemis,Food,11,27,66,104,63.46,10.58,0.529
Dutch Design Hotel Artemis,Location,10,56,74,140,52.86,7.14,0.457
Dutch Design Hotel Artemis,Room,31,72,103,206,50.0,15.05,0.35
Dutch Design Hotel Artemis,Staff_Service,22,53,126,201,62.69,10.95,0.517
Dutch Design Hotel Artemis,Value,8,27,39,74,52.7,10.81,0.419
Dutch Design Hotel Artemis,Wellness,1,1,6,8,75.0,12.5,0.625
Eccleston Square Hotel,Cleanliness,3,3,10,16,62.5,18.75,0.438
Eccleston Square Hotel,Facilities,1,7,10,18,55.56,5.56,0.5
Eccleston Square Hotel,Food,5,7,22,34,64.71,14.71,0.5
Eccleston Square Hotel,Location,8,12,37,57,64.91,14.04,0.509
Eccleston Square Hotel,Room,15,29,75,119,63.03,12.61,0.504
Eccleston Square Hotel,Staff_Service,7,14,50,71,70.42,9.86,0.606
Eccleston Square Hotel,Value,4,7,6,17,35.29,23.53,0.118
Eccleston Square Hotel,Wellness,1,1,2,4,50.0,25.0,0.25
Edouard 7 Paris Op ra,Cleanliness,0,5,18,23,78.26,0.0,0.783
Edouard 7 Paris Op ra,Facilities,0,4,5,9,55.56,0.0,0.556
Edouard 7 Paris Op ra,Food,1,11,50,62,80.65,1.61,0.79
Edouard 7 Paris Op ra,Location,4,18,75,97,77.32,4.12,0.732
Edouard 7 Paris Op ra,Room,7,18,62,87,71.26,8.05,0.632
Edouard 7 Paris Op ra,Staff_Service,3,15,100,118,84.75,2.54,0.822
Edouard 7 Paris Op ra,Value,4,4,12,20,60.0,20.0,0.4
Egerton House,Cleanliness,0,0,4,4,100.0,0.0,1.0
Egerton House,Facilities,0,0,2,2,100.0,0.0,1.0
Egerton House,Food,0,1,15,16,93.75,0.0,0.938
Egerton House,Location,0,4,19,23,82.61,0.0,0.826
Egerton House,Room,0,5,15,20,75.0,0.0,0.75
Egerton House,Staff_Service,0,3,50,53,94.34,0.0,0.943
Egerton House,Value,0,2,3,5,60.0,0.0,0.6
Eiffel Trocad ro,Cleanliness,2,4,8,14,57.14,14.29,0.429
Eiffel Trocad ro,Facilities,0,6,9,15,60.0,0.0,0.6
Eiffel Trocad ro,Food,3,5,12,20,60.0,15.0,0.45
Eiffel Trocad ro,Location,7,24,46,77,59.74,9.09,0.506
Eiffel Trocad ro,Room,11,18,31,60,51.67,18.33,0.333
Eiffel Trocad ro,Staff_Service,6,10,33,49,67.35,12.24,0.551
Eiffel Trocad ro,Value,3,8,5,16,31.25,18.75,0.125
Eiffel Trocad ro,Wellness,0,1,0,1,0.0,0.0,0.0
Element Amsterdam,Cleanliness,4,19,53,76,69.74,5.26,0.645
Element Amsterdam,Facilities,0,10,29,39,74.36,0.0,0.744
Element Amsterdam,Food,9,26,106,141,75.18,6.38,0.688
Element Amsterdam,Location,3,26,74,103,71.84,2.91,0.689
Element Amsterdam,Room,10,30,112,152,73.68,6.58,0.671
Element Amsterdam,Staff_Service,8,24,101,133,75.94,6.02,0.699
Element Amsterdam,Value,4,12,21,37,56.76,10.81,0.459
Element Amsterdam,Wellness,0,3,13,16,81.25,0.0,0.812
Elys es R gencia,Cleanliness,2,14,25,41,60.98,4.88,0.561
Elys es R gencia,Facilities,9,17,18,44,40.91,20.45,0.205
Elys es R gencia,Food,7,14,31,52,59.62,13.46,0.462
Elys es R gencia,Location,10,60,109,179,60.89,5.59,0.553
Elys es R gencia,Room,16,42,73,131,55.73,12.21,0.435
Elys es R gencia,Staff_Service,8,33,110,151,72.85,5.3,0.675
Elys es R gencia,Value,5,7,17,29,58.62,17.24,0.414
Elys es R gencia,Wellness,1,0,0,1,0.0,100.0,-1.0
Enterprise Hotel Design Boutique,Cleanliness,2,7,22,31,70.97,6.45,0.645
Enterprise Hotel Design Boutique,Facilities,1,5,31,37,83.78,2.7,0.811
Enterprise Hotel Design Boutique,Food,3,21,89,113,78.76,2.65,0.761
Enterprise Hotel Design Boutique,Location,1,22,52,75,69.33,1.33,0.68
Enterprise Hotel Design Boutique,Room,4,26,63,93,67.74,4.3,0.634
Enterprise Hotel Design Boutique,Staff_Service,9,27,90,126,71.43,7.14,0.643
Enterprise Hotel Design Boutique,Value,2,4,17,23,73.91,8.7,0.652
Enterprise Hotel Design Boutique,Wellness,0,6,18,24,75.0,0.0,0.75
Etoile Saint Ferdinand,Cleanliness,1,7,13,21,61.9,4.76,0.571
Etoile Saint Ferdinand,Facilities,3,10,10,23,43.48,13.04,0.304
Etoile Saint Ferdinand,Food,1,6,16,23,69.57,4.35,0.652
Etoile Saint Ferdinand,Location,5,14,27,46,58.7,10.87,0.478
Etoile Saint Ferdinand,Room,3,15,32,50,64.0,6.0,0.58
Etoile Saint Ferdinand,Staff_Service,4,17,41,62,66.13,6.45,0.597
Etoile Saint Ferdinand,Value,0,3,4,7,57.14,0.0,0.571
Eurohotel Diagonal Port,Cleanliness,4,4,3,11,27.27,36.36,-0.091
Eurohotel Diagonal Port,Facilities,4,3,1,8,12.5,50.0,-0.375
Eurohotel Diagonal Port,Food,3,8,3,14,21.43,21.43,0.0
Eurohotel Diagonal Port,Location,2,14,10,26,38.46,7.69,0.308
Eurohotel Diagonal Port,Room,6,12,5,23,21.74,26.09,-0.043
Eurohotel Diagonal Port,Staff_Service,5,8,5,18,27.78,27.78,0.0
Eurohotel Diagonal Port,Value,4,5,5,14,35.71,28.57,0.071
Eurostars Angli,Cleanliness,2,5,8,15,53.33,13.33,0.4
Eurostars Angli,Facilities,2,3,11,16,68.75,12.5,0.562
Eurostars Angli,Food,2,5,19,26,73.08,7.69,0.654
Eurostars Angli,Location,2,6,18,26,69.23,7.69,0.615
Eurostars Angli,Room,3,11,27,41,65.85,7.32,0.585
Eurostars Angli,Staff_Service,3,8,22,33,66.67,9.09,0.576
Eurostars Angli,Value,1,1,4,6,66.67,16.67,0.5
Eurostars Angli,Wellness,0,5,11,16,68.75,0.0,0.688
Eurostars Bcn Design,Cleanliness,7,10,13,30,43.33,23.33,0.2
Eurostars Bcn Design,Facilities,4,9,11,24,45.83,16.67,0.292
Eurostars Bcn Design,Food,4,13,29,46,63.04,8.7,0.543
Eurostars Bcn Design,Location,17,58,101,176,57.39,9.66,0.477
Eurostars Bcn Design,Room,15,48,85,148,57.43,10.14,0.473
Eurostars Bcn Design,Staff_Service,13,35,86,134,64.18,9.7,0.545
Eurostars Bcn Design,Value,3,9,13,25,52.0,12.0,0.4
Eurostars Bcn Design,Wellness,1,4,4,9,44.44,11.11,0.333
Eurostars Cristal Palace,Cleanliness,14,16,41,71,57.75,19.72,0.38
Eurostars Cristal Palace,Facilities,9,30,27,66,40.91,13.64,0.273
Eurostars Cristal Palace,Food,10,32,66,108,61.11,9.26,0.519
Eurostars Cristal Palace,Location,28,76,136,240,56.67,11.67,0.45
Eurostars Cristal Palace,Room,31,66,98,195,50.26,15.9,0.344
Eurostars Cristal Palace,Staff_Service,24,38,94,156,60.26,15.38,0.449
Eurostars Cristal Palace,Value,7,14,18,39,46.15,17.95,0.282
Eurostars Cristal Palace,Wellness,2,1,9,12,75.0,16.67,0.583
Eurostars Embassy,Cleanliness,5,19,30,54,55.56,9.26,0.463
Eurostars Embassy,Facilities,3,10,17,30,56.67,10.0,0.467
Eurostars Embassy,Food,4,18,33,55,60.0,7.27,0.527
Eurostars Embassy,Location,4,23,29,56,51.79,7.14,0.446
Eurostars Embassy,Room,11,23,40,74,54.05,14.86,0.392
Eurostars Embassy,Staff_Service,8,13,29,50,58.0,16.0,0.42
Eurostars Embassy,Value,4,7,11,22,50.0,18.18,0.318
Eurostars Grand Marina Hotel GL,Cleanliness,16,29,79,124,63.71,12.9,0.508
Eurostars Grand Marina Hotel GL,Facilities,14,22,67,103,65.05,13.59,0.515
Eurostars Grand Marina Hotel GL,Food,31,88,187,306,61.11,10.13,0.51
Eurostars Grand Marina Hotel GL,Location,33,144,267,444,60.14,7.43,0.527
Eurostars Grand Marina Hotel GL,Room,67,155,279,501,55.69,13.37,0.423
Eurostars Grand Marina Hotel GL,Staff_Service,60,109,335,504,66.47,11.9,0.546
Eurostars Grand Marina Hotel GL,Value,22,56,70,148,47.3,14.86,0.324
Eurostars Grand Marina Hotel GL,Wellness,17,62,83,162,51.23,10.49,0.407
Eurostars Monumental,Cleanliness,4,14,31,49,63.27,8.16,0.551
Eurostars Monumental,Facilities,6,18,17,41,41.46,14.63,0.268
Eurostars Monumental,Food,9,17,44,70,62.86,12.86,0.5
Eurostars Monumental,Location,8,35,73,116,62.93,6.9,0.56
Eurostars Monumental,Room,15,44,71,130,54.62,11.54,0.431
Eurostars Monumental,Staff_Service,7,30,76,113,67.26,6.19,0.611
Eurostars Monumental,Value,9,6,11,26,42.31,34.62,0.077
Eurostars Monumental,Wellness,1,0,2,3,66.67,33.33,0.333
Eurostars Ramblas,Cleanliness,7,13,47,67,70.15,10.45,0.597
Eurostars Ramblas,Facilities,9,22,34,65,52.31,13.85,0.385
Eurostars Ramblas,Food,14,23,35,72,48.61,19.44,0.292
Eurostars Ramblas,Location,21,86,146,253,57.71,8.3,0.494
Eurostars Ramblas,Room,26,48,110,184,59.78,14.13,0.457
Eurostars Ramblas,Staff_Service,14,30,94,138,68.12,10.14,0.58
Eurostars Ramblas,Value,8,9,17,34,50.0,23.53,0.265
Eurostars Ramblas,Wellness,1,0,4,5,80.0,20.0,0.6
Evenia Rossello,Cleanliness,0,7,16,23,69.57,0.0,0.696
Evenia Rossello,Facilities,2,3,12,17,70.59,11.76,0.588
Evenia Rossello,Food,1,3,14,18,77.78,5.56,0.722
Evenia Rossello,Location,3,10,24,37,64.86,8.11,0.568
Evenia Rossello,Room,3,12,22,37,59.46,8.11,0.514
Evenia Rossello,Staff_Service,2,9,33,44,75.0,4.55,0.705
Evenia Rossello,Value,2,2,6,10,60.0,20.0,0.4
Evenia Rossello,Wellness,0,1,1,2,50.0,0.0,0.5
Excelsior Hotel Gallia Luxury Collection Hotel,Cleanliness,0,4,31,35,88.57,0.0,0.886
Excelsior Hotel Gallia Luxury Collection Hotel,Facilities,1,4,33,38,86.84,2.63,0.842
Excelsior Hotel Gallia Luxury Collection Hotel,Food,3,9,95,107,88.79,2.8,0.86
Excelsior Hotel Gallia Luxury Collection Hotel,Location,2,4,85,91,93.41,2.2,0.912
Excelsior Hotel Gallia Luxury Collection Hotel,Room,5,12,85,102,83.33,4.9,0.784
Excelsior Hotel Gallia Luxury Collection Hotel,Staff_Service,5,16,153,174,87.93,2.87,0.851
Excelsior Hotel Gallia Luxury Collection Hotel,Value,0,3,18,21,85.71,0.0,0.857
Excelsior Hotel Gallia Luxury Collection Hotel,Wellness,0,1,34,35,97.14,0.0,0.971
Exe Laietana Palace,Cleanliness,14,30,48,92,52.17,15.22,0.37
Exe Laietana Palace,Facilities,14,38,34,86,39.53,16.28,0.233
Exe Laietana Palace,Food,19,41,47,107,43.93,17.76,0.262
Exe Laietana Palace,Location,36,105,138,279,49.46,12.9,0.366
Exe Laietana Palace,Room,46,96,104,246,42.28,18.7,0.236
Exe Laietana Palace,Staff_Service,26,57,114,197,57.87,13.2,0.447
Exe Laietana Palace,Value,11,21,17,49,34.69,22.45,0.122
Exe Laietana Palace,Wellness,0,0,1,1,100.0,0.0,1.0
Exe Vienna,Cleanliness,9,31,48,88,54.55,10.23,0.443
Exe Vienna,Facilities,19,39,49,107,45.79,17.76,0.28
Exe Vienna,Food,19,60,96,175,54.86,10.86,0.44
Exe Vienna,Location,8,44,59,111,53.15,7.21,0.459
Exe Vienna,Room,35,77,78,190,41.05,18.42,0.226
Exe Vienna,Staff_Service,18,64,80,162,49.38,11.11,0.383
Exe Vienna,Value,7,23,31,61,50.82,11.48,0.393
Exe Vienna,Wellness,13,49,39,101,38.61,12.87,0.257
Expo Hotel Barcelona,Cleanliness,16,45,58,119,48.74,13.45,0.353
Expo Hotel Barcelona,Facilities,4,36,56,96,58.33,4.17,0.542
Expo Hotel Barcelona,Food,13,73,150,236,63.56,5.51,0.581
Expo Hotel Barcelona,Location,40,161,258,459,56.21,8.71,0.475
Expo Hotel Barcelona,Room,56,162,184,402,45.77,13.93,0.318
Expo Hotel Barcelona,Staff_Service,32,100,201,333,60.36,9.61,0.508
Expo Hotel Barcelona,Value,12,40,39,91,42.86,13.19,0.297
Expo Hotel Barcelona,Wellness,14,49,108,171,63.16,8.19,0.55
Fairmont Rey Juan Carlos I,Cleanliness,2,2,11,15,73.33,13.33,0.6
Fairmont Rey Juan Carlos I,Facilities,6,9,20,35,57.14,17.14,0.4
Fairmont Rey Juan Carlos I,Food,9,16,36,61,59.02,14.75,0.443
Fairmont Rey Juan Carlos I,Location,8,18,35,61,57.38,13.11,0.443
Fairmont Rey Juan Carlos I,Room,19,23,42,84,50.0,22.62,0.274
Fairmont Rey Juan Carlos I,Staff_Service,14,23,61,98,62.24,14.29,0.48
Fairmont Rey Juan Carlos I,Value,8,12,10,30,33.33,26.67,0.067
Fairmont Rey Juan Carlos I,Wellness,8,10,19,37,51.35,21.62,0.297
Falkensteiner Hotel Wien Margareten,Cleanliness,3,11,24,38,63.16,7.89,0.553
Falkensteiner Hotel Wien Margareten,Facilities,2,10,19,31,61.29,6.45,0.548
Falkensteiner Hotel Wien Margareten,Food,1,22,51,74,68.92,1.35,0.676
Falkensteiner Hotel Wien Margareten,Location,4,12,55,71,77.46,5.63,0.718
Falkensteiner Hotel Wien Margareten,Room,5,20,63,88,71.59,5.68,0.659
Falkensteiner Hotel Wien Margareten,Staff_Service,1,15,46,62,74.19,1.61,0.726
Falkensteiner Hotel Wien Margareten,Value,2,8,24,34,70.59,5.88,0.647
Falkensteiner Hotel Wien Margareten,Wellness,1,8,18,27,66.67,3.7,0.63
Falkensteiner Hotel Wien Zentrum Schottenfeld,Cleanliness,0,8,13,21,61.9,0.0,0.619
Falkensteiner Hotel Wien Zentrum Schottenfeld,Facilities,0,7,8,15,53.33,0.0,0.533
Falkensteiner Hotel Wien Zentrum Schottenfeld,Food,1,14,34,49,69.39,2.04,0.673
Falkensteiner Hotel Wien Zentrum Schottenfeld,Location,1,14,20,35,57.14,2.86,0.543
Falkensteiner Hotel Wien Zentrum Schottenfeld,Room,4,23,29,56,51.79,7.14,0.446
Falkensteiner Hotel Wien Zentrum Schottenfeld,Staff_Service,1,14,28,43,65.12,2.33,0.628
Falkensteiner Hotel Wien Zentrum Schottenfeld,Value,0,9,11,20,55.0,0.0,0.55
Falkensteiner Hotel Wien Zentrum Schottenfeld,Wellness,0,2,5,7,71.43,0.0,0.714
Fielding Hotel,Cleanliness,7,20,87,114,76.32,6.14,0.702
Fielding Hotel,Facilities,6,32,89,127,70.08,4.72,0.654
Fielding Hotel,Food,5,14,65,84,77.38,5.95,0.714
Fielding Hotel,Location,16,97,383,496,77.22,3.23,0.74
Fielding Hotel,Room,20,87,285,392,72.7,5.1,0.676
Fielding Hotel,Staff_Service,7,48,308,363,84.85,1.93,0.829
Fielding Hotel,Value,4,11,49,64,76.56,6.25,0.703
Fielding Hotel,Wellness,0,1,8,9,88.89,0.0,0.889
Fifty Four Boutique Hotel,Cleanliness,4,21,38,63,60.32,6.35,0.54
Fifty Four Boutique Hotel,Facilities,2,25,34,61,55.74,3.28,0.525
Fifty Four Boutique Hotel,Food,3,18,42,63,66.67,4.76,0.619
Fifty Four Boutique Hotel,Location,8,52,116,176,65.91,4.55,0.614
Fifty Four Boutique Hotel,Room,13,59,115,187,61.5,6.95,0.545
Fifty Four Boutique Hotel,Staff_Service,7,29,104,140,74.29,5.0,0.693
Fifty Four Boutique Hotel,Value,4,8,20,32,62.5,12.5,0.5
Fifty Four Boutique Hotel,Wellness,1,0,1,2,50.0,50.0,0.0
First Hotel Paris Tour Eiffel,Cleanliness,0,5,9,14,64.29,0.0,0.643
First Hotel Paris Tour Eiffel,Facilities,1,2,9,12,75.0,8.33,0.667
First Hotel Paris Tour Eiffel,Food,0,9,11,20,55.0,0.0,0.55
First Hotel Paris Tour Eiffel,Location,1,16,23,40,57.5,2.5,0.55
First Hotel Paris Tour Eiffel,Room,1,17,17,35,48.57,2.86,0.457
First Hotel Paris Tour Eiffel,Staff_Service,2,9,26,37,70.27,5.41,0.649
First Hotel Paris Tour Eiffel,Value,0,1,3,4,75.0,0.0,0.75
Fleming s Conference Hotel Wien,Cleanliness,3,11,45,59,76.27,5.08,0.712
Fleming s Conference Hotel Wien,Facilities,4,8,29,41,70.73,9.76,0.61
Fleming s Conference Hotel Wien,Food,8,28,81,117,69.23,6.84,0.624
Fleming s Conference Hotel Wien,Location,7,27,88,122,72.13,5.74,0.664
Fleming s Conference Hotel Wien,Room,18,25,95,138,68.84,13.04,0.558
Fleming s Conference Hotel Wien,Staff_Service,15,30,58,103,56.31,14.56,0.417
Fleming s Conference Hotel Wien,Value,5,7,21,33,63.64,15.15,0.485
Fleming s Conference Hotel Wien,Wellness,0,3,10,13,76.92,0.0,0.769
Fleming s Selection Hotel Wien City,Cleanliness,16,37,76,129,58.91,12.4,0.465
Fleming s Selection Hotel Wien City,Facilities,12,33,43,88,48.86,13.64,0.352
Fleming s Selection Hotel Wien City,Food,30,78,209,317,65.93,9.46,0.565
Fleming s Selection Hotel Wien City,Location,41,99,197,337,58.46,12.17,0.463
Fleming s Selection Hotel Wien City,Room,63,113,212,388,54.64,16.24,0.384
Fleming s Selection Hotel Wien City,Staff_Service,44,80,168,292,57.53,15.07,0.425
Fleming s Selection Hotel Wien City,Value,9,29,39,77,50.65,11.69,0.39
Fleming s Selection Hotel Wien City,Wellness,5,9,33,47,70.21,10.64,0.596
Flemings Mayfair,Cleanliness,1,8,34,43,79.07,2.33,0.767
Flemings Mayfair,Facilities,6,12,22,40,55.0,15.0,0.4
Flemings Mayfair,Food,4,29,82,115,71.3,3.48,0.678
Flemings Mayfair,Location,18,58,151,227,66.52,7.93,0.586
Flemings Mayfair,Room,32,89,151,272,55.51,11.76,0.438
Flemings Mayfair,Staff_Service,16,57,204,277,73.65,5.78,0.679
Flemings Mayfair,Value,6,9,31,46,67.39,13.04,0.543
Flemings Mayfair,Wellness,0,1,1,2,50.0,0.0,0.5
Fletcher Hotel Amsterdam,Cleanliness,18,29,50,97,51.55,18.56,0.33
Fletcher Hotel Amsterdam,Facilities,13,36,39,88,44.32,14.77,0.295
Fletcher Hotel Amsterdam,Food,24,48,98,170,57.65,14.12,0.435
Fletcher Hotel Amsterdam,Location,31,58,111,200,55.5,15.5,0.4
Fletcher Hotel Amsterdam,Room,64,108,180,352,51.14,18.18,0.33
Fletcher Hotel Amsterdam,Staff_Service,47,69,116,232,50.0,20.26,0.297
Fletcher Hotel Amsterdam,Value,14,29,36,79,45.57,17.72,0.278
Fletcher Hotel Amsterdam,Wellness,2,4,1,7,14.29,28.57,-0.143
Forest Hill Paris la Villette,Cleanliness,11,26,37,74,50.0,14.86,0.351
Forest Hill Paris la Villette,Facilities,6,14,24,44,54.55,13.64,0.409
Forest Hill Paris la Villette,Food,8,29,26,63,41.27,12.7,0.286
Forest Hill Paris la Villette,Location,17,32,58,107,54.21,15.89,0.383
Forest Hill Paris la Villette,Room,25,46,52,123,42.28,20.33,0.22
Forest Hill Paris la Villette,Staff_Service,23,28,50,101,49.5,22.77,0.267
Forest Hill Paris la Villette,Value,9,18,22,49,44.9,18.37,0.265
Forest Hill Paris la Villette,Wellness,1,0,1,2,50.0,50.0,0.0
Four Points Sheraton Milan Center,Cleanliness,3,4,16,23,69.57,13.04,0.565
Four Points Sheraton Milan Center,Facilities,1,6,12,19,63.16,5.26,0.579
Four Points Sheraton Milan Center,Food,5,10,46,61,75.41,8.2,0.672
Four Points Sheraton Milan Center,Location,3,13,48,64,75.0,4.69,0.703
Four Points Sheraton Milan Center,Room,10,16,43,69,62.32,14.49,0.478
Four Points Sheraton Milan Center,Staff_Service,3,11,41,55,74.55,5.45,0.691
Four Points Sheraton Milan Center,Value,3,2,5,10,50.0,30.0,0.2
Four Points Sheraton Milan Center,Wellness,0,0,3,3,100.0,0.0,1.0
Four Seasons Hotel George V Paris,Cleanliness,0,0,4,4,100.0,0.0,1.0
Four Seasons Hotel George V Paris,Facilities,0,3,8,11,72.73,0.0,0.727
Four Seasons Hotel George V Paris,Food,0,3,13,16,81.25,0.0,0.812
Four Seasons Hotel George V Paris,Location,0,3,14,17,82.35,0.0,0.824
Four Seasons Hotel George V Paris,Room,0,6,19,25,76.0,0.0,0.76
Four Seasons Hotel George V Paris,Staff_Service,1,5,52,58,89.66,1.72,0.879
Four Seasons Hotel George V Paris,Value,0,4,10,14,71.43,0.0,0.714
Four Seasons Hotel George V Paris,Wellness,0,2,8,10,80.0,0.0,0.8
Four Seasons Hotel London at Park Lane,Cleanliness,0,0,5,5,100.0,0.0,1.0
Four Seasons Hotel London at Park Lane,Facilities,0,0,4,4,100.0,0.0,1.0
Four Seasons Hotel London at Park Lane,Food,0,0,15,15,100.0,0.0,1.0
Four Seasons Hotel London at Park Lane,Location,0,2,16,18,88.89,0.0,0.889
Four Seasons Hotel London at Park Lane,Room,1,2,20,23,86.96,4.35,0.826
Four Seasons Hotel London at Park Lane,Staff_Service,3,4,44,51,86.27,5.88,0.804
Four Seasons Hotel London at Park Lane,Value,0,2,9,11,81.82,0.0,0.818
Four Seasons Hotel London at Park Lane,Wellness,0,0,4,4,100.0,0.0,1.0
Four Seasons Hotel Milano,Cleanliness,0,0,1,1,100.0,0.0,1.0
Four Seasons Hotel Milano,Facilities,0,1,0,1,0.0,0.0,0.0
Four Seasons Hotel Milano,Food,1,4,10,15,66.67,6.67,0.6
Four Seasons Hotel Milano,Location,2,4,13,19,68.42,10.53,0.579
Four Seasons Hotel Milano,Room,2,3,6,11,54.55,18.18,0.364
Four Seasons Hotel Milano,Staff_Service,4,4,16,24,66.67,16.67,0.5
Four Seasons Hotel Milano,Value,1,0,1,2,50.0,50.0,0.0
Four Seasons Hotel Milano,Wellness,2,0,3,5,60.0,40.0,0.2
FourSide Hotel Suites Vienna,Cleanliness,1,9,19,29,65.52,3.45,0.621
FourSide Hotel Suites Vienna,Facilities,2,15,22,39,56.41,5.13,0.513
FourSide Hotel Suites Vienna,Food,1,9,24,34,70.59,2.94,0.676
FourSide Hotel Suites Vienna,Location,4,14,29,47,61.7,8.51,0.532
FourSide Hotel Suites Vienna,Room,5,14,30,49,61.22,10.2,0.51
FourSide Hotel Suites Vienna,Staff_Service,2,8,27,37,72.97,5.41,0.676
FourSide Hotel Suites Vienna,Value,0,6,14,20,70.0,0.0,0.7
FourSide Hotel Suites Vienna,Wellness,0,1,5,6,83.33,0.0,0.833
FourSide Hotel Vienna City Center,Cleanliness,5,22,25,52,48.08,9.62,0.385
FourSide Hotel Vienna City Center,Facilities,7,16,22,45,48.89,15.56,0.333
FourSide Hotel Vienna City Center,Food,8,13,22,43,51.16,18.6,0.326
FourSide Hotel Vienna City Center,Location,5,33,43,81,53.09,6.17,0.469
FourSide Hotel Vienna City Center,Room,12,32,44,88,50.0,13.64,0.364
FourSide Hotel Vienna City Center,Staff_Service,9,17,30,56,53.57,16.07,0.375
FourSide Hotel Vienna City Center,Value,5,13,10,28,35.71,17.86,0.179
FourSide Hotel Vienna City Center,Wellness,0,0,1,1,100.0,0.0,1.0
Francois 1er,Cleanliness,3,4,10,17,58.82,17.65,0.412
Francois 1er,Facilities,0,5,9,14,64.29,0.0,0.643
Francois 1er,Food,1,14,31,46,67.39,2.17,0.652
Francois 1er,Location,7,15,47,69,68.12,10.14,0.58
Francois 1er,Room,7,11,32,50,64.0,14.0,0.5
Francois 1er,Staff_Service,3,10,49,62,79.03,4.84,0.742
Francois 1er,Value,1,3,13,17,76.47,5.88,0.706
Francois 1er,Wellness,0,0,1,1,100.0,0.0,1.0
Franklin Roosevelt,Cleanliness,0,1,11,12,91.67,0.0,0.917
Franklin Roosevelt,Facilities,0,2,3,5,60.0,0.0,0.6
Franklin Roosevelt,Food,0,3,12,15,80.0,0.0,0.8
Franklin Roosevelt,Location,2,15,38,55,69.09,3.64,0.655
Franklin Roosevelt,Room,1,9,32,42,76.19,2.38,0.738
Franklin Roosevelt,Staff_Service,2,10,27,39,69.23,5.13,0.641
Franklin Roosevelt,Value,0,3,5,8,62.5,0.0,0.625
Gainsborough Hotel,Cleanliness,54,45,27,126,21.43,42.86,-0.214
Gainsborough Hotel,Facilities,47,50,22,119,18.49,39.5,-0.21
Gainsborough Hotel,Food,51,90,70,211,33.18,24.17,0.09
Gainsborough Hotel,Location,108,210,115,433,26.56,24.94,0.016
Gainsborough Hotel,Room,176,257,124,557,22.26,31.6,-0.093
Gainsborough Hotel,Staff_Service,89,155,122,366,33.33,24.32,0.09
Gainsborough Hotel,Value,29,57,28,114,24.56,25.44,-0.009
Gainsborough Hotel,Wellness,0,0,1,1,100.0,0.0,1.0
Gallery Hotel,Cleanliness,3,5,32,40,80.0,7.5,0.725
Gallery Hotel,Facilities,1,3,16,20,80.0,5.0,0.75
Gallery Hotel,Food,3,13,59,75,78.67,4.0,0.747
Gallery Hotel,Location,2,21,113,136,83.09,1.47,0.816
Gallery Hotel,Room,6,28,83,117,70.94,5.13,0.658
Gallery Hotel,Staff_Service,2,13,126,141,89.36,1.42,0.879
Gallery Hotel,Value,0,1,23,24,95.83,0.0,0.958
Gallery Hotel,Wellness,0,5,30,35,85.71,0.0,0.857
Garden Elys e,Cleanliness,1,3,10,14,71.43,7.14,0.643
Garden Elys e,Facilities,1,3,9,13,69.23,7.69,0.615
Garden Elys e,Food,1,4,15,20,75.0,5.0,0.7
Garden Elys e,Location,3,11,21,35,60.0,8.57,0.514
Garden Elys e,Room,4,10,19,33,57.58,12.12,0.455
Garden Elys e,Staff_Service,3,8,29,40,72.5,7.5,0.65
Garden Elys e,Value,3,2,3,8,37.5,37.5,0.0
Garden Elys e,Wellness,1,0,0,1,0.0,100.0,-1.0
Gardette Park Hotel,Cleanliness,2,15,35,52,67.31,3.85,0.635
Gardette Park Hotel,Facilities,0,11,14,25,56.0,0.0,0.56
Gardette Park Hotel,Food,4,7,30,41,73.17,9.76,0.634
Gardette Park Hotel,Location,3,26,59,88,67.05,3.41,0.636
Gardette Park Hotel,Room,13,37,62,112,55.36,11.61,0.438
Gardette Park Hotel,Staff_Service,7,14,60,81,74.07,8.64,0.654
Gardette Park Hotel,Value,0,7,10,17,58.82,0.0,0.588
Gartenhotel Altmannsdorf Hotel 1,Cleanliness,0,1,4,5,80.0,0.0,0.8
Gartenhotel Altmannsdorf Hotel 1,Facilities,0,1,3,4,75.0,0.0,0.75
Gartenhotel Altmannsdorf Hotel 1,Food,2,1,2,5,40.0,40.0,0.0
Gartenhotel Altmannsdorf Hotel 1,Location,1,3,5,9,55.56,11.11,0.444
Gartenhotel Altmannsdorf Hotel 1,Room,1,0,4,5,80.0,20.0,0.6
Gartenhotel Altmannsdorf Hotel 1,Staff_Service,2,0,6,8,75.0,25.0,0.5
Gartenhotel Altmannsdorf Hotel 1,Value,0,0,1,1,100.0,0.0,1.0
Georgian House Hotel,Cleanliness,3,25,47,75,62.67,4.0,0.587
Georgian House Hotel,Facilities,4,10,32,46,69.57,8.7,0.609
Georgian House Hotel,Food,12,38,133,183,72.68,6.56,0.661
Georgian House Hotel,Location,6,39,81,126,64.29,4.76,0.595
Georgian House Hotel,Room,21,63,139,223,62.33,9.42,0.529
Georgian House Hotel,Staff_Service,11,42,130,183,71.04,6.01,0.65
Georgian House Hotel,Value,3,11,17,31,54.84,9.68,0.452
Georgian House Hotel,Wellness,0,1,0,1,0.0,0.0,0.0
Glam Milano,Cleanliness,13,63,186,262,70.99,4.96,0.66
Glam Milano,Facilities,9,36,90,135,66.67,6.67,0.6
Glam Milano,Food,50,155,560,765,73.2,6.54,0.667
Glam Milano,Location,50,182,605,837,72.28,5.97,0.663
Glam Milano,Room,57,149,425,631,67.35,9.03,0.583
Glam Milano,Staff_Service,48,90,369,507,72.78,9.47,0.633
Glam Milano,Value,13,38,114,165,69.09,7.88,0.612
Glam Milano,Wellness,2,2,19,23,82.61,8.7,0.739
Golden Tulip Amsterdam Riverside,Cleanliness,29,40,61,130,46.92,22.31,0.246
Golden Tulip Amsterdam Riverside,Facilities,15,28,26,69,37.68,21.74,0.159
Golden Tulip Amsterdam Riverside,Food,23,42,70,135,51.85,17.04,0.348
Golden Tulip Amsterdam Riverside,Location,34,76,124,234,52.99,14.53,0.385
Golden Tulip Amsterdam Riverside,Room,52,92,124,268,46.27,19.4,0.269
Golden Tulip Amsterdam Riverside,Staff_Service,40,55,121,216,56.02,18.52,0.375
Golden Tulip Amsterdam Riverside,Value,22,27,37,86,43.02,25.58,0.174
Golden Tulip Amsterdam Riverside,Wellness,3,3,7,13,53.85,23.08,0.308
Golden Tulip Amsterdam West,Cleanliness,22,100,296,418,70.81,5.26,0.656
Golden Tulip Amsterdam West,Facilities,13,66,165,244,67.62,5.33,0.623
Golden Tulip Amsterdam West,Food,29,135,427,591,72.25,4.91,0.673
Golden Tulip Amsterdam West,Location,19,130,370,519,71.29,3.66,0.676
Golden Tulip Amsterdam West,Room,72,215,553,840,65.83,8.57,0.573
Golden Tulip Amsterdam West,Staff_Service,55,159,569,783,72.67,7.02,0.656
Golden Tulip Amsterdam West,Value,16,70,168,254,66.14,6.3,0.598
Golden Tulip Amsterdam West,Wellness,0,5,16,21,76.19,0.0,0.762
Golden Tulip Bercy Gare de Lyon 209,Cleanliness,2,11,30,43,69.77,4.65,0.651
Golden Tulip Bercy Gare de Lyon 209,Facilities,0,5,10,15,66.67,0.0,0.667
Golden Tulip Bercy Gare de Lyon 209,Food,3,5,12,20,60.0,15.0,0.45
Golden Tulip Bercy Gare de Lyon 209,Location,3,17,55,75,73.33,4.0,0.693
Golden Tulip Bercy Gare de Lyon 209,Room,5,27,54,86,62.79,5.81,0.57
Golden Tulip Bercy Gare de Lyon 209,Staff_Service,3,19,80,102,78.43,2.94,0.755
Golden Tulip Bercy Gare de Lyon 209,Value,2,6,7,15,46.67,13.33,0.333
Golden Tulip Opera de Noailles,Cleanliness,1,7,19,27,70.37,3.7,0.667
Golden Tulip Opera de Noailles,Facilities,2,8,17,27,62.96,7.41,0.556
Golden Tulip Opera de Noailles,Food,0,16,46,62,74.19,0.0,0.742
Golden Tulip Opera de Noailles,Location,3,20,66,89,74.16,3.37,0.708
Golden Tulip Opera de Noailles,Room,4,21,46,71,64.79,5.63,0.592
Golden Tulip Opera de Noailles,Staff_Service,3,14,71,88,80.68,3.41,0.773
Golden Tulip Opera de Noailles,Value,0,5,6,11,54.55,0.0,0.545
Golden Tulip Opera de Noailles,Wellness,0,3,1,4,25.0,0.0,0.25
Golden Tulip Washington Opera,Cleanliness,3,7,10,20,50.0,15.0,0.35
Golden Tulip Washington Opera,Facilities,1,14,11,26,42.31,3.85,0.385
Golden Tulip Washington Opera,Food,1,3,12,16,75.0,6.25,0.688
Golden Tulip Washington Opera,Location,2,19,48,69,69.57,2.9,0.667
Golden Tulip Washington Opera,Room,7,17,28,52,53.85,13.46,0.404
Golden Tulip Washington Opera,Staff_Service,6,10,35,51,68.63,11.76,0.569
Golden Tulip Washington Opera,Value,3,7,7,17,41.18,17.65,0.235
Good Hotel London,Cleanliness,12,25,56,93,60.22,12.9,0.473
Good Hotel London,Facilities,11,20,41,72,56.94,15.28,0.417
Good Hotel London,Food,21,51,65,137,47.45,15.33,0.321
Good Hotel London,Location,18,68,125,211,59.24,8.53,0.507
Good Hotel London,Room,51,96,158,305,51.8,16.72,0.351
Good Hotel London,Staff_Service,27,72,173,272,63.6,9.93,0.537
Good Hotel London,Value,12,26,41,79,51.9,15.19,0.367
Good Hotel London,Wellness,0,2,0,2,0.0,0.0,0.0
Goodenough Club,Cleanliness,4,15,61,80,76.25,5.0,0.712
Goodenough Club,Facilities,6,16,58,80,72.5,7.5,0.65
Goodenough Club,Food,9,45,176,230,76.52,3.91,0.726
Goodenough Club,Location,10,44,153,207,73.91,4.83,0.691
Goodenough Club,Room,25,57,202,284,71.13,8.8,0.623
Goodenough Club,Staff_Service,8,28,146,182,80.22,4.4,0.758
Goodenough Club,Value,7,13,35,55,63.64,12.73,0.509
Goodenough Club,Wellness,0,0,1,1,100.0,0.0,1.0
Goralska R sidences H tel Paris Bastille,Cleanliness,0,0,2,2,100.0,0.0,1.0
Goralska R sidences H tel Paris Bastille,Facilities,0,1,2,3,66.67,0.0,0.667
Goralska R sidences H tel Paris Bastille,Food,0,1,4,5,80.0,0.0,0.8
Goralska R sidences H tel Paris Bastille,Location,0,1,5,6,83.33,0.0,0.833
Goralska R sidences H tel Paris Bastille,Room,0,4,9,13,69.23,0.0,0.692
Goralska R sidences H tel Paris Bastille,Staff_Service,0,3,11,14,78.57,0.0,0.786
Graben Hotel,Cleanliness,0,7,19,26,73.08,0.0,0.731
Graben Hotel,Facilities,0,5,12,17,70.59,0.0,0.706
Graben Hotel,Food,1,12,48,61,78.69,1.64,0.77
Graben Hotel,Location,1,21,57,79,72.15,1.27,0.709
Graben Hotel,Room,3,15,32,50,64.0,6.0,0.58
Graben Hotel,Staff_Service,0,16,57,73,78.08,0.0,0.781
Graben Hotel,Value,0,4,10,14,71.43,0.0,0.714
Gran Hotel Barcino,Cleanliness,4,2,2,8,25.0,50.0,-0.25
Gran Hotel Barcino,Facilities,6,4,5,15,33.33,40.0,-0.067
Gran Hotel Barcino,Food,4,5,6,15,40.0,26.67,0.133
Gran Hotel Barcino,Location,14,17,15,46,32.61,30.43,0.022
Gran Hotel Barcino,Room,17,9,13,39,33.33,43.59,-0.103
Gran Hotel Barcino,Staff_Service,9,5,4,18,22.22,50.0,-0.278
Gran Hotel Barcino,Value,3,2,1,6,16.67,50.0,-0.333
Gran Hotel La Florida,Cleanliness,1,6,7,14,50.0,7.14,0.429
Gran Hotel La Florida,Facilities,2,8,25,35,71.43,5.71,0.657
Gran Hotel La Florida,Food,9,15,53,77,68.83,11.69,0.571
Gran Hotel La Florida,Location,4,11,37,52,71.15,7.69,0.635
Gran Hotel La Florida,Room,8,19,57,84,67.86,9.52,0.583
Gran Hotel La Florida,Staff_Service,12,16,80,108,74.07,11.11,0.63
Gran Hotel La Florida,Value,5,6,18,29,62.07,17.24,0.448
Gran Hotel La Florida,Wellness,5,13,42,60,70.0,8.33,0.617
Gran Hotel Torre Catalunya,Cleanliness,8,11,29,48,60.42,16.67,0.438
Gran Hotel Torre Catalunya,Facilities,5,10,22,37,59.46,13.51,0.459
Gran Hotel Torre Catalunya,Food,6,31,91,128,71.09,4.69,0.664
Gran Hotel Torre Catalunya,Location,8,33,151,192,78.65,4.17,0.745
Gran Hotel Torre Catalunya,Room,21,38,134,193,69.43,10.88,0.585
Gran Hotel Torre Catalunya,Staff_Service,9,29,121,159,76.1,5.66,0.704
Gran Hotel Torre Catalunya,Value,7,17,35,59,59.32,11.86,0.475
Gran Hotel Torre Catalunya,Wellness,3,11,20,34,58.82,8.82,0.5
Grand Ferdinand Vienna Your Hotel In The City Center,Cleanliness,2,11,32,45,71.11,4.44,0.667
Grand Ferdinand Vienna Your Hotel In The City Center,Facilities,5,14,24,43,55.81,11.63,0.442
Grand Ferdinand Vienna Your Hotel In The City Center,Food,13,46,183,242,75.62,5.37,0.702
Grand Ferdinand Vienna Your Hotel In The City Center,Location,23,55,161,239,67.36,9.62,0.577
Grand Ferdinand Vienna Your Hotel In The City Center,Room,31,64,164,259,63.32,11.97,0.514
Grand Ferdinand Vienna Your Hotel In The City Center,Staff_Service,26,52,175,253,69.17,10.28,0.589
Grand Ferdinand Vienna Your Hotel In The City Center,Value,8,11,30,49,61.22,16.33,0.449
Grand Ferdinand Vienna Your Hotel In The City Center,Wellness,1,18,56,75,74.67,1.33,0.733
Grand H tel Du Palais Royal,Cleanliness,2,2,22,26,84.62,7.69,0.769
Grand H tel Du Palais Royal,Facilities,1,2,16,19,84.21,5.26,0.789
Grand H tel Du Palais Royal,Food,4,7,44,55,80.0,7.27,0.727
Grand H tel Du Palais Royal,Location,5,9,103,117,88.03,4.27,0.838
Grand H tel Du Palais Royal,Room,10,15,58,83,69.88,12.05,0.578
Grand H tel Du Palais Royal,Staff_Service,9,11,126,146,86.3,6.16,0.801
Grand H tel Du Palais Royal,Value,5,4,12,21,57.14,23.81,0.333
Grand H tel Du Palais Royal,Wellness,0,0,9,9,100.0,0.0,1.0
Grand Hotel Amr th Amsterdam,Cleanliness,11,9,22,42,52.38,26.19,0.262
Grand Hotel Amr th Amsterdam,Facilities,15,24,59,98,60.2,15.31,0.449
Grand Hotel Amr th Amsterdam,Food,24,38,90,152,59.21,15.79,0.434
Grand Hotel Amr th Amsterdam,Location,15,54,151,220,68.64,6.82,0.618
Grand Hotel Amr th Amsterdam,Room,44,72,175,291,60.14,15.12,0.45
Grand Hotel Amr th Amsterdam,Staff_Service,42,58,157,257,61.09,16.34,0.447
Grand Hotel Amr th Amsterdam,Value,11,23,32,66,48.48,16.67,0.318
Grand Hotel Amr th Amsterdam,Wellness,9,19,90,118,76.27,7.63,0.686
Grand Hotel Central,Cleanliness,0,6,21,27,77.78,0.0,0.778
Grand Hotel Central,Facilities,1,2,20,23,86.96,4.35,0.826
Grand Hotel Central,Food,3,13,66,82,80.49,3.66,0.768
Grand Hotel Central,Location,4,20,112,136,82.35,2.94,0.794
Grand Hotel Central,Room,5,28,91,124,73.39,4.03,0.694
Grand Hotel Central,Staff_Service,8,21,176,205,85.85,3.9,0.82
Grand Hotel Central,Value,2,9,20,31,64.52,6.45,0.581
Grand Hotel Central,Wellness,2,14,79,95,83.16,2.11,0.811
Grand Hotel Downtown,Cleanliness,7,44,32,83,38.55,8.43,0.301
Grand Hotel Downtown,Facilities,7,21,13,41,31.71,17.07,0.146
Grand Hotel Downtown,Food,13,36,39,88,44.32,14.77,0.295
Grand Hotel Downtown,Location,18,73,82,173,47.4,10.4,0.37
Grand Hotel Downtown,Room,39,108,114,261,43.68,14.94,0.287
Grand Hotel Downtown,Staff_Service,16,57,85,158,53.8,10.13,0.437
Grand Hotel Downtown,Value,11,23,20,54,37.04,20.37,0.167
Grand Hotel Downtown,Wellness,2,1,5,8,62.5,25.0,0.375
Grand Hotel Saint Michel,Cleanliness,0,2,26,28,92.86,0.0,0.929
Grand Hotel Saint Michel,Facilities,0,4,14,18,77.78,0.0,0.778
Grand Hotel Saint Michel,Food,2,8,45,55,81.82,3.64,0.782
Grand Hotel Saint Michel,Location,3,15,58,76,76.32,3.95,0.724
Grand Hotel Saint Michel,Room,3,15,57,75,76.0,4.0,0.72
Grand Hotel Saint Michel,Staff_Service,2,12,83,97,85.57,2.06,0.835
Grand Hotel Saint Michel,Value,2,2,13,17,76.47,11.76,0.647
Grand Hotel Saint Michel,Wellness,0,2,4,6,66.67,0.0,0.667
Grand Hotel Wien,Cleanliness,1,5,12,18,66.67,5.56,0.611
Grand Hotel Wien,Facilities,2,8,22,32,68.75,6.25,0.625
Grand Hotel Wien,Food,5,16,68,89,76.4,5.62,0.708
Grand Hotel Wien,Location,5,33,90,128,70.31,3.91,0.664
Grand Hotel Wien,Room,8,22,70,100,70.0,8.0,0.62
Grand Hotel Wien,Staff_Service,8,20,93,121,76.86,6.61,0.702
Grand Hotel Wien,Value,5,6,20,31,64.52,16.13,0.484
Grand Hotel Wien,Wellness,1,3,19,23,82.61,4.35,0.783
Grand Hotel et de Milan,Cleanliness,0,0,3,3,100.0,0.0,1.0
Grand Hotel et de Milan,Facilities,2,3,3,8,37.5,25.0,0.125
Grand Hotel et de Milan,Food,1,5,14,20,70.0,5.0,0.65
Grand Hotel et de Milan,Location,2,9,32,43,74.42,4.65,0.698
Grand Hotel et de Milan,Room,7,4,17,28,60.71,25.0,0.357
Grand Hotel et de Milan,Staff_Service,3,4,35,42,83.33,7.14,0.762
Grand Hotel et de Milan,Value,0,0,3,3,100.0,0.0,1.0
Grand Hotel et de Milan,Wellness,0,0,2,2,100.0,0.0,1.0
Grand Pigalle Hotel,Cleanliness,0,2,13,15,86.67,0.0,0.867
Grand Pigalle Hotel,Facilities,0,2,3,5,60.0,0.0,0.6
Grand Pigalle Hotel,Food,0,7,32,39,82.05,0.0,0.821
Grand Pigalle Hotel,Location,0,9,45,54,83.33,0.0,0.833
Grand Pigalle Hotel,Room,1,9,46,56,82.14,1.79,0.804
Grand Pigalle Hotel,Staff_Service,2,11,59,72,81.94,2.78,0.792
Grand Pigalle Hotel,Value,0,6,11,17,64.71,0.0,0.647
Grand Royale London Hyde Park,Cleanliness,72,169,226,467,48.39,15.42,0.33
Grand Royale London Hyde Park,Facilities,32,77,91,200,45.5,16.0,0.295
Grand Royale London Hyde Park,Food,77,227,352,656,53.66,11.74,0.419
Grand Royale London Hyde Park,Location,129,550,621,1300,47.77,9.92,0.378
Grand Royale London Hyde Park,Room,334,815,734,1883,38.98,17.74,0.212
Grand Royale London Hyde Park,Staff_Service,168,463,800,1431,55.9,11.74,0.442
Grand Royale London Hyde Park,Value,62,135,126,323,39.01,19.2,0.198
Grand Royale London Hyde Park,Wellness,4,3,6,13,46.15,30.77,0.154
Grand Visconti Palace,Cleanliness,1,9,12,22,54.55,4.55,0.5
Grand Visconti Palace,Facilities,2,14,30,46,65.22,4.35,0.609
Grand Visconti Palace,Food,2,15,59,76,77.63,2.63,0.75
Grand Visconti Palace,Location,3,15,43,61,70.49,4.92,0.656
Grand Visconti Palace,Room,5,18,47,70,67.14,7.14,0.6
Grand Visconti Palace,Staff_Service,3,17,71,91,78.02,3.3,0.747
Grand Visconti Palace,Value,1,10,15,26,57.69,3.85,0.538
Grand Visconti Palace,Wellness,3,19,37,59,62.71,5.08,0.576
Grange Beauchamp Hotel,Cleanliness,2,20,55,77,71.43,2.6,0.688
Grange Beauchamp Hotel,Facilities,1,8,20,29,68.97,3.45,0.655
Grange Beauchamp Hotel,Food,5,21,44,70,62.86,7.14,0.557
Grange Beauchamp Hotel,Location,5,44,110,159,69.18,3.14,0.66
Grange Beauchamp Hotel,Room,11,70,143,224,63.84,4.91,0.589
Grange Beauchamp Hotel,Staff_Service,8,41,108,157,68.79,5.1,0.637
Grange Beauchamp Hotel,Value,3,22,38,63,60.32,4.76,0.556
Grange Beauchamp Hotel,Wellness,0,0,1,1,100.0,0.0,1.0
Grange Blooms Hotel,Cleanliness,2,6,22,30,73.33,6.67,0.667
Grange Blooms Hotel,Facilities,4,6,9,19,47.37,21.05,0.263
Grange Blooms Hotel,Food,2,7,23,32,71.88,6.25,0.656
Grange Blooms Hotel,Location,5,29,57,91,62.64,5.49,0.571
Grange Blooms Hotel,Room,10,35,68,113,60.18,8.85,0.513
Grange Blooms Hotel,Staff_Service,3,21,57,81,70.37,3.7,0.667
Grange Blooms Hotel,Value,0,9,20,29,68.97,0.0,0.69
Grange Blooms Hotel,Wellness,0,0,1,1,100.0,0.0,1.0
Grange Buckingham Hotel,Cleanliness,0,1,8,9,88.89,0.0,0.889
Grange Buckingham Hotel,Facilities,0,1,7,8,87.5,0.0,0.875
Grange Buckingham Hotel,Food,1,5,3,9,33.33,11.11,0.222
Grange Buckingham Hotel,Location,1,10,19,30,63.33,3.33,0.6
Grange Buckingham Hotel,Room,1,7,15,23,65.22,4.35,0.609
Grange Buckingham Hotel,Staff_Service,0,5,18,23,78.26,0.0,0.783
Grange Buckingham Hotel,Value,1,5,3,9,33.33,11.11,0.222
Grange City Hotel,Cleanliness,5,10,35,50,70.0,10.0,0.6
Grange City Hotel,Facilities,4,22,41,67,61.19,5.97,0.552
Grange City Hotel,Food,12,18,65,95,68.42,12.63,0.558
Grange City Hotel,Location,15,43,110,168,65.48,8.93,0.565
Grange City Hotel,Room,27,71,133,231,57.58,11.69,0.459
Grange City Hotel,Staff_Service,16,29,129,174,74.14,9.2,0.649
Grange City Hotel,Value,7,20,46,73,63.01,9.59,0.534
Grange City Hotel,Wellness,6,20,65,91,71.43,6.59,0.648
Grange Clarendon Hotel,Cleanliness,4,27,31,62,50.0,6.45,0.435
Grange Clarendon Hotel,Facilities,11,17,18,46,39.13,23.91,0.152
Grange Clarendon Hotel,Food,5,33,46,84,54.76,5.95,0.488
Grange Clarendon Hotel,Location,22,73,115,210,54.76,10.48,0.443
Grange Clarendon Hotel,Room,33,93,140,266,52.63,12.41,0.402
Grange Clarendon Hotel,Staff_Service,10,48,93,151,61.59,6.62,0.55
Grange Clarendon Hotel,Value,6,32,40,78,51.28,7.69,0.436
Grange Clarendon Hotel,Wellness,0,1,0,1,0.0,0.0,0.0
Grange Fitzrovia Hotel,Cleanliness,5,26,37,68,54.41,7.35,0.471
Grange Fitzrovia Hotel,Facilities,6,13,29,48,60.42,12.5,0.479
Grange Fitzrovia Hotel,Food,13,30,41,84,48.81,15.48,0.333
Grange Fitzrovia Hotel,Location,16,80,124,220,56.36,7.27,0.491
Grange Fitzrovia Hotel,Room,41,111,128,280,45.71,14.64,0.311
Grange Fitzrovia Hotel,Staff_Service,21,65,122,208,58.65,10.1,0.486
Grange Fitzrovia Hotel,Value,7,34,40,81,49.38,8.64,0.407
Grange Fitzrovia Hotel,Wellness,1,2,2,5,40.0,20.0,0.2
Grange Holborn Hotel,Cleanliness,13,7,29,49,59.18,26.53,0.327
Grange Holborn Hotel,Facilities,3,15,27,45,60.0,6.67,0.533
Grange Holborn Hotel,Food,5,10,49,64,76.56,7.81,0.688
Grange Holborn Hotel,Location,22,51,93,166,56.02,13.25,0.428
Grange Holborn Hotel,Room,23,68,95,186,51.08,12.37,0.387
Grange Holborn Hotel,Staff_Service,19,37,117,173,67.63,10.98,0.566
Grange Holborn Hotel,Value,5,18,36,59,61.02,8.47,0.525
Grange Holborn Hotel,Wellness,9,22,46,77,59.74,11.69,0.481
Grange Langham Court Hotel,Cleanliness,3,14,34,51,66.67,5.88,0.608
Grange Langham Court Hotel,Facilities,10,12,12,34,35.29,29.41,0.059
Grange Langham Court Hotel,Food,5,15,29,49,59.18,10.2,0.49
Grange Langham Court Hotel,Location,17,57,92,166,55.42,10.24,0.452
Grange Langham Court Hotel,Room,29,72,84,185,45.41,15.68,0.297
Grange Langham Court Hotel,Staff_Service,14,38,94,146,64.38,9.59,0.548
Grange Langham Court Hotel,Value,6,15,16,37,43.24,16.22,0.27
Grange Langham Court Hotel,Wellness,0,0,1,1,100.0,0.0,1.0
Grange Rochester Hotel,Cleanliness,6,16,35,57,61.4,10.53,0.509
Grange Rochester Hotel,Facilities,5,21,22,48,45.83,10.42,0.354
Grange Rochester Hotel,Food,9,32,52,93,55.91,9.68,0.462
Grange Rochester Hotel,Location,7,73,99,179,55.31,3.91,0.514
Grange Rochester Hotel,Room,28,78,106,212,50.0,13.21,0.368
Grange Rochester Hotel,Staff_Service,9,43,97,149,65.1,6.04,0.591
Grange Rochester Hotel,Value,7,28,39,74,52.7,9.46,0.432
Grange Rochester Hotel,Wellness,1,1,2,4,50.0,25.0,0.25
Grange St Paul s Hotel,Cleanliness,16,38,84,138,60.87,11.59,0.493
Grange St Paul s Hotel,Facilities,18,60,131,209,62.68,8.61,0.541
Grange St Paul s Hotel,Food,20,95,149,264,56.44,7.58,0.489
Grange St Paul s Hotel,Location,39,186,336,561,59.89,6.95,0.529
Grange St Paul s Hotel,Room,61,202,340,603,56.38,10.12,0.463
Grange St Paul s Hotel,Staff_Service,51,151,335,537,62.38,9.5,0.529
Grange St Paul s Hotel,Value,17,50,89,156,57.05,10.9,0.462
Grange St Paul s Hotel,Wellness,15,55,164,234,70.09,6.41,0.637
Grange Strathmore Hotel,Cleanliness,4,34,35,73,47.95,5.48,0.425
Grange Strathmore Hotel,Facilities,6,34,27,67,40.3,8.96,0.313
Grange Strathmore Hotel,Food,9,32,57,98,58.16,9.18,0.49
Grange Strathmore Hotel,Location,17,101,142,260,54.62,6.54,0.481
Grange Strathmore Hotel,Room,25,132,150,307,48.86,8.14,0.407
Grange Strathmore Hotel,Staff_Service,7,67,125,199,62.81,3.52,0.593
Grange Strathmore Hotel,Value,10,38,43,91,47.25,10.99,0.363
Grange Strathmore Hotel,Wellness,0,1,1,2,50.0,0.0,0.5
Grange Tower Bridge Hotel,Cleanliness,9,21,89,119,74.79,7.56,0.672
Grange Tower Bridge Hotel,Facilities,6,40,105,151,69.54,3.97,0.656
Grange Tower Bridge Hotel,Food,17,37,119,173,68.79,9.83,0.59
Grange Tower Bridge Hotel,Location,14,52,139,205,67.8,6.83,0.61
Grange Tower Bridge Hotel,Room,25,87,249,361,68.98,6.93,0.62
Grange Tower Bridge Hotel,Staff_Service,20,66,223,309,72.17,6.47,0.657
Grange Tower Bridge Hotel,Value,9,31,72,112,64.29,8.04,0.562
Grange Tower Bridge Hotel,Wellness,11,33,150,194,77.32,5.67,0.716
Grange Wellington Hotel,Cleanliness,2,18,86,106,81.13,1.89,0.792
Grange Wellington Hotel,Facilities,6,16,31,53,58.49,11.32,0.472
Grange Wellington Hotel,Food,2,18,72,92,78.26,2.17,0.761
Grange Wellington Hotel,Location,8,45,152,205,74.15,3.9,0.702
Grange Wellington Hotel,Room,15,57,182,254,71.65,5.91,0.657
Grange Wellington Hotel,Staff_Service,14,38,159,211,75.36,6.64,0.687
Grange Wellington Hotel,Value,5,10,39,54,72.22,9.26,0.63
Grange Wellington Hotel,Wellness,0,0,4,4,100.0,0.0,1.0
Grange White Hall Hotel,Cleanliness,1,16,18,35,51.43,2.86,0.486
Grange White Hall Hotel,Facilities,4,10,15,29,51.72,13.79,0.379
Grange White Hall Hotel,Food,7,19,26,52,50.0,13.46,0.365
Grange White Hall Hotel,Location,8,47,58,113,51.33,7.08,0.442
Grange White Hall Hotel,Room,17,58,62,137,45.26,12.41,0.328
Grange White Hall Hotel,Staff_Service,9,33,57,99,57.58,9.09,0.485
Grange White Hall Hotel,Value,5,14,19,38,50.0,13.16,0.368
Great Northern Hotel A Tribute Portfolio Hotel London,Cleanliness,4,15,42,61,68.85,6.56,0.623
Great Northern Hotel A Tribute Portfolio Hotel London,Facilities,5,16,40,61,65.57,8.2,0.574
Great Northern Hotel A Tribute Portfolio Hotel London,Food,9,27,123,159,77.36,5.66,0.717
Great Northern Hotel A Tribute Portfolio Hotel London,Location,11,59,185,255,72.55,4.31,0.682
Great Northern Hotel A Tribute Portfolio Hotel London,Room,31,95,234,360,65.0,8.61,0.564
Great Northern Hotel A Tribute Portfolio Hotel London,Staff_Service,14,35,203,252,80.56,5.56,0.75
Great Northern Hotel A Tribute Portfolio Hotel London,Value,14,23,40,77,51.95,18.18,0.338
Great Northern Hotel A Tribute Portfolio Hotel London,Wellness,0,4,4,8,50.0,0.0,0.5
Great St Helen Hotel,Cleanliness,15,71,56,142,39.44,10.56,0.289
Great St Helen Hotel,Facilities,7,30,20,57,35.09,12.28,0.228
Great St Helen Hotel,Food,16,24,30,70,42.86,22.86,0.2
Great St Helen Hotel,Location,33,141,117,291,40.21,11.34,0.289
Great St Helen Hotel,Room,73,181,117,371,31.54,19.68,0.119
Great St Helen Hotel,Staff_Service,23,56,60,139,43.17,16.55,0.266
Great St Helen Hotel,Value,10,32,25,67,37.31,14.93,0.224
Great St Helen Hotel,Wellness,0,1,0,1,0.0,0.0,0.0
Grosvenor House A JW Marriott Hotel,Cleanliness,4,6,12,22,54.55,18.18,0.364
Grosvenor House A JW Marriott Hotel,Facilities,4,14,12,30,40.0,13.33,0.267
Grosvenor House A JW Marriott Hotel,Food,8,16,26,50,52.0,16.0,0.36
Grosvenor House A JW Marriott Hotel,Location,15,31,25,71,35.21,21.13,0.141
Grosvenor House A JW Marriott Hotel,Room,24,43,52,119,43.7,20.17,0.235
Grosvenor House A JW Marriott Hotel,Staff_Service,16,29,67,112,59.82,14.29,0.455
Grosvenor House A JW Marriott Hotel,Value,4,14,15,33,45.45,12.12,0.333
Grosvenor House A JW Marriott Hotel,Wellness,0,1,5,6,83.33,0.0,0.833
Grosvenor House Suites by Jumeirah Living,Cleanliness,2,1,5,8,62.5,25.0,0.375
Grosvenor House Suites by Jumeirah Living,Facilities,0,2,5,7,71.43,0.0,0.714
Grosvenor House Suites by Jumeirah Living,Food,2,4,8,14,57.14,14.29,0.429
Grosvenor House Suites by Jumeirah Living,Location,3,16,30,49,61.22,6.12,0.551
Grosvenor House Suites by Jumeirah Living,Room,6,9,21,36,58.33,16.67,0.417
Grosvenor House Suites by Jumeirah Living,Staff_Service,5,11,40,56,71.43,8.93,0.625
Grosvenor House Suites by Jumeirah Living,Value,2,2,1,5,20.0,40.0,-0.2
Grosvenor House Suites by Jumeirah Living,Wellness,0,0,4,4,100.0,0.0,1.0
Grupotel Gran Via 678,Cleanliness,1,17,36,54,66.67,1.85,0.648
Grupotel Gran Via 678,Facilities,2,16,23,41,56.1,4.88,0.512
Grupotel Gran Via 678,Food,6,23,67,96,69.79,6.25,0.635
Grupotel Gran Via 678,Location,8,59,100,167,59.88,4.79,0.551
Grupotel Gran Via 678,Room,13,68,102,183,55.74,7.1,0.486
Grupotel Gran Via 678,Staff_Service,9,40,124,173,71.68,5.2,0.665
Grupotel Gran Via 678,Value,3,15,20,38,52.63,7.89,0.447
Grupotel Gran Via 678,Wellness,3,26,42,71,59.15,4.23,0.549
Guitart Grand Passage,Cleanliness,10,6,16,32,50.0,31.25,0.188
Guitart Grand Passage,Facilities,1,7,11,19,57.89,5.26,0.526
Guitart Grand Passage,Food,5,13,29,47,61.7,10.64,0.511
Guitart Grand Passage,Location,8,14,42,64,65.62,12.5,0.531
Guitart Grand Passage,Room,15,23,57,95,60.0,15.79,0.442
Guitart Grand Passage,Staff_Service,9,9,40,58,68.97,15.52,0.534
Guitart Grand Passage,Value,2,6,9,17,52.94,11.76,0.412
Guitart Grand Passage,Wellness,0,1,1,2,50.0,0.0,0.5
H tel Ad le Jules,Cleanliness,0,4,18,22,81.82,0.0,0.818
H tel Ad le Jules,Facilities,2,3,5,10,50.0,20.0,0.3
H tel Ad le Jules,Food,0,8,15,23,65.22,0.0,0.652
H tel Ad le Jules,Location,1,7,24,32,75.0,3.12,0.719
H tel Ad le Jules,Room,2,10,36,48,75.0,4.17,0.708
H tel Ad le Jules,Staff_Service,2,9,42,53,79.25,3.77,0.755
H tel Ad le Jules,Value,1,3,3,7,42.86,14.29,0.286
H tel Ad le Jules,Wellness,0,1,0,1,0.0,0.0,0.0
H tel Aiglon Esprit de France,Cleanliness,2,8,39,49,79.59,4.08,0.755
H tel Aiglon Esprit de France,Facilities,2,10,18,30,60.0,6.67,0.533
H tel Aiglon Esprit de France,Food,1,8,47,56,83.93,1.79,0.821
H tel Aiglon Esprit de France,Location,2,21,76,99,76.77,2.02,0.747
H tel Aiglon Esprit de France,Room,5,17,94,116,81.03,4.31,0.767
H tel Aiglon Esprit de France,Staff_Service,4,16,91,111,81.98,3.6,0.784
H tel Aiglon Esprit de France,Value,0,6,19,25,76.0,0.0,0.76
H tel Aiglon Esprit de France,Wellness,0,0,2,2,100.0,0.0,1.0
H tel Amastan Paris,Cleanliness,1,1,3,5,60.0,20.0,0.4
H tel Amastan Paris,Facilities,0,0,1,1,100.0,0.0,1.0
H tel Amastan Paris,Food,2,0,9,11,81.82,18.18,0.636
H tel Amastan Paris,Location,1,2,6,9,66.67,11.11,0.556
H tel Amastan Paris,Room,2,1,17,20,85.0,10.0,0.75
H tel Amastan Paris,Staff_Service,2,1,20,23,86.96,8.7,0.783
H tel Amastan Paris,Value,0,0,2,2,100.0,0.0,1.0
H tel Arvor Saint Georges,Cleanliness,0,10,21,31,67.74,0.0,0.677
H tel Arvor Saint Georges,Facilities,0,0,7,7,100.0,0.0,1.0
H tel Arvor Saint Georges,Food,1,2,31,34,91.18,2.94,0.882
H tel Arvor Saint Georges,Location,1,12,52,65,80.0,1.54,0.785
H tel Arvor Saint Georges,Room,3,11,45,59,76.27,5.08,0.712
H tel Arvor Saint Georges,Staff_Service,4,10,53,67,79.1,5.97,0.731
H tel Arvor Saint Georges,Value,1,2,10,13,76.92,7.69,0.692
H tel Balzac,Cleanliness,1,3,5,9,55.56,11.11,0.444
H tel Balzac,Facilities,4,11,6,21,28.57,19.05,0.095
H tel Balzac,Food,3,11,15,29,51.72,10.34,0.414
H tel Balzac,Location,10,32,49,91,53.85,10.99,0.429
H tel Balzac,Room,16,24,30,70,42.86,22.86,0.2
H tel Balzac,Staff_Service,7,22,45,74,60.81,9.46,0.514
H tel Balzac,Value,6,7,7,20,35.0,30.0,0.05
H tel Balzac,Wellness,1,0,1,2,50.0,50.0,0.0
H tel Barri re Le Fouquet s,Cleanliness,0,0,1,1,100.0,0.0,1.0
H tel Barri re Le Fouquet s,Facilities,0,0,1,1,100.0,0.0,1.0
H tel Barri re Le Fouquet s,Food,1,0,3,4,75.0,25.0,0.5
H tel Barri re Le Fouquet s,Location,3,3,11,17,64.71,17.65,0.471
H tel Barri re Le Fouquet s,Room,0,3,8,11,72.73,0.0,0.727
H tel Barri re Le Fouquet s,Staff_Service,1,1,16,18,88.89,5.56,0.833
H tel Barri re Le Fouquet s,Value,0,2,1,3,33.33,0.0,0.333
H tel Barri re Le Fouquet s,Wellness,0,1,0,1,0.0,0.0,0.0
H tel Baume,Cleanliness,0,2,17,19,89.47,0.0,0.895
H tel Baume,Facilities,0,1,8,9,88.89,0.0,0.889
H tel Baume,Food,1,3,21,25,84.0,4.0,0.8
H tel Baume,Location,1,5,44,50,88.0,2.0,0.86
H tel Baume,Room,3,5,42,50,84.0,6.0,0.78
H tel Baume,Staff_Service,1,4,56,61,91.8,1.64,0.902
H tel Baume,Value,2,1,8,11,72.73,18.18,0.545
H tel Beauchamps,Cleanliness,3,20,27,50,54.0,6.0,0.48
H tel Beauchamps,Facilities,7,10,18,35,51.43,20.0,0.314
H tel Beauchamps,Food,1,10,22,33,66.67,3.03,0.636
H tel Beauchamps,Location,18,67,92,177,51.98,10.17,0.418
H tel Beauchamps,Room,22,52,72,146,49.32,15.07,0.342
H tel Beauchamps,Staff_Service,13,38,77,128,60.16,10.16,0.5
H tel Beauchamps,Value,5,8,16,29,55.17,17.24,0.379
H tel Beauchamps,Wellness,1,2,2,5,40.0,20.0,0.2
H tel Bedford,Cleanliness,5,14,56,75,74.67,6.67,0.68
H tel Bedford,Facilities,10,10,49,69,71.01,14.49,0.565
H tel Bedford,Food,6,20,57,83,68.67,7.23,0.614
H tel Bedford,Location,16,45,121,182,66.48,8.79,0.577
H tel Bedford,Room,22,36,111,169,65.68,13.02,0.527
H tel Bedford,Staff_Service,10,33,138,181,76.24,5.52,0.707
H tel Bedford,Value,7,10,20,37,54.05,18.92,0.351
H tel Bedford,Wellness,1,0,2,3,66.67,33.33,0.333
H tel Bel Ami,Cleanliness,1,3,8,12,66.67,8.33,0.583
H tel Bel Ami,Facilities,1,3,6,10,60.0,10.0,0.5
H tel Bel Ami,Food,4,8,16,28,57.14,14.29,0.429
H tel Bel Ami,Location,4,11,34,49,69.39,8.16,0.612
H tel Bel Ami,Room,6,15,29,50,58.0,12.0,0.46
H tel Bel Ami,Staff_Service,6,5,43,54,79.63,11.11,0.685
H tel Bel Ami,Value,2,4,8,14,57.14,14.29,0.429
H tel Bel Ami,Wellness,0,0,4,4,100.0,0.0,1.0
H tel Belloy Saint Germain By Happyculture,Cleanliness,2,1,9,12,75.0,16.67,0.583
H tel Belloy Saint Germain By Happyculture,Facilities,1,5,15,21,71.43,4.76,0.667
H tel Belloy Saint Germain By Happyculture,Food,2,4,8,14,57.14,14.29,0.429
H tel Belloy Saint Germain By Happyculture,Location,5,10,33,48,68.75,10.42,0.583
H tel Belloy Saint Germain By Happyculture,Room,9,10,19,38,50.0,23.68,0.263
H tel Belloy Saint Germain By Happyculture,Staff_Service,5,6,31,42,73.81,11.9,0.619
H tel Belloy Saint Germain By Happyculture,Value,1,0,2,3,66.67,33.33,0.333
H tel Bourgogne Montana by MH,Cleanliness,0,3,18,21,85.71,0.0,0.857
H tel Bourgogne Montana by MH,Facilities,0,1,10,11,90.91,0.0,0.909
H tel Bourgogne Montana by MH,Food,2,8,29,39,74.36,5.13,0.692
H tel Bourgogne Montana by MH,Location,1,8,56,65,86.15,1.54,0.846
H tel Bourgogne Montana by MH,Room,5,9,58,72,80.56,6.94,0.736
H tel Bourgogne Montana by MH,Staff_Service,2,6,70,78,89.74,2.56,0.872
H tel Bourgogne Montana by MH,Value,2,3,10,15,66.67,13.33,0.533
H tel Bourgogne Montana by MH,Wellness,1,0,3,4,75.0,25.0,0.5
H tel Brighton Esprit de France,Cleanliness,3,6,16,25,64.0,12.0,0.52
H tel Brighton Esprit de France,Facilities,3,9,39,51,76.47,5.88,0.706
H tel Brighton Esprit de France,Food,2,11,45,58,77.59,3.45,0.741
H tel Brighton Esprit de France,Location,10,30,135,175,77.14,5.71,0.714
H tel Brighton Esprit de France,Room,9,28,111,148,75.0,6.08,0.689
H tel Brighton Esprit de France,Staff_Service,10,22,141,173,81.5,5.78,0.757
H tel Brighton Esprit de France,Value,5,8,19,32,59.38,15.62,0.438
H tel Brighton Esprit de France,Wellness,0,0,2,2,100.0,0.0,1.0
H tel California Champs Elys es,Cleanliness,2,9,15,26,57.69,7.69,0.5
H tel California Champs Elys es,Facilities,8,11,9,28,32.14,28.57,0.036
H tel California Champs Elys es,Food,4,11,37,52,71.15,7.69,0.635
H tel California Champs Elys es,Location,16,43,75,134,55.97,11.94,0.44
H tel California Champs Elys es,Room,23,32,47,102,46.08,22.55,0.235
H tel California Champs Elys es,Staff_Service,16,31,88,135,65.19,11.85,0.533
H tel California Champs Elys es,Value,9,14,13,36,36.11,25.0,0.111
H tel California Champs Elys es,Wellness,0,1,0,1,0.0,0.0,0.0
H tel Champs lys es Plaza,Cleanliness,0,0,5,5,100.0,0.0,1.0
H tel Champs lys es Plaza,Facilities,0,4,5,9,55.56,0.0,0.556
H tel Champs lys es Plaza,Food,0,5,12,17,70.59,0.0,0.706
H tel Champs lys es Plaza,Location,0,6,14,20,70.0,0.0,0.7
H tel Champs lys es Plaza,Room,2,2,31,35,88.57,5.71,0.829
H tel Champs lys es Plaza,Staff_Service,2,6,38,46,82.61,4.35,0.783
H tel Champs lys es Plaza,Value,1,1,1,3,33.33,33.33,0.0
H tel Champs lys es Plaza,Wellness,0,1,4,5,80.0,0.0,0.8
H tel Chaplain Paris Rive Gauche,Cleanliness,1,7,29,37,78.38,2.7,0.757
H tel Chaplain Paris Rive Gauche,Facilities,4,4,20,28,71.43,14.29,0.571
H tel Chaplain Paris Rive Gauche,Food,1,9,37,47,78.72,2.13,0.766
H tel Chaplain Paris Rive Gauche,Location,0,16,58,74,78.38,0.0,0.784
H tel Chaplain Paris Rive Gauche,Room,2,16,50,68,73.53,2.94,0.706
H tel Chaplain Paris Rive Gauche,Staff_Service,1,13,63,77,81.82,1.3,0.805
H tel Chaplain Paris Rive Gauche,Value,2,5,8,15,53.33,13.33,0.4
H tel Concorde Montparnasse,Cleanliness,7,23,31,61,50.82,11.48,0.393
H tel Concorde Montparnasse,Facilities,10,25,16,51,31.37,19.61,0.118
H tel Concorde Montparnasse,Food,18,37,44,99,44.44,18.18,0.263
H tel Concorde Montparnasse,Location,25,70,88,183,48.09,13.66,0.344
H tel Concorde Montparnasse,Room,36,62,65,163,39.88,22.09,0.178
H tel Concorde Montparnasse,Staff_Service,23,47,69,139,49.64,16.55,0.331
H tel Concorde Montparnasse,Value,11,19,21,51,41.18,21.57,0.196
H tel Concorde Montparnasse,Wellness,0,1,3,4,75.0,0.0,0.75
H tel Crayon Rouge by Elegancia,Cleanliness,1,0,4,5,80.0,20.0,0.6
H tel Crayon Rouge by Elegancia,Facilities,2,3,9,14,64.29,14.29,0.5
H tel Crayon Rouge by Elegancia,Food,0,4,20,24,83.33,0.0,0.833
H tel Crayon Rouge by Elegancia,Location,3,7,42,52,80.77,5.77,0.75
H tel Crayon Rouge by Elegancia,Room,5,7,33,45,73.33,11.11,0.622
H tel Crayon Rouge by Elegancia,Staff_Service,4,4,45,53,84.91,7.55,0.774
H tel Crayon Rouge by Elegancia,Value,0,0,4,4,100.0,0.0,1.0
H tel Crayon Rouge by Elegancia,Wellness,0,0,1,1,100.0,0.0,1.0
H tel Cristal Champs Elys es,Cleanliness,1,3,9,13,69.23,7.69,0.615
H tel Cristal Champs Elys es,Facilities,2,4,5,11,45.45,18.18,0.273
H tel Cristal Champs Elys es,Food,2,1,11,14,78.57,14.29,0.643
H tel Cristal Champs Elys es,Location,3,23,46,72,63.89,4.17,0.597
H tel Cristal Champs Elys es,Room,5,13,25,43,58.14,11.63,0.465
H tel Cristal Champs Elys es,Staff_Service,5,10,51,66,77.27,7.58,0.697
H tel Cristal Champs Elys es,Value,0,1,5,6,83.33,0.0,0.833
H tel Cristal Champs Elys es,Wellness,1,0,0,1,0.0,100.0,-1.0
H tel D Aubusson,Cleanliness,0,0,22,22,100.0,0.0,1.0
H tel D Aubusson,Facilities,0,2,17,19,89.47,0.0,0.895
H tel D Aubusson,Food,0,9,60,69,86.96,0.0,0.87
H tel D Aubusson,Location,1,12,140,153,91.5,0.65,0.908
H tel D Aubusson,Room,0,13,103,116,88.79,0.0,0.888
H tel D Aubusson,Staff_Service,0,1,180,181,99.45,0.0,0.994
H tel D Aubusson,Value,0,4,19,23,82.61,0.0,0.826
H tel D Aubusson,Wellness,0,0,2,2,100.0,0.0,1.0
H tel Da Vinci Spa,Cleanliness,0,1,9,10,90.0,0.0,0.9
H tel Da Vinci Spa,Facilities,0,5,7,12,58.33,0.0,0.583
H tel Da Vinci Spa,Food,0,2,23,25,92.0,0.0,0.92
H tel Da Vinci Spa,Location,0,16,62,78,79.49,0.0,0.795
H tel Da Vinci Spa,Room,2,14,42,58,72.41,3.45,0.69
H tel Da Vinci Spa,Staff_Service,2,17,93,112,83.04,1.79,0.812
H tel Da Vinci Spa,Value,1,2,11,14,78.57,7.14,0.714
H tel Da Vinci Spa,Wellness,0,6,21,27,77.78,0.0,0.778
H tel De Buci by MH,Cleanliness,0,0,3,3,100.0,0.0,1.0
H tel De Buci by MH,Facilities,0,3,1,4,25.0,0.0,0.25
H tel De Buci by MH,Food,2,2,9,13,69.23,15.38,0.538
H tel De Buci by MH,Location,1,5,33,39,84.62,2.56,0.821
H tel De Buci by MH,Room,2,4,22,28,78.57,7.14,0.714
H tel De Buci by MH,Staff_Service,2,2,28,32,87.5,6.25,0.812
H tel De Buci by MH,Value,0,0,4,4,100.0,0.0,1.0
H tel De Buci by MH,Wellness,0,0,1,1,100.0,0.0,1.0
H tel De Castiglione,Cleanliness,9,13,12,34,35.29,26.47,0.088
H tel De Castiglione,Facilities,14,14,12,40,30.0,35.0,-0.05
H tel De Castiglione,Food,15,16,18,49,36.73,30.61,0.061
H tel De Castiglione,Location,25,43,53,121,43.8,20.66,0.231
H tel De Castiglione,Room,33,44,31,108,28.7,30.56,-0.019
H tel De Castiglione,Staff_Service,24,19,32,75,42.67,32.0,0.107
H tel De Castiglione,Value,13,6,13,32,40.62,40.62,0.0
H tel De Castiglione,Wellness,1,1,1,3,33.33,33.33,0.0
H tel De Sers Champs Elys es Paris,Cleanliness,1,3,8,12,66.67,8.33,0.583
H tel De Sers Champs Elys es Paris,Facilities,0,1,2,3,66.67,0.0,0.667
H tel De Sers Champs Elys es Paris,Food,2,7,22,31,70.97,6.45,0.645
H tel De Sers Champs Elys es Paris,Location,2,12,32,46,69.57,4.35,0.652
H tel De Sers Champs Elys es Paris,Room,5,8,21,34,61.76,14.71,0.471
H tel De Sers Champs Elys es Paris,Staff_Service,1,8,38,47,80.85,2.13,0.787
H tel De Sers Champs Elys es Paris,Value,0,3,3,6,50.0,0.0,0.5
H tel De Sers Champs Elys es Paris,Wellness,1,2,1,4,25.0,25.0,0.0
H tel De Vend me,Cleanliness,2,1,9,12,75.0,16.67,0.583
H tel De Vend me,Facilities,2,1,4,7,57.14,28.57,0.286
H tel De Vend me,Food,3,1,18,22,81.82,13.64,0.682
H tel De Vend me,Location,5,8,39,52,75.0,9.62,0.654
H tel De Vend me,Room,8,7,23,38,60.53,21.05,0.395
H tel De Vend me,Staff_Service,5,7,39,51,76.47,9.8,0.667
H tel De Vend me,Value,0,2,6,8,75.0,0.0,0.75
H tel De Vend me,Wellness,0,0,2,2,100.0,0.0,1.0
H tel Diva Opera,Cleanliness,6,19,35,60,58.33,10.0,0.483
H tel Diva Opera,Facilities,6,9,26,41,63.41,14.63,0.488
H tel Diva Opera,Food,6,10,27,43,62.79,13.95,0.488
H tel Diva Opera,Location,7,31,67,105,63.81,6.67,0.571
H tel Diva Opera,Room,12,36,83,131,63.36,9.16,0.542
H tel Diva Opera,Staff_Service,11,20,88,119,73.95,9.24,0.647
H tel Diva Opera,Value,7,9,15,31,48.39,22.58,0.258
H tel Diva Opera,Wellness,0,0,1,1,100.0,0.0,1.0
H tel Du Jeu De Paume,Cleanliness,0,1,4,5,80.0,0.0,0.8
H tel Du Jeu De Paume,Facilities,0,1,14,15,93.33,0.0,0.933
H tel Du Jeu De Paume,Food,0,3,23,26,88.46,0.0,0.885
H tel Du Jeu De Paume,Location,0,11,63,74,85.14,0.0,0.851
H tel Du Jeu De Paume,Room,0,10,37,47,78.72,0.0,0.787
H tel Du Jeu De Paume,Staff_Service,0,5,57,62,91.94,0.0,0.919
H tel Du Jeu De Paume,Value,0,2,10,12,83.33,0.0,0.833
H tel Du Jeu De Paume,Wellness,0,1,4,5,80.0,0.0,0.8
H tel Duc De St Simon,Cleanliness,0,0,8,8,100.0,0.0,1.0
H tel Duc De St Simon,Facilities,0,2,6,8,75.0,0.0,0.75
H tel Duc De St Simon,Food,1,3,29,33,87.88,3.03,0.848
H tel Duc De St Simon,Location,0,4,42,46,91.3,0.0,0.913
H tel Duc De St Simon,Room,0,9,40,49,81.63,0.0,0.816
H tel Duc De St Simon,Staff_Service,0,8,59,67,88.06,0.0,0.881
H tel Duc De St Simon,Value,0,3,4,7,57.14,0.0,0.571
H tel Duc De St Simon,Wellness,0,0,2,2,100.0,0.0,1.0
H tel Duo,Cleanliness,0,10,26,36,72.22,0.0,0.722
H tel Duo,Facilities,1,10,14,25,56.0,4.0,0.52
H tel Duo,Food,3,8,31,42,73.81,7.14,0.667
H tel Duo,Location,8,38,106,152,69.74,5.26,0.645
H tel Duo,Room,10,34,67,111,60.36,9.01,0.514
H tel Duo,Staff_Service,7,15,98,120,81.67,5.83,0.758
H tel Duo,Value,1,10,9,20,45.0,5.0,0.4
H tel Duo,Wellness,0,1,5,6,83.33,0.0,0.833
H tel Elysees Mermoz,Cleanliness,0,3,15,18,83.33,0.0,0.833
H tel Elysees Mermoz,Facilities,2,3,10,15,66.67,13.33,0.533
H tel Elysees Mermoz,Food,4,4,25,33,75.76,12.12,0.636
H tel Elysees Mermoz,Location,4,15,54,73,73.97,5.48,0.685
H tel Elysees Mermoz,Room,7,9,33,49,67.35,14.29,0.531
H tel Elysees Mermoz,Staff_Service,2,12,44,58,75.86,3.45,0.724
H tel Elysees Mermoz,Value,3,2,11,16,68.75,18.75,0.5
H tel Etoile Saint Honor by Happyculture,Cleanliness,3,2,17,22,77.27,13.64,0.636
H tel Etoile Saint Honor by Happyculture,Facilities,5,7,15,27,55.56,18.52,0.37
H tel Etoile Saint Honor by Happyculture,Food,2,8,28,38,73.68,5.26,0.684
H tel Etoile Saint Honor by Happyculture,Location,8,21,56,85,65.88,9.41,0.565
H tel Etoile Saint Honor by Happyculture,Room,8,18,52,78,66.67,10.26,0.564
H tel Etoile Saint Honor by Happyculture,Staff_Service,9,16,71,96,73.96,9.38,0.646
H tel Etoile Saint Honor by Happyculture,Value,2,6,11,19,57.89,10.53,0.474
H tel Etoile Saint Honor by Happyculture,Wellness,0,0,2,2,100.0,0.0,1.0
H tel Exquis by Elegancia,Cleanliness,1,1,22,24,91.67,4.17,0.875
H tel Exquis by Elegancia,Facilities,1,4,20,25,80.0,4.0,0.76
H tel Exquis by Elegancia,Food,1,2,27,30,90.0,3.33,0.867
H tel Exquis by Elegancia,Location,0,9,57,66,86.36,0.0,0.864
H tel Exquis by Elegancia,Room,2,19,71,92,77.17,2.17,0.75
H tel Exquis by Elegancia,Staff_Service,1,10,71,82,86.59,1.22,0.854
H tel Exquis by Elegancia,Value,0,2,15,17,88.24,0.0,0.882
H tel F licien by Elegancia,Cleanliness,1,3,8,12,66.67,8.33,0.583
H tel F licien by Elegancia,Facilities,1,1,6,8,75.0,12.5,0.625
H tel F licien by Elegancia,Food,0,5,7,12,58.33,0.0,0.583
H tel F licien by Elegancia,Location,1,6,12,19,63.16,5.26,0.579
H tel F licien by Elegancia,Room,5,8,21,34,61.76,14.71,0.471
H tel F licien by Elegancia,Staff_Service,3,10,26,39,66.67,7.69,0.59
H tel F licien by Elegancia,Value,0,3,2,5,40.0,0.0,0.4
H tel F licien by Elegancia,Wellness,1,8,16,25,64.0,4.0,0.6
H tel Fabric,Cleanliness,0,1,14,15,93.33,0.0,0.933
H tel Fabric,Facilities,1,0,7,8,87.5,12.5,0.75
H tel Fabric,Food,0,1,27,28,96.43,0.0,0.964
H tel Fabric,Location,0,4,36,40,90.0,0.0,0.9
H tel Fabric,Room,1,3,32,36,88.89,2.78,0.861
H tel Fabric,Staff_Service,1,3,56,60,93.33,1.67,0.917
H tel Fabric,Value,0,2,7,9,77.78,0.0,0.778
H tel Fabric,Wellness,0,0,5,5,100.0,0.0,1.0
H tel France d Antin Op ra,Cleanliness,0,0,2,2,100.0,0.0,1.0
H tel France d Antin Op ra,Facilities,1,1,8,10,80.0,10.0,0.7
H tel France d Antin Op ra,Food,1,0,8,9,88.89,11.11,0.778
H tel France d Antin Op ra,Location,0,2,20,22,90.91,0.0,0.909
H tel France d Antin Op ra,Room,2,1,13,16,81.25,12.5,0.688
H tel France d Antin Op ra,Staff_Service,0,3,17,20,85.0,0.0,0.85
H tel France d Antin Op ra,Value,1,0,4,5,80.0,20.0,0.6
H tel France d Antin Op ra,Wellness,0,0,1,1,100.0,0.0,1.0
H tel Gustave,Cleanliness,2,13,39,54,72.22,3.7,0.685
H tel Gustave,Facilities,1,5,16,22,72.73,4.55,0.682
H tel Gustave,Food,3,1,24,28,85.71,10.71,0.75
H tel Gustave,Location,5,15,67,87,77.01,5.75,0.713
H tel Gustave,Room,5,20,69,94,73.4,5.32,0.681
H tel Gustave,Staff_Service,3,15,66,84,78.57,3.57,0.75
H tel Gustave,Value,2,3,12,17,70.59,11.76,0.588
H tel Gustave,Wellness,0,0,1,1,100.0,0.0,1.0
H tel Hor,Cleanliness,1,16,77,94,81.91,1.06,0.809
H tel Hor,Facilities,1,15,39,55,70.91,1.82,0.691
H tel Hor,Food,2,11,54,67,80.6,2.99,0.776
H tel Hor,Location,6,37,124,167,74.25,3.59,0.707
H tel Hor,Room,7,22,102,131,77.86,5.34,0.725
H tel Hor,Staff_Service,7,26,175,208,84.13,3.37,0.808
H tel Hor,Value,1,8,14,23,60.87,4.35,0.565
H tel Hor,Wellness,0,1,4,5,80.0,0.0,0.8
H tel Horset Op ra Best Western Premier Collection,Cleanliness,1,9,25,35,71.43,2.86,0.686
H tel Horset Op ra Best Western Premier Collection,Facilities,0,8,12,20,60.0,0.0,0.6
H tel Horset Op ra Best Western Premier Collection,Food,2,20,49,71,69.01,2.82,0.662
H tel Horset Op ra Best Western Premier Collection,Location,2,31,79,112,70.54,1.79,0.688
H tel Horset Op ra Best Western Premier Collection,Room,5,29,55,89,61.8,5.62,0.562
H tel Horset Op ra Best Western Premier Collection,Staff_Service,5,23,70,98,71.43,5.1,0.663
H tel Horset Op ra Best Western Premier Collection,Value,3,4,9,16,56.25,18.75,0.375
H tel Jos phine by Happyculture,Cleanliness,0,7,8,15,53.33,0.0,0.533
H tel Jos phine by Happyculture,Facilities,1,6,6,13,46.15,7.69,0.385
H tel Jos phine by Happyculture,Food,0,14,14,28,50.0,0.0,0.5
H tel Jos phine by Happyculture,Location,0,11,18,29,62.07,0.0,0.621
H tel Jos phine by Happyculture,Room,3,16,19,38,50.0,7.89,0.421
H tel Jos phine by Happyculture,Staff_Service,1,14,27,42,64.29,2.38,0.619
H tel Jos phine by Happyculture,Value,0,2,7,9,77.78,0.0,0.778
H tel Juliana Paris,Cleanliness,0,8,19,27,70.37,0.0,0.704
H tel Juliana Paris,Facilities,2,3,10,15,66.67,13.33,0.533
H tel Juliana Paris,Food,9,15,32,56,57.14,16.07,0.411
H tel Juliana Paris,Location,8,19,61,88,69.32,9.09,0.602
H tel Juliana Paris,Room,14,22,48,84,57.14,16.67,0.405
H tel Juliana Paris,Staff_Service,8,15,59,82,71.95,9.76,0.622
H tel Juliana Paris,Value,3,4,6,13,46.15,23.08,0.231
H tel Juliana Paris,Wellness,1,2,5,8,62.5,12.5,0.5
H tel Keppler,Cleanliness,0,4,14,18,77.78,0.0,0.778
H tel Keppler,Facilities,0,1,4,5,80.0,0.0,0.8
H tel Keppler,Food,0,2,13,15,86.67,0.0,0.867
H tel Keppler,Location,0,3,33,36,91.67,0.0,0.917
H tel Keppler,Room,0,9,27,36,75.0,0.0,0.75
H tel Keppler,Staff_Service,0,5,48,53,90.57,0.0,0.906
H tel Keppler,Value,0,2,3,5,60.0,0.0,0.6
H tel Keppler,Wellness,0,1,1,2,50.0,0.0,0.5
H tel L Echiquier Op ra Paris MGallery by Sofitel,Cleanliness,0,4,23,27,85.19,0.0,0.852
H tel L Echiquier Op ra Paris MGallery by Sofitel,Facilities,0,1,15,16,93.75,0.0,0.938
H tel L Echiquier Op ra Paris MGallery by Sofitel,Food,1,7,57,65,87.69,1.54,0.862
H tel L Echiquier Op ra Paris MGallery by Sofitel,Location,0,4,56,60,93.33,0.0,0.933
H tel L Echiquier Op ra Paris MGallery by Sofitel,Room,0,10,61,71,85.92,0.0,0.859
H tel L Echiquier Op ra Paris MGallery by Sofitel,Staff_Service,1,9,84,94,89.36,1.06,0.883
H tel L Echiquier Op ra Paris MGallery by Sofitel,Value,0,0,19,19,100.0,0.0,1.0
H tel L Echiquier Op ra Paris MGallery by Sofitel,Wellness,0,1,2,3,66.67,0.0,0.667
H tel La Comtesse by Elegancia,Cleanliness,0,3,24,27,88.89,0.0,0.889
H tel La Comtesse by Elegancia,Facilities,0,2,9,11,81.82,0.0,0.818
H tel La Comtesse by Elegancia,Food,1,8,22,31,70.97,3.23,0.677
H tel La Comtesse by Elegancia,Location,1,14,57,72,79.17,1.39,0.778
H tel La Comtesse by Elegancia,Room,2,13,45,60,75.0,3.33,0.717
H tel La Comtesse by Elegancia,Staff_Service,1,4,48,53,90.57,1.89,0.887
H tel La Comtesse by Elegancia,Value,0,5,8,13,61.54,0.0,0.615
H tel La Comtesse by Elegancia,Wellness,0,1,1,2,50.0,0.0,0.5
H tel La Parizienne by Elegancia,Cleanliness,2,4,16,22,72.73,9.09,0.636
H tel La Parizienne by Elegancia,Facilities,1,6,15,22,68.18,4.55,0.636
H tel La Parizienne by Elegancia,Food,2,5,14,21,66.67,9.52,0.571
H tel La Parizienne by Elegancia,Location,3,25,38,66,57.58,4.55,0.53
H tel La Parizienne by Elegancia,Room,7,31,45,83,54.22,8.43,0.458
H tel La Parizienne by Elegancia,Staff_Service,3,19,42,64,65.62,4.69,0.609
H tel La Parizienne by Elegancia,Value,1,6,7,14,50.0,7.14,0.429
H tel Lancaster Paris Champs Elys es,Cleanliness,2,0,7,9,77.78,22.22,0.556
H tel Lancaster Paris Champs Elys es,Facilities,2,2,5,9,55.56,22.22,0.333
H tel Lancaster Paris Champs Elys es,Food,0,2,21,23,91.3,0.0,0.913
H tel Lancaster Paris Champs Elys es,Location,4,4,24,32,75.0,12.5,0.625
H tel Lancaster Paris Champs Elys es,Room,4,4,29,37,78.38,10.81,0.676
H tel Lancaster Paris Champs Elys es,Staff_Service,4,3,45,52,86.54,7.69,0.788
H tel Lancaster Paris Champs Elys es,Value,1,0,6,7,85.71,14.29,0.714
H tel Lancaster Paris Champs Elys es,Wellness,0,1,1,2,50.0,0.0,0.5
H tel Le Bellechasse Saint Germain,Cleanliness,0,0,4,4,100.0,0.0,1.0
H tel Le Bellechasse Saint Germain,Facilities,0,1,5,6,83.33,0.0,0.833
H tel Le Bellechasse Saint Germain,Food,0,4,15,19,78.95,0.0,0.789
H tel Le Bellechasse Saint Germain,Location,0,8,29,37,78.38,0.0,0.784
H tel Le Bellechasse Saint Germain,Room,2,7,24,33,72.73,6.06,0.667
H tel Le Bellechasse Saint Germain,Staff_Service,1,6,32,39,82.05,2.56,0.795
H tel Le Bellechasse Saint Germain,Value,1,1,3,5,60.0,20.0,0.4
H tel Le M,Cleanliness,2,10,9,21,42.86,9.52,0.333
H tel Le M,Facilities,1,8,6,15,40.0,6.67,0.333
H tel Le M,Food,0,5,11,16,68.75,0.0,0.688
H tel Le M,Location,5,32,40,77,51.95,6.49,0.455
H tel Le M,Room,5,24,33,62,53.23,8.06,0.452
H tel Le M,Staff_Service,4,18,42,64,65.62,6.25,0.594
H tel Le M,Value,1,4,2,7,28.57,14.29,0.143
H tel Le M,Wellness,0,0,1,1,100.0,0.0,1.0
H tel Le Marianne,Cleanliness,1,3,14,18,77.78,5.56,0.722
H tel Le Marianne,Facilities,0,3,2,5,40.0,0.0,0.4
H tel Le Marianne,Food,1,2,9,12,75.0,8.33,0.667
H tel Le Marianne,Location,1,9,17,27,62.96,3.7,0.593
H tel Le Marianne,Room,1,7,15,23,65.22,4.35,0.609
H tel Le Marianne,Staff_Service,2,4,20,26,76.92,7.69,0.692
H tel Le Marianne,Value,0,1,3,4,75.0,0.0,0.75
H tel Le Marianne,Wellness,0,1,0,1,0.0,0.0,0.0
H tel Le Relais Saint Germain,Facilities,1,1,2,4,50.0,25.0,0.25
H tel Le Relais Saint Germain,Food,0,0,17,17,100.0,0.0,1.0
H tel Le Relais Saint Germain,Location,0,2,19,21,90.48,0.0,0.905
H tel Le Relais Saint Germain,Room,1,3,13,17,76.47,5.88,0.706
H tel Le Relais Saint Germain,Staff_Service,0,3,22,25,88.0,0.0,0.88
H tel Le Relais Saint Germain,Value,0,0,2,2,100.0,0.0,1.0
H tel Le Royal Monceau Raffles Paris,Cleanliness,0,1,1,2,50.0,0.0,0.5
H tel Le Royal Monceau Raffles Paris,Facilities,0,0,1,1,100.0,0.0,1.0
H tel Le Royal Monceau Raffles Paris,Food,1,1,6,8,75.0,12.5,0.625
H tel Le Royal Monceau Raffles Paris,Location,0,2,5,7,71.43,0.0,0.714
H tel Le Royal Monceau Raffles Paris,Room,1,1,7,9,77.78,11.11,0.667
H tel Le Royal Monceau Raffles Paris,Staff_Service,0,2,13,15,86.67,0.0,0.867
H tel Le Royal Monceau Raffles Paris,Value,1,1,2,4,50.0,25.0,0.25
H tel Le Royal Monceau Raffles Paris,Wellness,1,0,4,5,80.0,20.0,0.6
H tel Le Walt,Cleanliness,0,0,10,10,100.0,0.0,1.0
H tel Le Walt,Facilities,0,2,3,5,60.0,0.0,0.6
H tel Le Walt,Food,0,1,13,14,92.86,0.0,0.929
H tel Le Walt,Location,2,7,32,41,78.05,4.88,0.732
H tel Le Walt,Room,1,5,26,32,81.25,3.12,0.781
H tel Le Walt,Staff_Service,0,3,33,36,91.67,0.0,0.917
H tel Le Walt,Value,0,2,7,9,77.78,0.0,0.778
H tel Le Walt,Wellness,0,1,0,1,0.0,0.0,0.0
H tel Les Dames du Panth on,Cleanliness,0,3,11,14,78.57,0.0,0.786
H tel Les Dames du Panth on,Facilities,0,2,5,7,71.43,0.0,0.714
H tel Les Dames du Panth on,Food,0,4,15,19,78.95,0.0,0.789
H tel Les Dames du Panth on,Location,0,8,36,44,81.82,0.0,0.818
H tel Les Dames du Panth on,Room,0,7,24,31,77.42,0.0,0.774
H tel Les Dames du Panth on,Staff_Service,0,4,29,33,87.88,0.0,0.879
H tel Les Dames du Panth on,Value,0,4,6,10,60.0,0.0,0.6
H tel Les Dames du Panth on,Wellness,0,1,0,1,0.0,0.0,0.0
H tel Madison by MH,Cleanliness,1,2,9,12,75.0,8.33,0.667
H tel Madison by MH,Facilities,0,1,5,6,83.33,0.0,0.833
H tel Madison by MH,Food,2,4,18,24,75.0,8.33,0.667
H tel Madison by MH,Location,4,14,41,59,69.49,6.78,0.627
H tel Madison by MH,Room,4,14,39,57,68.42,7.02,0.614
H tel Madison by MH,Staff_Service,1,10,42,53,79.25,1.89,0.774
H tel Madison by MH,Value,1,5,11,17,64.71,5.88,0.588
H tel Madison by MH,Wellness,0,0,1,1,100.0,0.0,1.0
H tel Mansart Esprit de France,Cleanliness,1,2,12,15,80.0,6.67,0.733
H tel Mansart Esprit de France,Facilities,1,4,7,12,58.33,8.33,0.5
H tel Mansart Esprit de France,Food,2,5,21,28,75.0,7.14,0.679
H tel Mansart Esprit de France,Location,3,18,52,73,71.23,4.11,0.671
H tel Mansart Esprit de France,Room,3,18,42,63,66.67,4.76,0.619
H tel Mansart Esprit de France,Staff_Service,2,11,41,54,75.93,3.7,0.722
H tel Mansart Esprit de France,Value,0,0,8,8,100.0,0.0,1.0
H tel Mathis Elys es,Cleanliness,1,5,24,30,80.0,3.33,0.767
H tel Mathis Elys es,Facilities,4,19,27,50,54.0,8.0,0.46
H tel Mathis Elys es,Food,3,11,20,34,58.82,8.82,0.5
H tel Mathis Elys es,Location,5,28,81,114,71.05,4.39,0.667
H tel Mathis Elys es,Room,8,23,63,94,67.02,8.51,0.585
H tel Mathis Elys es,Staff_Service,7,18,89,114,78.07,6.14,0.719
H tel Mathis Elys es,Value,3,6,9,18,50.0,16.67,0.333
H tel Mathis Elys es,Wellness,0,0,1,1,100.0,0.0,1.0
H tel Mayfair Paris,Cleanliness,1,3,2,6,33.33,16.67,0.167
H tel Mayfair Paris,Facilities,0,5,7,12,58.33,0.0,0.583
H tel Mayfair Paris,Food,0,4,7,11,63.64,0.0,0.636
H tel Mayfair Paris,Location,3,6,23,32,71.88,9.38,0.625
H tel Mayfair Paris,Room,3,5,19,27,70.37,11.11,0.593
H tel Mayfair Paris,Staff_Service,2,6,25,33,75.76,6.06,0.697
H tel Mayfair Paris,Value,0,3,4,7,57.14,0.0,0.571
H tel Moli re,Cleanliness,0,1,14,15,93.33,0.0,0.933
H tel Moli re,Facilities,0,1,16,17,94.12,0.0,0.941
H tel Moli re,Food,0,1,31,32,96.88,0.0,0.969
H tel Moli re,Location,1,6,70,77,90.91,1.3,0.896
H tel Moli re,Room,1,4,56,61,91.8,1.64,0.902
H tel Moli re,Staff_Service,0,4,69,73,94.52,0.0,0.945
H tel Moli re,Value,0,0,10,10,100.0,0.0,1.0
H tel Moli re,Wellness,0,1,7,8,87.5,0.0,0.875
H tel Monna Lisa Champs Elys es,Cleanliness,2,4,18,24,75.0,8.33,0.667
H tel Monna Lisa Champs Elys es,Facilities,2,5,7,14,50.0,14.29,0.357
H tel Monna Lisa Champs Elys es,Food,0,6,8,14,57.14,0.0,0.571
H tel Monna Lisa Champs Elys es,Location,1,18,35,54,64.81,1.85,0.63
H tel Monna Lisa Champs Elys es,Room,5,16,34,55,61.82,9.09,0.527
H tel Monna Lisa Champs Elys es,Staff_Service,2,14,38,54,70.37,3.7,0.667
H tel Monna Lisa Champs Elys es,Value,1,6,7,14,50.0,7.14,0.429
H tel Monna Lisa Champs Elys es,Wellness,0,1,1,2,50.0,0.0,0.5
H tel Montmartre Mon Amour,Cleanliness,1,1,4,6,66.67,16.67,0.5
H tel Montmartre Mon Amour,Facilities,2,6,7,15,46.67,13.33,0.333
H tel Montmartre Mon Amour,Food,1,7,6,14,42.86,7.14,0.357
H tel Montmartre Mon Amour,Location,3,9,29,41,70.73,7.32,0.634
H tel Montmartre Mon Amour,Room,5,13,23,41,56.1,12.2,0.439
H tel Montmartre Mon Amour,Staff_Service,2,5,21,28,75.0,7.14,0.679
H tel Montmartre Mon Amour,Value,0,1,3,4,75.0,0.0,0.75
H tel Original Paris,Cleanliness,0,1,2,3,66.67,0.0,0.667
H tel Original Paris,Facilities,0,2,2,4,50.0,0.0,0.5
H tel Original Paris,Food,0,0,1,1,100.0,0.0,1.0
H tel Original Paris,Location,0,3,14,17,82.35,0.0,0.824
H tel Original Paris,Room,0,2,16,18,88.89,0.0,0.889
H tel Original Paris,Staff_Service,0,1,13,14,92.86,0.0,0.929
H tel Original Paris,Value,0,0,3,3,100.0,0.0,1.0
H tel Original Paris,Wellness,0,0,1,1,100.0,0.0,1.0
H tel Paris Bastille Boutet MGallery by Sofitel,Cleanliness,0,0,5,5,100.0,0.0,1.0
H tel Paris Bastille Boutet MGallery by Sofitel,Facilities,3,1,11,15,73.33,20.0,0.533
H tel Paris Bastille Boutet MGallery by Sofitel,Food,3,1,14,18,77.78,16.67,0.611
H tel Paris Bastille Boutet MGallery by Sofitel,Location,2,4,14,20,70.0,10.0,0.6
H tel Paris Bastille Boutet MGallery by Sofitel,Room,5,6,20,31,64.52,16.13,0.484
H tel Paris Bastille Boutet MGallery by Sofitel,Staff_Service,3,6,30,39,76.92,7.69,0.692
H tel Paris Bastille Boutet MGallery by Sofitel,Value,0,2,4,6,66.67,0.0,0.667
H tel Paris Bastille Boutet MGallery by Sofitel,Wellness,2,2,14,18,77.78,11.11,0.667
H tel Pont Royal,Cleanliness,0,1,6,7,85.71,0.0,0.857
H tel Pont Royal,Facilities,1,5,5,11,45.45,9.09,0.364
H tel Pont Royal,Food,0,4,7,11,63.64,0.0,0.636
H tel Pont Royal,Location,2,16,22,40,55.0,5.0,0.5
H tel Pont Royal,Room,1,14,17,32,53.12,3.12,0.5
H tel Pont Royal,Staff_Service,4,12,23,39,58.97,10.26,0.487
H tel Pont Royal,Value,0,7,4,11,36.36,0.0,0.364
H tel Powers,Cleanliness,5,6,14,25,56.0,20.0,0.36
H tel Powers,Facilities,2,12,25,39,64.1,5.13,0.59
H tel Powers,Food,0,9,27,36,75.0,0.0,0.75
H tel Powers,Location,12,40,94,146,64.38,8.22,0.562
H tel Powers,Room,13,33,61,107,57.01,12.15,0.449
H tel Powers,Staff_Service,9,15,93,117,79.49,7.69,0.718
H tel Powers,Value,2,7,12,21,57.14,9.52,0.476
H tel Powers,Wellness,1,1,0,2,0.0,50.0,-0.5
H tel R de Paris Boutique Hotel,Cleanliness,1,4,31,36,86.11,2.78,0.833
H tel R de Paris Boutique Hotel,Facilities,0,0,9,9,100.0,0.0,1.0
H tel R de Paris Boutique Hotel,Food,1,2,28,31,90.32,3.23,0.871
H tel R de Paris Boutique Hotel,Location,2,3,39,44,88.64,4.55,0.841
H tel R de Paris Boutique Hotel,Room,1,7,60,68,88.24,1.47,0.868
H tel R de Paris Boutique Hotel,Staff_Service,2,3,60,65,92.31,3.08,0.892
H tel R de Paris Boutique Hotel,Value,0,1,15,16,93.75,0.0,0.938
H tel R de Paris Boutique Hotel,Wellness,0,0,7,7,100.0,0.0,1.0
H tel Raphael,Cleanliness,0,3,4,7,57.14,0.0,0.571
H tel Raphael,Facilities,0,2,6,8,75.0,0.0,0.75
H tel Raphael,Food,1,6,12,19,63.16,5.26,0.579
H tel Raphael,Location,1,10,18,29,62.07,3.45,0.586
H tel Raphael,Room,0,13,26,39,66.67,0.0,0.667
H tel Raphael,Staff_Service,2,12,27,41,65.85,4.88,0.61
H tel Raphael,Value,0,2,5,7,71.43,0.0,0.714
H tel Recamier,Cleanliness,0,0,3,3,100.0,0.0,1.0
H tel Recamier,Facilities,0,0,1,1,100.0,0.0,1.0
H tel Recamier,Food,0,2,5,7,71.43,0.0,0.714
H tel Recamier,Location,0,4,19,23,82.61,0.0,0.826
H tel Recamier,Room,0,4,14,18,77.78,0.0,0.778
H tel Recamier,Staff_Service,0,2,15,17,88.24,0.0,0.882
H tel Recamier,Value,0,1,1,2,50.0,0.0,0.5
H tel Recamier,Wellness,0,0,1,1,100.0,0.0,1.0
H tel Regent s Garden,Cleanliness,0,3,10,13,76.92,0.0,0.769
H tel Regent s Garden,Facilities,1,2,10,13,76.92,7.69,0.692
H tel Regent s Garden,Food,0,6,24,30,80.0,0.0,0.8
H tel Regent s Garden,Location,1,9,28,38,73.68,2.63,0.711
H tel Regent s Garden,Room,2,8,32,42,76.19,4.76,0.714
H tel Regent s Garden,Staff_Service,1,7,41,49,83.67,2.04,0.816
H tel Regent s Garden,Value,0,1,6,7,85.71,0.0,0.857
H tel Regent s Garden,Wellness,0,0,3,3,100.0,0.0,1.0
H tel Regina,Cleanliness,1,4,20,25,80.0,4.0,0.76
H tel Regina,Facilities,1,3,16,20,80.0,5.0,0.75
H tel Regina,Food,6,11,70,87,80.46,6.9,0.736
H tel Regina,Location,5,26,148,179,82.68,2.79,0.799
H tel Regina,Room,10,32,139,181,76.8,5.52,0.713
H tel Regina,Staff_Service,6,23,198,227,87.22,2.64,0.846
H tel Regina,Value,3,9,36,48,75.0,6.25,0.688
H tel Regina,Wellness,0,1,6,7,85.71,0.0,0.857
H tel Regina Op ra Grands Boulevards,Cleanliness,1,3,9,13,69.23,7.69,0.615
H tel Regina Op ra Grands Boulevards,Facilities,4,3,5,12,41.67,33.33,0.083
H tel Regina Op ra Grands Boulevards,Food,2,4,2,8,25.0,25.0,0.0
H tel Regina Op ra Grands Boulevards,Location,1,6,13,20,65.0,5.0,0.6
H tel Regina Op ra Grands Boulevards,Room,2,7,14,23,60.87,8.7,0.522
H tel Regina Op ra Grands Boulevards,Staff_Service,5,8,14,27,51.85,18.52,0.333
H tel Regina Op ra Grands Boulevards,Value,0,1,4,5,80.0,0.0,0.8
H tel Regina Op ra Grands Boulevards,Wellness,0,0,1,1,100.0,0.0,1.0
H tel Saint Marc,Cleanliness,0,1,13,14,92.86,0.0,0.929
H tel Saint Marc,Facilities,0,0,8,8,100.0,0.0,1.0
H tel Saint Marc,Food,0,1,21,22,95.45,0.0,0.955
H tel Saint Marc,Location,1,5,26,32,81.25,3.12,0.781
H tel Saint Marc,Room,0,3,43,46,93.48,0.0,0.935
H tel Saint Marc,Staff_Service,0,4,53,57,92.98,0.0,0.93
H tel Saint Marc,Value,0,1,7,8,87.5,0.0,0.875
H tel Saint Marc,Wellness,0,3,21,24,87.5,0.0,0.875
H tel Saint Paul Rive Gauche,Cleanliness,0,2,5,7,71.43,0.0,0.714
H tel Saint Paul Rive Gauche,Facilities,0,1,2,3,66.67,0.0,0.667
H tel Saint Paul Rive Gauche,Food,0,1,10,11,90.91,0.0,0.909
H tel Saint Paul Rive Gauche,Location,0,5,28,33,84.85,0.0,0.848
H tel Saint Paul Rive Gauche,Room,0,4,19,23,82.61,0.0,0.826
H tel Saint Paul Rive Gauche,Staff_Service,0,6,21,27,77.78,0.0,0.778
H tel Saint Paul Rive Gauche,Value,0,0,3,3,100.0,0.0,1.0
H tel San R gis,Cleanliness,1,1,3,5,60.0,20.0,0.4
H tel San R gis,Facilities,3,3,3,9,33.33,33.33,0.0
H tel San R gis,Food,2,5,18,25,72.0,8.0,0.64
H tel San R gis,Location,5,8,27,40,67.5,12.5,0.55
H tel San R gis,Room,8,10,16,34,47.06,23.53,0.235
H tel San R gis,Staff_Service,6,5,36,47,76.6,12.77,0.638
H tel San R gis,Value,0,4,4,8,50.0,0.0,0.5
H tel San R gis,Wellness,0,0,2,2,100.0,0.0,1.0
H tel Square Louvois,Cleanliness,2,2,9,13,69.23,15.38,0.538
H tel Square Louvois,Facilities,0,1,6,7,85.71,0.0,0.857
H tel Square Louvois,Food,1,2,13,16,81.25,6.25,0.75
H tel Square Louvois,Location,4,3,27,34,79.41,11.76,0.676
H tel Square Louvois,Room,4,2,29,35,82.86,11.43,0.714
H tel Square Louvois,Staff_Service,3,1,45,49,91.84,6.12,0.857
H tel Square Louvois,Value,3,2,3,8,37.5,37.5,0.0
H tel Square Louvois,Wellness,1,1,22,24,91.67,4.17,0.875
H tel Th r se,Cleanliness,0,5,13,18,72.22,0.0,0.722
H tel Th r se,Facilities,0,4,4,8,50.0,0.0,0.5
H tel Th r se,Food,0,4,19,23,82.61,0.0,0.826
H tel Th r se,Location,1,14,64,79,81.01,1.27,0.797
H tel Th r se,Room,2,11,52,65,80.0,3.08,0.769
H tel Th r se,Staff_Service,0,10,70,80,87.5,0.0,0.875
H tel Th r se,Value,0,4,9,13,69.23,0.0,0.692
H tel Th r se,Wellness,0,0,1,1,100.0,0.0,1.0
H tel Thoumieux,Cleanliness,0,0,2,2,100.0,0.0,1.0
H tel Thoumieux,Facilities,0,1,5,6,83.33,0.0,0.833
H tel Thoumieux,Food,0,1,9,10,90.0,0.0,0.9
H tel Thoumieux,Location,0,0,12,12,100.0,0.0,1.0
H tel Thoumieux,Room,1,3,16,20,80.0,5.0,0.75
H tel Thoumieux,Staff_Service,0,3,21,24,87.5,0.0,0.875
H tel Thoumieux,Value,0,0,2,2,100.0,0.0,1.0
H tel Thoumieux,Wellness,0,0,1,1,100.0,0.0,1.0
H tel Vernet,Cleanliness,1,2,12,15,80.0,6.67,0.733
H tel Vernet,Facilities,4,3,6,13,46.15,30.77,0.154
H tel Vernet,Food,2,6,15,23,65.22,8.7,0.565
H tel Vernet,Location,8,18,27,53,50.94,15.09,0.358
H tel Vernet,Room,12,11,24,47,51.06,25.53,0.255
H tel Vernet,Staff_Service,9,13,32,54,59.26,16.67,0.426
H tel Vernet,Value,5,4,5,14,35.71,35.71,0.0
H tel Vernet,Wellness,0,0,2,2,100.0,0.0,1.0
H tel Victor Hugo Paris Kl ber,Cleanliness,0,4,6,10,60.0,0.0,0.6
H tel Victor Hugo Paris Kl ber,Facilities,0,4,4,8,50.0,0.0,0.5
H tel Victor Hugo Paris Kl ber,Food,0,2,6,8,75.0,0.0,0.75
H tel Victor Hugo Paris Kl ber,Location,1,10,16,27,59.26,3.7,0.556
H tel Victor Hugo Paris Kl ber,Room,1,10,15,26,57.69,3.85,0.538
H tel Victor Hugo Paris Kl ber,Staff_Service,1,2,14,17,82.35,5.88,0.765
H tel Victor Hugo Paris Kl ber,Value,0,2,3,5,60.0,0.0,0.6
H tel Victor Hugo Paris Kl ber,Wellness,0,0,1,1,100.0,0.0,1.0
H tel Waldorf Trocad ro,Cleanliness,0,2,15,17,88.24,0.0,0.882
H tel Waldorf Trocad ro,Facilities,1,4,4,9,44.44,11.11,0.333
H tel Waldorf Trocad ro,Food,1,3,11,15,73.33,6.67,0.667
H tel Waldorf Trocad ro,Location,1,8,25,34,73.53,2.94,0.706
H tel Waldorf Trocad ro,Room,3,10,18,31,58.06,9.68,0.484
H tel Waldorf Trocad ro,Staff_Service,2,9,34,45,75.56,4.44,0.711
H tel Waldorf Trocad ro,Value,1,1,8,10,80.0,10.0,0.7
H tel Westminster,Cleanliness,4,5,15,24,62.5,16.67,0.458
H tel Westminster,Facilities,3,19,23,45,51.11,6.67,0.444
H tel Westminster,Food,7,21,75,103,72.82,6.8,0.66
H tel Westminster,Location,7,59,116,182,63.74,3.85,0.599
H tel Westminster,Room,15,61,98,174,56.32,8.62,0.477
H tel Westminster,Staff_Service,7,47,124,178,69.66,3.93,0.657
H tel Westminster,Value,6,15,28,49,57.14,12.24,0.449
H tel Westminster,Wellness,0,2,10,12,83.33,0.0,0.833
H tel de Banville,Cleanliness,2,3,12,17,70.59,11.76,0.588
H tel de Banville,Facilities,0,1,7,8,87.5,0.0,0.875
H tel de Banville,Food,1,3,22,26,84.62,3.85,0.808
H tel de Banville,Location,4,9,31,44,70.45,9.09,0.614
H tel de Banville,Room,4,12,42,58,72.41,6.9,0.655
H tel de Banville,Staff_Service,2,11,51,64,79.69,3.12,0.766
H tel de Banville,Value,1,4,10,15,66.67,6.67,0.6
H tel de Jos phine BONAPARTE,Cleanliness,0,0,3,3,100.0,0.0,1.0
H tel de Jos phine BONAPARTE,Facilities,0,0,4,4,100.0,0.0,1.0
H tel de Jos phine BONAPARTE,Food,0,1,11,12,91.67,0.0,0.917
H tel de Jos phine BONAPARTE,Location,1,4,37,42,88.1,2.38,0.857
H tel de Jos phine BONAPARTE,Room,3,7,25,35,71.43,8.57,0.629
H tel de Jos phine BONAPARTE,Staff_Service,0,6,41,47,87.23,0.0,0.872
H tel de Jos phine BONAPARTE,Value,1,1,5,7,71.43,14.29,0.571
H tel de La Tamise Esprit de France,Cleanliness,0,0,7,7,100.0,0.0,1.0
H tel de La Tamise Esprit de France,Facilities,0,0,2,2,100.0,0.0,1.0
H tel de La Tamise Esprit de France,Food,0,1,11,12,91.67,0.0,0.917
H tel de La Tamise Esprit de France,Location,0,3,25,28,89.29,0.0,0.893
H tel de La Tamise Esprit de France,Room,0,3,18,21,85.71,0.0,0.857
H tel de La Tamise Esprit de France,Staff_Service,0,2,46,48,95.83,0.0,0.958
H tel de La Tamise Esprit de France,Value,0,0,3,3,100.0,0.0,1.0
H tel de Lille,Cleanliness,0,5,22,27,81.48,0.0,0.815
H tel de Lille,Facilities,2,1,10,13,76.92,15.38,0.615
H tel de Lille,Food,0,5,19,24,79.17,0.0,0.792
H tel de Lille,Location,3,13,75,91,82.42,3.3,0.791
H tel de Lille,Room,4,12,67,83,80.72,4.82,0.759
H tel de Lille,Staff_Service,3,11,67,81,82.72,3.7,0.79
H tel de Lille,Value,1,2,10,13,76.92,7.69,0.692
H tel de Lille,Wellness,0,0,1,1,100.0,0.0,1.0
H tel de Varenne,Cleanliness,1,2,9,12,75.0,8.33,0.667
H tel de Varenne,Facilities,0,1,8,9,88.89,0.0,0.889
H tel de Varenne,Food,2,6,20,28,71.43,7.14,0.643
H tel de Varenne,Location,1,7,37,45,82.22,2.22,0.8
H tel de Varenne,Room,4,6,35,45,77.78,8.89,0.689
H tel de Varenne,Staff_Service,1,6,48,55,87.27,1.82,0.855
H tel de Varenne,Value,1,2,5,8,62.5,12.5,0.5
H tel de la Bourdonnais,Cleanliness,3,9,41,53,77.36,5.66,0.717
H tel de la Bourdonnais,Facilities,3,13,45,61,73.77,4.92,0.689
H tel de la Bourdonnais,Food,4,18,61,83,73.49,4.82,0.687
H tel de la Bourdonnais,Location,5,37,147,189,77.78,2.65,0.751
H tel de la Bourdonnais,Room,12,38,130,180,72.22,6.67,0.656
H tel de la Bourdonnais,Staff_Service,8,20,146,174,83.91,4.6,0.793
H tel de la Bourdonnais,Value,3,13,17,33,51.52,9.09,0.424
H tel de la Bourdonnais,Wellness,0,1,6,7,85.71,0.0,0.857
H tel des Academies et des Arts,Cleanliness,0,1,6,7,85.71,0.0,0.857
H tel des Academies et des Arts,Facilities,0,0,5,5,100.0,0.0,1.0
H tel des Academies et des Arts,Food,0,1,13,14,92.86,0.0,0.929
H tel des Academies et des Arts,Location,0,3,23,26,88.46,0.0,0.885
H tel des Academies et des Arts,Room,1,4,18,23,78.26,4.35,0.739
H tel des Academies et des Arts,Staff_Service,0,5,32,37,86.49,0.0,0.865
H tel des Champs Elys es,Cleanliness,0,6,19,25,76.0,0.0,0.76
H tel des Champs Elys es,Facilities,1,7,17,25,68.0,4.0,0.64
H tel des Champs Elys es,Food,2,9,20,31,64.52,6.45,0.581
H tel des Champs Elys es,Location,4,26,77,107,71.96,3.74,0.682
H tel des Champs Elys es,Room,6,21,43,70,61.43,8.57,0.529
H tel des Champs Elys es,Staff_Service,3,26,82,111,73.87,2.7,0.712
H tel des Champs Elys es,Value,1,8,15,24,62.5,4.17,0.583
H tel des Ducs D Anjou,Cleanliness,2,7,14,23,60.87,8.7,0.522
H tel des Ducs D Anjou,Facilities,9,11,17,37,45.95,24.32,0.216
H tel des Ducs D Anjou,Food,3,13,11,27,40.74,11.11,0.296
H tel des Ducs D Anjou,Location,5,21,39,65,60.0,7.69,0.523
H tel des Ducs D Anjou,Room,9,26,29,64,45.31,14.06,0.312
H tel des Ducs D Anjou,Staff_Service,5,12,30,47,63.83,10.64,0.532
H tel des Ducs D Anjou,Value,3,6,5,14,35.71,21.43,0.143
H tel du Minist re,Cleanliness,0,5,27,32,84.38,0.0,0.844
H tel du Minist re,Facilities,2,4,15,21,71.43,9.52,0.619
H tel du Minist re,Food,2,13,71,86,82.56,2.33,0.802
H tel du Minist re,Location,5,16,82,103,79.61,4.85,0.748
H tel du Minist re,Room,8,28,75,111,67.57,7.21,0.604
H tel du Minist re,Staff_Service,6,20,87,113,76.99,5.31,0.717
H tel du Minist re,Value,0,7,12,19,63.16,0.0,0.632
H tel du Minist re,Wellness,0,0,8,8,100.0,0.0,1.0
H10 Art Gallery 4 Sup,Cleanliness,2,15,53,70,75.71,2.86,0.729
H10 Art Gallery 4 Sup,Facilities,5,10,25,40,62.5,12.5,0.5
H10 Art Gallery 4 Sup,Food,3,17,81,101,80.2,2.97,0.772
H10 Art Gallery 4 Sup,Location,3,38,110,151,72.85,1.99,0.709
H10 Art Gallery 4 Sup,Room,9,47,109,165,66.06,5.45,0.606
H10 Art Gallery 4 Sup,Staff_Service,3,29,124,156,79.49,1.92,0.776
H10 Art Gallery 4 Sup,Value,1,16,19,36,52.78,2.78,0.5
H10 Art Gallery 4 Sup,Wellness,0,10,48,58,82.76,0.0,0.828
H10 Casa Mimosa 4 Sup,Cleanliness,0,0,13,13,100.0,0.0,1.0
H10 Casa Mimosa 4 Sup,Facilities,0,2,7,9,77.78,0.0,0.778
H10 Casa Mimosa 4 Sup,Food,1,5,35,41,85.37,2.44,0.829
H10 Casa Mimosa 4 Sup,Location,0,5,39,44,88.64,0.0,0.886
H10 Casa Mimosa 4 Sup,Room,0,5,46,51,90.2,0.0,0.902
H10 Casa Mimosa 4 Sup,Staff_Service,1,5,66,72,91.67,1.39,0.903
H10 Casa Mimosa 4 Sup,Value,0,2,13,15,86.67,0.0,0.867
H10 Casa Mimosa 4 Sup,Wellness,0,1,5,6,83.33,0.0,0.833
H10 Casanova,Cleanliness,1,9,11,21,52.38,4.76,0.476
H10 Casanova,Facilities,0,9,21,30,70.0,0.0,0.7
H10 Casanova,Food,2,9,27,38,71.05,5.26,0.658
H10 Casanova,Location,3,27,50,80,62.5,3.75,0.588
H10 Casanova,Room,3,29,57,89,64.04,3.37,0.607
H10 Casanova,Staff_Service,4,17,69,90,76.67,4.44,0.722
H10 Casanova,Value,1,12,7,20,35.0,5.0,0.3
H10 Casanova,Wellness,1,7,24,32,75.0,3.12,0.719
H10 Cubik 4 Sup,Cleanliness,3,8,61,72,84.72,4.17,0.806
H10 Cubik 4 Sup,Facilities,1,4,26,31,83.87,3.23,0.806
H10 Cubik 4 Sup,Food,0,10,101,111,90.99,0.0,0.91
H10 Cubik 4 Sup,Location,4,17,161,182,88.46,2.2,0.863
H10 Cubik 4 Sup,Room,7,25,155,187,82.89,3.74,0.791
H10 Cubik 4 Sup,Staff_Service,3,12,203,218,93.12,1.38,0.917
H10 Cubik 4 Sup,Value,0,5,33,38,86.84,0.0,0.868
H10 Cubik 4 Sup,Wellness,0,7,46,53,86.79,0.0,0.868
H10 Itaca,Cleanliness,1,8,12,21,57.14,4.76,0.524
H10 Itaca,Facilities,3,8,5,16,31.25,18.75,0.125
H10 Itaca,Food,6,10,23,39,58.97,15.38,0.436
H10 Itaca,Location,6,20,31,57,54.39,10.53,0.439
H10 Itaca,Room,8,13,23,44,52.27,18.18,0.341
H10 Itaca,Staff_Service,7,16,42,65,64.62,10.77,0.538
H10 Itaca,Value,2,3,8,13,61.54,15.38,0.462
H10 Itaca,Wellness,11,10,18,39,46.15,28.21,0.179
H10 London Waterloo,Cleanliness,9,20,69,98,70.41,9.18,0.612
H10 London Waterloo,Facilities,2,17,31,50,62.0,4.0,0.58
H10 London Waterloo,Food,19,29,91,139,65.47,13.67,0.518
H10 London Waterloo,Location,20,42,85,147,57.82,13.61,0.442
H10 London Waterloo,Room,36,77,157,270,58.15,13.33,0.448
H10 London Waterloo,Staff_Service,27,49,115,191,60.21,14.14,0.461
H10 London Waterloo,Value,9,16,26,51,50.98,17.65,0.333
H10 London Waterloo,Wellness,2,4,13,19,68.42,10.53,0.579
H10 Marina Barcelona,Cleanliness,3,27,33,63,52.38,4.76,0.476
H10 Marina Barcelona,Facilities,6,17,18,41,43.9,14.63,0.293
H10 Marina Barcelona,Food,4,26,70,100,70.0,4.0,0.66
H10 Marina Barcelona,Location,11,42,64,117,54.7,9.4,0.453
H10 Marina Barcelona,Room,16,54,76,146,52.05,10.96,0.411
H10 Marina Barcelona,Staff_Service,14,42,96,152,63.16,9.21,0.539
H10 Marina Barcelona,Value,5,20,27,52,51.92,9.62,0.423
H10 Marina Barcelona,Wellness,7,29,56,92,60.87,7.61,0.533
H10 Metropolitan 4 Sup,Cleanliness,2,9,52,63,82.54,3.17,0.794
H10 Metropolitan 4 Sup,Facilities,0,6,38,44,86.36,0.0,0.864
H10 Metropolitan 4 Sup,Food,3,25,106,134,79.1,2.24,0.769
H10 Metropolitan 4 Sup,Location,6,45,248,299,82.94,2.01,0.809
H10 Metropolitan 4 Sup,Room,7,39,175,221,79.19,3.17,0.76
H10 Metropolitan 4 Sup,Staff_Service,6,34,265,305,86.89,1.97,0.849
H10 Metropolitan 4 Sup,Value,0,8,34,42,80.95,0.0,0.81
H10 Metropolitan 4 Sup,Wellness,0,7,55,62,88.71,0.0,0.887
H10 Port Vell 4 Sup,Cleanliness,2,10,36,48,75.0,4.17,0.708
H10 Port Vell 4 Sup,Facilities,1,7,22,30,73.33,3.33,0.7
H10 Port Vell 4 Sup,Food,4,18,90,112,80.36,3.57,0.768
H10 Port Vell 4 Sup,Location,6,23,166,195,85.13,3.08,0.821
H10 Port Vell 4 Sup,Room,8,32,135,175,77.14,4.57,0.726
H10 Port Vell 4 Sup,Staff_Service,5,19,201,225,89.33,2.22,0.871
H10 Port Vell 4 Sup,Value,3,11,35,49,71.43,6.12,0.653
H10 Port Vell 4 Sup,Wellness,0,3,40,43,93.02,0.0,0.93
H10 Universitat,Cleanliness,0,14,50,64,78.12,0.0,0.781
H10 Universitat,Facilities,2,11,26,39,66.67,5.13,0.615
H10 Universitat,Food,4,24,45,73,61.64,5.48,0.562
H10 Universitat,Location,6,64,104,174,59.77,3.45,0.563
H10 Universitat,Room,12,64,98,174,56.32,6.9,0.494
H10 Universitat,Staff_Service,6,34,76,116,65.52,5.17,0.603
H10 Universitat,Value,2,15,19,36,52.78,5.56,0.472
H10 Universitat,Wellness,1,2,3,6,50.0,16.67,0.333
H10 Urquinaona Plaza,Cleanliness,2,9,74,85,87.06,2.35,0.847
H10 Urquinaona Plaza,Facilities,1,7,33,41,80.49,2.44,0.78
H10 Urquinaona Plaza,Food,5,22,84,111,75.68,4.5,0.712
H10 Urquinaona Plaza,Location,6,49,199,254,78.35,2.36,0.76
H10 Urquinaona Plaza,Room,14,53,184,251,73.31,5.58,0.677
H10 Urquinaona Plaza,Staff_Service,7,45,247,299,82.61,2.34,0.803
H10 Urquinaona Plaza,Value,2,12,30,44,68.18,4.55,0.636
H10 Urquinaona Plaza,Wellness,2,9,21,32,65.62,6.25,0.594
HCC Regente,Cleanliness,0,6,7,13,53.85,0.0,0.538
HCC Regente,Facilities,2,5,4,11,36.36,18.18,0.182
HCC Regente,Food,0,5,13,18,72.22,0.0,0.722
HCC Regente,Location,3,17,30,50,60.0,6.0,0.54
HCC Regente,Room,6,11,11,28,39.29,21.43,0.179
HCC Regente,Staff_Service,5,7,13,25,52.0,20.0,0.32
HCC Regente,Value,0,4,8,12,66.67,0.0,0.667
HCC Regente,Wellness,0,1,5,6,83.33,0.0,0.833
HCC St Moritz,Cleanliness,1,4,12,17,70.59,5.88,0.647
HCC St Moritz,Facilities,0,5,2,7,28.57,0.0,0.286
HCC St Moritz,Food,1,10,21,32,65.62,3.12,0.625
HCC St Moritz,Location,7,16,46,69,66.67,10.14,0.565
HCC St Moritz,Room,8,14,27,49,55.1,16.33,0.388
HCC St Moritz,Staff_Service,8,10,32,50,64.0,16.0,0.48
HCC St Moritz,Value,1,3,11,15,73.33,6.67,0.667
Hallmark Hotel London Chigwell Prince Regent,Cleanliness,39,23,19,81,23.46,48.15,-0.247
Hallmark Hotel London Chigwell Prince Regent,Facilities,29,31,29,89,32.58,32.58,0.0
Hallmark Hotel London Chigwell Prince Regent,Food,45,75,49,169,28.99,26.63,0.024
Hallmark Hotel London Chigwell Prince Regent,Location,26,52,26,104,25.0,25.0,0.0
Hallmark Hotel London Chigwell Prince Regent,Room,103,122,71,296,23.99,34.8,-0.108
Hallmark Hotel London Chigwell Prince Regent,Staff_Service,65,90,65,220,29.55,29.55,0.0
Hallmark Hotel London Chigwell Prince Regent,Value,23,17,5,45,11.11,51.11,-0.4
Hallmark Hotel London Chigwell Prince Regent,Wellness,1,2,2,5,40.0,20.0,0.2
Ham Yard Hotel,Cleanliness,0,0,7,7,100.0,0.0,1.0
Ham Yard Hotel,Facilities,3,1,11,15,73.33,20.0,0.533
Ham Yard Hotel,Food,1,3,32,36,88.89,2.78,0.861
Ham Yard Hotel,Location,2,4,36,42,85.71,4.76,0.81
Ham Yard Hotel,Room,2,5,37,44,84.09,4.55,0.795
Ham Yard Hotel,Staff_Service,3,5,67,75,89.33,4.0,0.853
Ham Yard Hotel,Value,4,4,9,17,52.94,23.53,0.294
Ham Yard Hotel,Wellness,0,1,5,6,83.33,0.0,0.833
Hampshire Hotel Amsterdam American,Cleanliness,11,35,85,131,64.89,8.4,0.565
Hampshire Hotel Amsterdam American,Facilities,10,44,55,109,50.46,9.17,0.413
Hampshire Hotel Amsterdam American,Food,20,87,232,339,68.44,5.9,0.625
Hampshire Hotel Amsterdam American,Location,45,203,478,726,65.84,6.2,0.596
Hampshire Hotel Amsterdam American,Room,63,230,401,694,57.78,9.08,0.487
Hampshire Hotel Amsterdam American,Staff_Service,40,141,449,630,71.27,6.35,0.649
Hampshire Hotel Amsterdam American,Value,13,57,94,164,57.32,7.93,0.494
Hampshire Hotel Amsterdam American,Wellness,1,9,15,25,60.0,4.0,0.56
Hampshire Hotel Rembrandt Square Amsterdam,Cleanliness,39,44,56,139,40.29,28.06,0.122
Hampshire Hotel Rembrandt Square Amsterdam,Facilities,13,48,45,106,42.45,12.26,0.302
Hampshire Hotel Rembrandt Square Amsterdam,Food,17,50,84,151,55.63,11.26,0.444
Hampshire Hotel Rembrandt Square Amsterdam,Location,73,161,210,444,47.3,16.44,0.309
Hampshire Hotel Rembrandt Square Amsterdam,Room,91,166,185,442,41.86,20.59,0.213
Hampshire Hotel Rembrandt Square Amsterdam,Staff_Service,54,97,139,290,47.93,18.62,0.293
Hampshire Hotel Rembrandt Square Amsterdam,Value,17,33,31,81,38.27,20.99,0.173
Hampshire Hotel Rembrandt Square Amsterdam,Wellness,2,3,1,6,16.67,33.33,-0.167
Hampshire Hotel The Manor Amsterdam,Cleanliness,8,30,64,102,62.75,7.84,0.549
Hampshire Hotel The Manor Amsterdam,Facilities,3,24,28,55,50.91,5.45,0.455
Hampshire Hotel The Manor Amsterdam,Food,14,29,80,123,65.04,11.38,0.537
Hampshire Hotel The Manor Amsterdam,Location,11,50,124,185,67.03,5.95,0.611
Hampshire Hotel The Manor Amsterdam,Room,26,71,128,225,56.89,11.56,0.453
Hampshire Hotel The Manor Amsterdam,Staff_Service,15,51,176,242,72.73,6.2,0.665
Hampshire Hotel The Manor Amsterdam,Value,7,18,37,62,59.68,11.29,0.484
Hampshire Hotel The Manor Amsterdam,Wellness,0,2,4,6,66.67,0.0,0.667
Hampton by Hilton Amsterdam Centre East,Cleanliness,4,21,67,92,72.83,4.35,0.685
Hampton by Hilton Amsterdam Centre East,Facilities,5,6,17,28,60.71,17.86,0.429
Hampton by Hilton Amsterdam Centre East,Food,14,40,148,202,73.27,6.93,0.663
Hampton by Hilton Amsterdam Centre East,Location,10,31,104,145,71.72,6.9,0.648
Hampton by Hilton Amsterdam Centre East,Room,20,36,105,161,65.22,12.42,0.528
Hampton by Hilton Amsterdam Centre East,Staff_Service,19,26,131,176,74.43,10.8,0.636
Hampton by Hilton Amsterdam Centre East,Value,8,8,20,36,55.56,22.22,0.333
Hampton by Hilton Amsterdam Centre East,Wellness,2,0,8,10,80.0,20.0,0.6
Haymarket Hotel,Cleanliness,0,3,8,11,72.73,0.0,0.727
Haymarket Hotel,Facilities,1,3,14,18,77.78,5.56,0.722
Haymarket Hotel,Food,0,3,39,42,92.86,0.0,0.929
Haymarket Hotel,Location,2,6,42,50,84.0,4.0,0.8
Haymarket Hotel,Room,2,8,42,52,80.77,3.85,0.769
Haymarket Hotel,Staff_Service,1,4,63,68,92.65,1.47,0.912
Haymarket Hotel,Value,0,1,8,9,88.89,0.0,0.889
Haymarket Hotel,Wellness,0,4,15,19,78.95,0.0,0.789
Hazlitt s,Cleanliness,0,3,9,12,75.0,0.0,0.75
Hazlitt s,Facilities,4,7,15,26,57.69,15.38,0.423
Hazlitt s,Food,2,11,29,42,69.05,4.76,0.643
Hazlitt s,Location,4,19,79,102,77.45,3.92,0.735
Hazlitt s,Room,6,25,96,127,75.59,4.72,0.709
Hazlitt s,Staff_Service,2,11,96,109,88.07,1.83,0.862
Hazlitt s,Value,1,8,9,18,50.0,5.56,0.444
Hazlitt s,Wellness,0,0,1,1,100.0,0.0,1.0
Henley House Hotel,Cleanliness,3,29,84,116,72.41,2.59,0.698
Henley House Hotel,Facilities,4,16,42,62,67.74,6.45,0.613
Henley House Hotel,Food,12,59,127,198,64.14,6.06,0.581
Henley House Hotel,Location,6,62,154,222,69.37,2.7,0.667
Henley House Hotel,Room,15,86,181,282,64.18,5.32,0.589
Henley House Hotel,Staff_Service,5,44,134,183,73.22,2.73,0.705
Henley House Hotel,Value,1,9,28,38,73.68,2.63,0.711
Henley House Hotel,Wellness,0,1,1,2,50.0,0.0,0.5
Henry VIII,Cleanliness,47,76,56,179,31.28,26.26,0.05
Henry VIII,Facilities,65,86,56,207,27.05,31.4,-0.043
Henry VIII,Food,117,185,169,471,35.88,24.84,0.11
Henry VIII,Location,120,201,151,472,31.99,25.42,0.066
Henry VIII,Room,223,284,167,674,24.78,33.09,-0.083
Henry VIII,Staff_Service,126,170,192,488,39.34,25.82,0.135
Henry VIII,Value,59,57,52,168,30.95,35.12,-0.042
Henry VIII,Wellness,48,101,107,256,41.8,18.75,0.23
Hidden Hotel by Elegancia,Cleanliness,0,1,3,4,75.0,0.0,0.75
Hidden Hotel by Elegancia,Facilities,0,0,6,6,100.0,0.0,1.0
Hidden Hotel by Elegancia,Food,0,1,19,20,95.0,0.0,0.95
Hidden Hotel by Elegancia,Location,0,2,26,28,92.86,0.0,0.929
Hidden Hotel by Elegancia,Room,2,4,34,40,85.0,5.0,0.8
Hidden Hotel by Elegancia,Staff_Service,1,4,54,59,91.53,1.69,0.898
Hidden Hotel by Elegancia,Value,1,0,7,8,87.5,12.5,0.75
Hilton Amsterdam,Cleanliness,0,12,19,31,61.29,0.0,0.613
Hilton Amsterdam,Facilities,11,17,33,61,54.1,18.03,0.361
Hilton Amsterdam,Food,9,23,69,101,68.32,8.91,0.594
Hilton Amsterdam,Location,6,24,67,97,69.07,6.19,0.629
Hilton Amsterdam,Room,17,35,60,112,53.57,15.18,0.384
Hilton Amsterdam,Staff_Service,19,33,91,143,63.64,13.29,0.503
Hilton Amsterdam,Value,8,19,24,51,47.06,15.69,0.314
Hilton Amsterdam,Wellness,3,3,14,20,70.0,15.0,0.55
Hilton Barcelona,Cleanliness,0,2,6,8,75.0,0.0,0.75
Hilton Barcelona,Facilities,1,3,1,5,20.0,20.0,0.0
Hilton Barcelona,Food,1,5,6,12,50.0,8.33,0.417
Hilton Barcelona,Location,3,7,11,21,52.38,14.29,0.381
Hilton Barcelona,Room,4,11,10,25,40.0,16.0,0.24
Hilton Barcelona,Staff_Service,4,4,11,19,57.89,21.05,0.368
Hilton Barcelona,Value,1,2,2,5,40.0,20.0,0.2
Hilton Barcelona,Wellness,0,2,2,4,50.0,0.0,0.5
Hilton Diagonal Mar Barcelona,Cleanliness,4,3,13,20,65.0,20.0,0.45
Hilton Diagonal Mar Barcelona,Facilities,3,8,13,24,54.17,12.5,0.417
Hilton Diagonal Mar Barcelona,Food,9,8,25,42,59.52,21.43,0.381
Hilton Diagonal Mar Barcelona,Location,6,22,34,62,54.84,9.68,0.452
Hilton Diagonal Mar Barcelona,Room,15,12,20,47,42.55,31.91,0.106
Hilton Diagonal Mar Barcelona,Staff_Service,15,19,41,75,54.67,20.0,0.347
Hilton Diagonal Mar Barcelona,Value,3,10,7,20,35.0,15.0,0.2
Hilton Diagonal Mar Barcelona,Wellness,10,10,23,43,53.49,23.26,0.302
Hilton Garden Inn Milan North,Cleanliness,3,35,91,129,70.54,2.33,0.682
Hilton Garden Inn Milan North,Facilities,6,41,85,132,64.39,4.55,0.598
Hilton Garden Inn Milan North,Food,10,46,101,157,64.33,6.37,0.58
Hilton Garden Inn Milan North,Location,15,40,128,183,69.95,8.2,0.617
Hilton Garden Inn Milan North,Room,18,77,119,214,55.61,8.41,0.472
Hilton Garden Inn Milan North,Staff_Service,17,36,86,139,61.87,12.23,0.496
Hilton Garden Inn Milan North,Value,8,15,42,65,64.62,12.31,0.523
Hilton Garden Inn Milan North,Wellness,2,2,15,19,78.95,10.53,0.684
Hilton Garden Inn Vienna South,Cleanliness,0,2,3,5,60.0,0.0,0.6
Hilton Garden Inn Vienna South,Facilities,0,2,1,3,33.33,0.0,0.333
Hilton Garden Inn Vienna South,Food,1,2,4,7,57.14,14.29,0.429
Hilton Garden Inn Vienna South,Location,0,2,3,5,60.0,0.0,0.6
Hilton Garden Inn Vienna South,Room,0,6,6,12,50.0,0.0,0.5
Hilton Garden Inn Vienna South,Staff_Service,0,2,3,5,60.0,0.0,0.6
Hilton Garden Inn Vienna South,Value,0,2,2,4,50.0,0.0,0.5
Hilton London Angel Islington,Cleanliness,5,17,78,100,78.0,5.0,0.73
Hilton London Angel Islington,Facilities,3,19,58,80,72.5,3.75,0.688
Hilton London Angel Islington,Food,10,48,169,227,74.45,4.41,0.7
Hilton London Angel Islington,Location,9,69,164,242,67.77,3.72,0.64
Hilton London Angel Islington,Room,22,78,209,309,67.64,7.12,0.605
Hilton London Angel Islington,Staff_Service,10,39,251,300,83.67,3.33,0.803
Hilton London Angel Islington,Value,3,22,51,76,67.11,3.95,0.632
Hilton London Angel Islington,Wellness,1,2,4,7,57.14,14.29,0.429
Hilton London Bankside,Cleanliness,2,22,95,119,79.83,1.68,0.782
Hilton London Bankside,Facilities,4,12,63,79,79.75,5.06,0.747
Hilton London Bankside,Food,9,43,254,306,83.01,2.94,0.801
Hilton London Bankside,Location,7,51,207,265,78.11,2.64,0.755
Hilton London Bankside,Room,19,81,370,470,78.72,4.04,0.747
Hilton London Bankside,Staff_Service,10,55,432,497,86.92,2.01,0.849
Hilton London Bankside,Value,5,16,74,95,77.89,5.26,0.726
Hilton London Bankside,Wellness,1,22,75,98,76.53,1.02,0.755
Hilton London Canary Wharf,Cleanliness,12,38,211,261,80.84,4.6,0.762
Hilton London Canary Wharf,Facilities,16,48,153,217,70.51,7.37,0.631
Hilton London Canary Wharf,Food,26,103,469,598,78.43,4.35,0.741
Hilton London Canary Wharf,Location,21,73,356,450,79.11,4.67,0.744
Hilton London Canary Wharf,Room,41,144,603,788,76.52,5.2,0.713
Hilton London Canary Wharf,Staff_Service,38,93,635,766,82.9,4.96,0.779
Hilton London Canary Wharf,Value,4,42,128,174,73.56,2.3,0.713
Hilton London Canary Wharf,Wellness,5,4,17,26,65.38,19.23,0.462
Hilton London Euston,Cleanliness,17,27,22,66,33.33,25.76,0.076
Hilton London Euston,Facilities,52,43,27,122,22.13,42.62,-0.205
Hilton London Euston,Food,24,47,72,143,50.35,16.78,0.336
Hilton London Euston,Location,47,58,60,165,36.36,28.48,0.079
Hilton London Euston,Room,85,100,92,277,33.21,30.69,0.025
Hilton London Euston,Staff_Service,59,57,85,201,42.29,29.35,0.129
Hilton London Euston,Value,23,16,8,47,17.02,48.94,-0.319
Hilton London Euston,Wellness,9,1,2,12,16.67,75.0,-0.583
Hilton London Green Park,Cleanliness,22,24,11,57,19.3,38.6,-0.193
Hilton London Green Park,Facilities,9,26,13,48,27.08,18.75,0.083
Hilton London Green Park,Food,28,83,74,185,40.0,15.14,0.249
Hilton London Green Park,Location,36,129,91,256,35.55,14.06,0.215
Hilton London Green Park,Room,70,146,75,291,25.77,24.05,0.017
Hilton London Green Park,Staff_Service,29,95,94,218,43.12,13.3,0.298
Hilton London Green Park,Value,17,30,14,61,22.95,27.87,-0.049
Hilton London Green Park,Wellness,0,3,1,4,25.0,0.0,0.25
Hilton London Hyde Park,Cleanliness,6,12,15,33,45.45,18.18,0.273
Hilton London Hyde Park,Facilities,5,16,14,35,40.0,14.29,0.257
Hilton London Hyde Park,Food,9,20,40,69,57.97,13.04,0.449
Hilton London Hyde Park,Location,15,42,68,125,54.4,12.0,0.424
Hilton London Hyde Park,Room,32,46,65,143,45.45,22.38,0.231
Hilton London Hyde Park,Staff_Service,15,23,58,96,60.42,15.62,0.448
Hilton London Hyde Park,Value,9,8,12,29,41.38,31.03,0.103
Hilton London Hyde Park,Wellness,0,1,0,1,0.0,0.0,0.0
Hilton London Kensington Hotel,Cleanliness,54,98,131,283,46.29,19.08,0.272
Hilton London Kensington Hotel,Facilities,51,129,124,304,40.79,16.78,0.24
Hilton London Kensington Hotel,Food,77,271,362,710,50.99,10.85,0.401
Hilton London Kensington Hotel,Location,66,305,287,658,43.62,10.03,0.336
Hilton London Kensington Hotel,Room,190,442,409,1041,39.29,18.25,0.21
Hilton London Kensington Hotel,Staff_Service,101,285,483,869,55.58,11.62,0.44
Hilton London Kensington Hotel,Value,54,100,94,248,37.9,21.77,0.161
Hilton London Kensington Hotel,Wellness,6,14,28,48,58.33,12.5,0.458
Hilton London Metropole,Cleanliness,111,120,127,358,35.47,31.01,0.045
Hilton London Metropole,Facilities,112,177,159,448,35.49,25.0,0.105
Hilton London Metropole,Food,136,268,379,783,48.4,17.37,0.31
Hilton London Metropole,Location,193,387,394,974,40.45,19.82,0.206
Hilton London Metropole,Room,405,528,457,1390,32.88,29.14,0.037
Hilton London Metropole,Staff_Service,266,349,506,1121,45.14,23.73,0.214
Hilton London Metropole,Value,99,113,117,329,35.56,30.09,0.055
Hilton London Metropole,Wellness,36,76,73,185,39.46,19.46,0.2
Hilton London Olympia,Cleanliness,28,40,37,105,35.24,26.67,0.086
Hilton London Olympia,Facilities,33,54,47,134,35.07,24.63,0.104
Hilton London Olympia,Food,54,112,138,304,45.39,17.76,0.276
Hilton London Olympia,Location,49,147,100,296,33.78,16.55,0.172
Hilton London Olympia,Room,123,225,182,530,34.34,23.21,0.111
Hilton London Olympia,Staff_Service,71,153,197,421,46.79,16.86,0.299
Hilton London Olympia,Value,25,48,30,103,29.13,24.27,0.049
Hilton London Olympia,Wellness,0,3,3,6,50.0,0.0,0.5
Hilton London Paddington,Cleanliness,14,41,72,127,56.69,11.02,0.457
Hilton London Paddington,Facilities,40,76,115,231,49.78,17.32,0.325
Hilton London Paddington,Food,34,103,176,313,56.23,10.86,0.454
Hilton London Paddington,Location,73,186,333,592,56.25,12.33,0.439
Hilton London Paddington,Room,94,173,276,543,50.83,17.31,0.335
Hilton London Paddington,Staff_Service,83,117,251,451,55.65,18.4,0.373
Hilton London Paddington,Value,35,51,56,142,39.44,24.65,0.148
Hilton London Paddington,Wellness,3,7,5,15,33.33,20.0,0.133
Hilton London Tower Bridge,Cleanliness,4,34,64,102,62.75,3.92,0.588
Hilton London Tower Bridge,Facilities,7,32,66,105,62.86,6.67,0.562
Hilton London Tower Bridge,Food,28,91,196,315,62.22,8.89,0.533
Hilton London Tower Bridge,Location,19,112,212,343,61.81,5.54,0.563
Hilton London Tower Bridge,Room,36,107,234,377,62.07,9.55,0.525
Hilton London Tower Bridge,Staff_Service,34,83,244,361,67.59,9.42,0.582
Hilton London Tower Bridge,Value,10,20,39,69,56.52,14.49,0.42
Hilton London Tower Bridge,Wellness,0,3,3,6,50.0,0.0,0.5
Hilton London Wembley,Cleanliness,28,102,237,367,64.58,7.63,0.569
Hilton London Wembley,Facilities,32,121,273,426,64.08,7.51,0.566
Hilton London Wembley,Food,55,173,448,676,66.27,8.14,0.581
Hilton London Wembley,Location,46,217,463,726,63.77,6.34,0.574
Hilton London Wembley,Room,107,273,676,1056,64.02,10.13,0.539
Hilton London Wembley,Staff_Service,91,225,707,1023,69.11,8.9,0.602
Hilton London Wembley,Value,29,88,160,277,57.76,10.47,0.473
Hilton London Wembley,Wellness,12,42,109,163,66.87,7.36,0.595
Hilton Milan,Cleanliness,3,16,21,40,52.5,7.5,0.45
Hilton Milan,Facilities,5,17,24,46,52.17,10.87,0.413
Hilton Milan,Food,11,19,56,86,65.12,12.79,0.523
Hilton Milan,Location,9,40,75,124,60.48,7.26,0.532
Hilton Milan,Room,21,36,48,105,45.71,20.0,0.257
Hilton Milan,Staff_Service,15,38,72,125,57.6,12.0,0.456
Hilton Milan,Value,3,17,19,39,48.72,7.69,0.41
Hilton Milan,Wellness,0,0,3,3,100.0,0.0,1.0
Hilton Paris Opera,Cleanliness,4,4,13,21,61.9,19.05,0.429
Hilton Paris Opera,Facilities,1,1,5,7,71.43,14.29,0.571
Hilton Paris Opera,Food,3,11,27,41,65.85,7.32,0.585
Hilton Paris Opera,Location,7,18,31,56,55.36,12.5,0.429
Hilton Paris Opera,Room,8,16,28,52,53.85,15.38,0.385
Hilton Paris Opera,Staff_Service,8,15,33,56,58.93,14.29,0.446
Hilton Paris Opera,Value,2,3,5,10,50.0,20.0,0.3
Hilton Paris Opera,Wellness,1,1,3,5,60.0,20.0,0.4
Hilton Vienna,Cleanliness,16,18,33,67,49.25,23.88,0.254
Hilton Vienna,Facilities,42,65,83,190,43.68,22.11,0.216
Hilton Vienna,Food,22,73,93,188,49.47,11.7,0.378
Hilton Vienna,Location,42,100,153,295,51.86,14.24,0.376
Hilton Vienna,Room,62,93,113,268,42.16,23.13,0.19
Hilton Vienna,Staff_Service,39,62,87,188,46.28,20.74,0.255
Hilton Vienna,Value,21,29,35,85,41.18,24.71,0.165
Hilton Vienna,Wellness,0,8,10,18,55.56,0.0,0.556
Hilton Vienna Danube Waterfront,Cleanliness,6,9,32,47,68.09,12.77,0.553
Hilton Vienna Danube Waterfront,Facilities,20,44,78,142,54.93,14.08,0.408
Hilton Vienna Danube Waterfront,Food,12,43,125,180,69.44,6.67,0.628
Hilton Vienna Danube Waterfront,Location,14,43,95,152,62.5,9.21,0.533
Hilton Vienna Danube Waterfront,Room,32,64,113,209,54.07,15.31,0.388
Hilton Vienna Danube Waterfront,Staff_Service,21,40,97,158,61.39,13.29,0.481
Hilton Vienna Danube Waterfront,Value,5,32,42,79,53.16,6.33,0.468
Hilton Vienna Danube Waterfront,Wellness,1,11,34,46,73.91,2.17,0.717
Hilton Vienna Plaza,Cleanliness,5,15,30,50,60.0,10.0,0.5
Hilton Vienna Plaza,Facilities,10,20,49,79,62.03,12.66,0.494
Hilton Vienna Plaza,Food,13,32,67,112,59.82,11.61,0.482
Hilton Vienna Plaza,Location,10,34,68,112,60.71,8.93,0.518
Hilton Vienna Plaza,Room,24,44,84,152,55.26,15.79,0.395
Hilton Vienna Plaza,Staff_Service,19,41,80,140,57.14,13.57,0.436
Hilton Vienna Plaza,Value,6,9,20,35,57.14,17.14,0.4
Hilton Vienna Plaza,Wellness,1,1,6,8,75.0,12.5,0.625
Holiday Inn Amsterdam,Cleanliness,8,19,29,56,51.79,14.29,0.375
Holiday Inn Amsterdam,Facilities,3,20,26,49,53.06,6.12,0.469
Holiday Inn Amsterdam,Food,13,29,58,100,58.0,13.0,0.45
Holiday Inn Amsterdam,Location,7,45,61,113,53.98,6.19,0.478
Holiday Inn Amsterdam,Room,22,42,66,130,50.77,16.92,0.338
Holiday Inn Amsterdam,Staff_Service,17,31,72,120,60.0,14.17,0.458
Holiday Inn Amsterdam,Value,6,10,27,43,62.79,13.95,0.488
Holiday Inn Amsterdam,Wellness,0,0,1,1,100.0,0.0,1.0
Holiday Inn Amsterdam Arena Towers,Cleanliness,5,18,45,68,66.18,7.35,0.588
Holiday Inn Amsterdam Arena Towers,Facilities,2,14,19,35,54.29,5.71,0.486
Holiday Inn Amsterdam Arena Towers,Food,7,28,87,122,71.31,5.74,0.656
Holiday Inn Amsterdam Arena Towers,Location,5,23,66,94,70.21,5.32,0.649
Holiday Inn Amsterdam Arena Towers,Room,12,32,65,109,59.63,11.01,0.486
Holiday Inn Amsterdam Arena Towers,Staff_Service,12,31,84,127,66.14,9.45,0.567
Holiday Inn Amsterdam Arena Towers,Value,4,15,20,39,51.28,10.26,0.41
Holiday Inn Amsterdam Arena Towers,Wellness,0,0,5,5,100.0,0.0,1.0
Holiday Inn London Bloomsbury,Cleanliness,6,65,136,207,65.7,2.9,0.628
Holiday Inn London Bloomsbury,Facilities,21,71,75,167,44.91,12.57,0.323
Holiday Inn London Bloomsbury,Food,27,137,268,432,62.04,6.25,0.558
Holiday Inn London Bloomsbury,Location,39,230,357,626,57.03,6.23,0.508
Holiday Inn London Bloomsbury,Room,82,252,313,647,48.38,12.67,0.357
Holiday Inn London Bloomsbury,Staff_Service,36,129,363,528,68.75,6.82,0.619
Holiday Inn London Bloomsbury,Value,24,61,80,165,48.48,14.55,0.339
Holiday Inn London Bloomsbury,Wellness,1,1,5,7,71.43,14.29,0.571
Holiday Inn London Brent Cross,Cleanliness,9,26,25,60,41.67,15.0,0.267
Holiday Inn London Brent Cross,Facilities,15,26,33,74,44.59,20.27,0.243
Holiday Inn London Brent Cross,Food,19,35,65,119,54.62,15.97,0.387
Holiday Inn London Brent Cross,Location,7,45,71,123,57.72,5.69,0.52
Holiday Inn London Brent Cross,Room,32,66,82,180,45.56,17.78,0.278
Holiday Inn London Brent Cross,Staff_Service,30,51,136,217,62.67,13.82,0.488
Holiday Inn London Brent Cross,Value,8,19,19,46,41.3,17.39,0.239
Holiday Inn London Brent Cross,Wellness,4,0,4,8,50.0,50.0,0.0
Holiday Inn London Camden Lock,Cleanliness,2,42,95,139,68.35,1.44,0.669
Holiday Inn London Camden Lock,Facilities,4,24,50,78,64.1,5.13,0.59
Holiday Inn London Camden Lock,Food,6,50,153,209,73.21,2.87,0.703
Holiday Inn London Camden Lock,Location,18,97,258,373,69.17,4.83,0.643
Holiday Inn London Camden Lock,Room,22,109,211,342,61.7,6.43,0.553
Holiday Inn London Camden Lock,Staff_Service,19,68,250,337,74.18,5.64,0.685
Holiday Inn London Camden Lock,Value,8,31,36,75,48.0,10.67,0.373
Holiday Inn London Camden Lock,Wellness,0,1,6,7,85.71,0.0,0.857
Holiday Inn London Kensington,Cleanliness,64,161,209,434,48.16,14.75,0.334
Holiday Inn London Kensington,Facilities,113,269,238,620,38.39,18.23,0.202
Holiday Inn London Kensington,Food,103,263,293,659,44.46,15.63,0.288
Holiday Inn London Kensington,Location,174,571,517,1262,40.97,13.79,0.272
Holiday Inn London Kensington,Room,323,756,604,1683,35.89,19.19,0.167
Holiday Inn London Kensington,Staff_Service,245,429,642,1316,48.78,18.62,0.302
Holiday Inn London Kensington,Value,96,205,169,470,35.96,20.43,0.155
Holiday Inn London Kensington,Wellness,91,183,176,450,39.11,20.22,0.189
Holiday Inn London Kensington Forum,Cleanliness,29,81,105,215,48.84,13.49,0.353
Holiday Inn London Kensington Forum,Facilities,26,75,94,195,48.21,13.33,0.349
Holiday Inn London Kensington Forum,Food,49,203,304,556,54.68,8.81,0.459
Holiday Inn London Kensington Forum,Location,71,304,339,714,47.48,9.94,0.375
Holiday Inn London Kensington Forum,Room,131,331,319,781,40.85,16.77,0.241
Holiday Inn London Kensington Forum,Staff_Service,83,177,305,565,53.98,14.69,0.393
Holiday Inn London Kensington Forum,Value,24,75,70,169,41.42,14.2,0.272
Holiday Inn London Kensington Forum,Wellness,4,4,11,19,57.89,21.05,0.368
Holiday Inn London Mayfair,Cleanliness,8,30,51,89,57.3,8.99,0.483
Holiday Inn London Mayfair,Facilities,10,39,36,85,42.35,11.76,0.306
Holiday Inn London Mayfair,Food,16,66,127,209,60.77,7.66,0.531
Holiday Inn London Mayfair,Location,42,130,196,368,53.26,11.41,0.418
Holiday Inn London Mayfair,Room,46,105,126,277,45.49,16.61,0.289
Holiday Inn London Mayfair,Staff_Service,28,81,196,305,64.26,9.18,0.551
Holiday Inn London Mayfair,Value,14,24,38,76,50.0,18.42,0.316
Holiday Inn London Mayfair,Wellness,0,4,6,10,60.0,0.0,0.6
Holiday Inn London Oxford Circus,Cleanliness,12,34,33,79,41.77,15.19,0.266
Holiday Inn London Oxford Circus,Facilities,16,17,19,52,36.54,30.77,0.058
Holiday Inn London Oxford Circus,Food,20,57,73,150,48.67,13.33,0.353
Holiday Inn London Oxford Circus,Location,32,118,103,253,40.71,12.65,0.281
Holiday Inn London Oxford Circus,Room,49,109,96,254,37.8,19.29,0.185
Holiday Inn London Oxford Circus,Staff_Service,34,75,101,210,48.1,16.19,0.319
Holiday Inn London Oxford Circus,Value,11,27,15,53,28.3,20.75,0.075
Holiday Inn London Oxford Circus,Wellness,1,1,1,3,33.33,33.33,0.0
Holiday Inn London Regent s Park,Cleanliness,13,43,125,181,69.06,7.18,0.619
Holiday Inn London Regent s Park,Facilities,10,40,55,105,52.38,9.52,0.429
Holiday Inn London Regent s Park,Food,23,89,179,291,61.51,7.9,0.536
Holiday Inn London Regent s Park,Location,26,143,219,388,56.44,6.7,0.497
Holiday Inn London Regent s Park,Room,51,168,210,429,48.95,11.89,0.371
Holiday Inn London Regent s Park,Staff_Service,27,97,273,397,68.77,6.8,0.62
Holiday Inn London Regent s Park,Value,15,42,57,114,50.0,13.16,0.368
Holiday Inn London Regent s Park,Wellness,0,1,5,6,83.33,0.0,0.833
Holiday Inn London Stratford City,Cleanliness,5,34,151,190,79.47,2.63,0.768
Holiday Inn London Stratford City,Facilities,14,30,90,134,67.16,10.45,0.567
Holiday Inn London Stratford City,Food,18,73,235,326,72.09,5.52,0.666
Holiday Inn London Stratford City,Location,30,91,332,453,73.29,6.62,0.667
Holiday Inn London Stratford City,Room,37,106,252,395,63.8,9.37,0.544
Holiday Inn London Stratford City,Staff_Service,40,78,320,438,73.06,9.13,0.639
Holiday Inn London Stratford City,Value,9,35,63,107,58.88,8.41,0.505
Holiday Inn London Stratford City,Wellness,1,3,10,14,71.43,7.14,0.643
Holiday Inn London Wembley,Cleanliness,38,105,229,372,61.56,10.22,0.513
Holiday Inn London Wembley,Facilities,21,103,213,337,63.2,6.23,0.57
Holiday Inn London Wembley,Food,63,175,400,638,62.7,9.87,0.528
Holiday Inn London Wembley,Location,59,230,377,666,56.61,8.86,0.477
Holiday Inn London Wembley,Room,114,297,513,924,55.52,12.34,0.432
Holiday Inn London Wembley,Staff_Service,78,200,494,772,63.99,10.1,0.539
Holiday Inn London Wembley,Value,22,108,145,275,52.73,8.0,0.447
Holiday Inn London Wembley,Wellness,21,72,112,205,54.63,10.24,0.444
Holiday Inn London West,Cleanliness,14,38,90,142,63.38,9.86,0.535
Holiday Inn London West,Facilities,15,46,75,136,55.15,11.03,0.441
Holiday Inn London West,Food,27,66,127,220,57.73,12.27,0.455
Holiday Inn London West,Location,16,84,104,204,50.98,7.84,0.431
Holiday Inn London West,Room,57,118,178,353,50.42,16.15,0.343
Holiday Inn London West,Staff_Service,47,85,172,304,56.58,15.46,0.411
Holiday Inn London West,Value,6,29,44,79,55.7,7.59,0.481
Holiday Inn London West,Wellness,0,4,11,15,73.33,0.0,0.733
Holiday Inn London Whitechapel,Cleanliness,2,15,79,96,82.29,2.08,0.802
Holiday Inn London Whitechapel,Facilities,3,11,35,49,71.43,6.12,0.653
Holiday Inn London Whitechapel,Food,2,26,93,121,76.86,1.65,0.752
Holiday Inn London Whitechapel,Location,4,29,73,106,68.87,3.77,0.651
Holiday Inn London Whitechapel,Room,8,41,140,189,74.07,4.23,0.698
Holiday Inn London Whitechapel,Staff_Service,3,28,160,191,83.77,1.57,0.822
Holiday Inn London Whitechapel,Value,3,8,23,34,67.65,8.82,0.588
Holiday Inn London Whitechapel,Wellness,0,3,3,6,50.0,0.0,0.5
Holiday Inn Milan Garibaldi Station,Cleanliness,0,2,8,10,80.0,0.0,0.8
Holiday Inn Milan Garibaldi Station,Facilities,0,2,4,6,66.67,0.0,0.667
Holiday Inn Milan Garibaldi Station,Food,0,5,16,21,76.19,0.0,0.762
Holiday Inn Milan Garibaldi Station,Location,0,5,16,21,76.19,0.0,0.762
Holiday Inn Milan Garibaldi Station,Room,3,9,7,19,36.84,15.79,0.211
Holiday Inn Milan Garibaldi Station,Staff_Service,2,5,16,23,69.57,8.7,0.609
Holiday Inn Milan Garibaldi Station,Value,0,0,3,3,100.0,0.0,1.0
Holiday Inn Milan Garibaldi Station,Wellness,0,0,1,1,100.0,0.0,1.0
Holiday Inn Paris Elys es,Cleanliness,1,1,10,12,83.33,8.33,0.75
Holiday Inn Paris Elys es,Facilities,5,4,2,11,18.18,45.45,-0.273
Holiday Inn Paris Elys es,Food,3,2,8,13,61.54,23.08,0.385
Holiday Inn Paris Elys es,Location,4,8,19,31,61.29,12.9,0.484
Holiday Inn Paris Elys es,Room,9,9,11,29,37.93,31.03,0.069
Holiday Inn Paris Elys es,Staff_Service,2,7,22,31,70.97,6.45,0.645
Holiday Inn Paris Elys es,Value,1,4,4,9,44.44,11.11,0.333
Holiday Inn Paris Elys es,Wellness,0,0,1,1,100.0,0.0,1.0
Holiday Inn Paris Gare Montparnasse,Cleanliness,10,21,19,50,38.0,20.0,0.18
Holiday Inn Paris Gare Montparnasse,Facilities,14,32,24,70,34.29,20.0,0.143
Holiday Inn Paris Gare Montparnasse,Food,13,30,33,76,43.42,17.11,0.263
Holiday Inn Paris Gare Montparnasse,Location,17,65,76,158,48.1,10.76,0.373
Holiday Inn Paris Gare Montparnasse,Room,34,61,55,150,36.67,22.67,0.14
Holiday Inn Paris Gare Montparnasse,Staff_Service,25,35,56,116,48.28,21.55,0.267
Holiday Inn Paris Gare Montparnasse,Value,11,12,6,29,20.69,37.93,-0.172
Holiday Inn Paris Gare Montparnasse,Wellness,1,1,1,3,33.33,33.33,0.0
Holiday Inn Paris Gare de Lyon Bastille,Cleanliness,5,14,35,54,64.81,9.26,0.556
Holiday Inn Paris Gare de Lyon Bastille,Facilities,5,12,27,44,61.36,11.36,0.5
Holiday Inn Paris Gare de Lyon Bastille,Food,8,24,73,105,69.52,7.62,0.619
Holiday Inn Paris Gare de Lyon Bastille,Location,14,49,135,198,68.18,7.07,0.611
Holiday Inn Paris Gare de Lyon Bastille,Room,23,59,113,195,57.95,11.79,0.462
Holiday Inn Paris Gare de Lyon Bastille,Staff_Service,22,23,103,148,69.59,14.86,0.547
Holiday Inn Paris Gare de Lyon Bastille,Value,3,12,24,39,61.54,7.69,0.538
Holiday Inn Paris Gare de Lyon Bastille,Wellness,0,1,1,2,50.0,0.0,0.5
Holiday Inn Paris Gare de l Est,Cleanliness,38,82,143,263,54.37,14.45,0.399
Holiday Inn Paris Gare de l Est,Facilities,25,56,62,143,43.36,17.48,0.259
Holiday Inn Paris Gare de l Est,Food,32,83,137,252,54.37,12.7,0.417
Holiday Inn Paris Gare de l Est,Location,70,218,304,592,51.35,11.82,0.395
Holiday Inn Paris Gare de l Est,Room,117,233,252,602,41.86,19.44,0.224
Holiday Inn Paris Gare de l Est,Staff_Service,90,134,240,464,51.72,19.4,0.323
Holiday Inn Paris Gare de l Est,Value,16,40,51,107,47.66,14.95,0.327
Holiday Inn Paris Gare de l Est,Wellness,0,1,5,6,83.33,0.0,0.833
Holiday Inn Paris Montmartre,Cleanliness,1,1,5,7,71.43,14.29,0.571
Holiday Inn Paris Montmartre,Facilities,0,1,9,10,90.0,0.0,0.9
Holiday Inn Paris Montmartre,Food,1,4,16,21,76.19,4.76,0.714
Holiday Inn Paris Montmartre,Location,0,9,20,29,68.97,0.0,0.69
Holiday Inn Paris Montmartre,Room,1,5,17,23,73.91,4.35,0.696
Holiday Inn Paris Montmartre,Staff_Service,1,4,25,30,83.33,3.33,0.8
Holiday Inn Paris Montmartre,Value,0,1,3,4,75.0,0.0,0.75
Holiday Inn Paris Montmartre,Wellness,1,0,0,1,0.0,100.0,-1.0
Holiday Inn Paris Montparnasse Pasteur,Cleanliness,3,3,2,8,25.0,37.5,-0.125
Holiday Inn Paris Montparnasse Pasteur,Facilities,2,4,1,7,14.29,28.57,-0.143
Holiday Inn Paris Montparnasse Pasteur,Food,3,9,2,14,14.29,21.43,-0.071
Holiday Inn Paris Montparnasse Pasteur,Location,3,9,1,13,7.69,23.08,-0.154
Holiday Inn Paris Montparnasse Pasteur,Room,7,9,5,21,23.81,33.33,-0.095
Holiday Inn Paris Montparnasse Pasteur,Staff_Service,5,10,4,19,21.05,26.32,-0.053
Holiday Inn Paris Montparnasse Pasteur,Value,2,0,0,2,0.0,100.0,-1.0
Holiday Inn Paris Notre Dame,Cleanliness,2,9,27,38,71.05,5.26,0.658
Holiday Inn Paris Notre Dame,Facilities,3,5,11,19,57.89,15.79,0.421
Holiday Inn Paris Notre Dame,Food,10,18,48,76,63.16,13.16,0.5
Holiday Inn Paris Notre Dame,Location,12,47,132,191,69.11,6.28,0.628
Holiday Inn Paris Notre Dame,Room,16,45,91,152,59.87,10.53,0.493
Holiday Inn Paris Notre Dame,Staff_Service,8,30,84,122,68.85,6.56,0.623
Holiday Inn Paris Notre Dame,Value,3,6,15,24,62.5,12.5,0.5
Holiday Inn Paris Notre Dame,Wellness,0,0,3,3,100.0,0.0,1.0
Holiday Inn Paris Op ra Grands Boulevards,Cleanliness,2,7,15,24,62.5,8.33,0.542
Holiday Inn Paris Op ra Grands Boulevards,Facilities,4,3,7,14,50.0,28.57,0.214
Holiday Inn Paris Op ra Grands Boulevards,Food,0,7,10,17,58.82,0.0,0.588
Holiday Inn Paris Op ra Grands Boulevards,Location,3,20,42,65,64.62,4.62,0.6
Holiday Inn Paris Op ra Grands Boulevards,Room,6,20,26,52,50.0,11.54,0.385
Holiday Inn Paris Op ra Grands Boulevards,Staff_Service,10,14,29,53,54.72,18.87,0.358
Holiday Inn Paris Op ra Grands Boulevards,Value,1,7,10,18,55.56,5.56,0.5
Holiday Inn Paris Op ra Grands Boulevards,Wellness,1,2,1,4,25.0,25.0,0.0
Holiday Inn Paris Saint Germain des Pr s,Cleanliness,8,11,32,51,62.75,15.69,0.471
Holiday Inn Paris Saint Germain des Pr s,Facilities,5,8,33,46,71.74,10.87,0.609
Holiday Inn Paris Saint Germain des Pr s,Food,9,14,52,75,69.33,12.0,0.573
Holiday Inn Paris Saint Germain des Pr s,Location,17,40,75,132,56.82,12.88,0.439
Holiday Inn Paris Saint Germain des Pr s,Room,20,32,68,120,56.67,16.67,0.4
Holiday Inn Paris Saint Germain des Pr s,Staff_Service,8,25,73,106,68.87,7.55,0.613
Holiday Inn Paris Saint Germain des Pr s,Value,5,5,15,25,60.0,20.0,0.4
Holiday Inn Paris Saint Germain des Pr s,Wellness,0,0,2,2,100.0,0.0,1.0
Holiday Inn Vienna City,Cleanliness,0,5,8,13,61.54,0.0,0.615
Holiday Inn Vienna City,Facilities,0,3,10,13,76.92,0.0,0.769
Holiday Inn Vienna City,Food,0,8,22,30,73.33,0.0,0.733
Holiday Inn Vienna City,Location,2,7,16,25,64.0,8.0,0.56
Holiday Inn Vienna City,Room,1,6,18,25,72.0,4.0,0.68
Holiday Inn Vienna City,Staff_Service,2,8,30,40,75.0,5.0,0.7
Holiday Inn Vienna City,Value,1,4,6,11,54.55,9.09,0.455
Holiday Inn Vienna City,Wellness,0,1,1,2,50.0,0.0,0.5
Hollmann Beletage Design Boutique,Cleanliness,0,1,11,12,91.67,0.0,0.917
Hollmann Beletage Design Boutique,Facilities,0,0,13,13,100.0,0.0,1.0
Hollmann Beletage Design Boutique,Food,0,7,55,62,88.71,0.0,0.887
Hollmann Beletage Design Boutique,Location,0,4,50,54,92.59,0.0,0.926
Hollmann Beletage Design Boutique,Room,0,5,39,44,88.64,0.0,0.886
Hollmann Beletage Design Boutique,Staff_Service,0,4,59,63,93.65,0.0,0.937
Hollmann Beletage Design Boutique,Value,0,0,3,3,100.0,0.0,1.0
Hollmann Beletage Design Boutique,Wellness,0,0,4,4,100.0,0.0,1.0
Hotel 1898,Cleanliness,1,5,32,38,84.21,2.63,0.816
Hotel 1898,Facilities,1,8,52,61,85.25,1.64,0.836
Hotel 1898,Food,7,8,83,98,84.69,7.14,0.776
Hotel 1898,Location,10,34,195,239,81.59,4.18,0.774
Hotel 1898,Room,9,31,141,181,77.9,4.97,0.729
Hotel 1898,Staff_Service,6,27,182,215,84.65,2.79,0.819
Hotel 1898,Value,7,11,44,62,70.97,11.29,0.597
Hotel 1898,Wellness,3,12,118,133,88.72,2.26,0.865
Hotel 4 Barcelona,Cleanliness,6,11,20,37,54.05,16.22,0.378
Hotel 4 Barcelona,Facilities,1,6,8,15,53.33,6.67,0.467
Hotel 4 Barcelona,Food,7,26,14,47,29.79,14.89,0.149
Hotel 4 Barcelona,Location,9,23,23,55,41.82,16.36,0.255
Hotel 4 Barcelona,Room,15,20,21,56,37.5,26.79,0.107
Hotel 4 Barcelona,Staff_Service,9,19,24,52,46.15,17.31,0.288
Hotel 4 Barcelona,Value,5,3,2,10,20.0,50.0,-0.3
Hotel 4 Barcelona,Wellness,0,3,3,6,50.0,0.0,0.5
Hotel 55,Cleanliness,2,18,53,73,72.6,2.74,0.699
Hotel 55,Facilities,5,32,57,94,60.64,5.32,0.553
Hotel 55,Food,1,20,64,85,75.29,1.18,0.741
Hotel 55,Location,1,34,98,133,73.68,0.75,0.729
Hotel 55,Room,5,54,154,213,72.3,2.35,0.7
Hotel 55,Staff_Service,2,35,153,190,80.53,1.05,0.795
Hotel 55,Value,0,10,38,48,79.17,0.0,0.792
Hotel 55,Wellness,0,0,1,1,100.0,0.0,1.0
Hotel 82 London,Cleanliness,37,75,84,196,42.86,18.88,0.24
Hotel 82 London,Facilities,30,54,57,141,40.43,21.28,0.191
Hotel 82 London,Food,61,125,166,352,47.16,17.33,0.298
Hotel 82 London,Location,57,172,173,402,43.03,14.18,0.289
Hotel 82 London,Room,105,210,178,493,36.11,21.3,0.148
Hotel 82 London,Staff_Service,47,112,171,330,51.82,14.24,0.376
Hotel 82 London,Value,27,44,46,117,39.32,23.08,0.162
Hotel 82 London,Wellness,0,2,1,3,33.33,0.0,0.333
Hotel Abbot,Cleanliness,0,1,3,4,75.0,0.0,0.75
Hotel Abbot,Facilities,2,3,1,6,16.67,33.33,-0.167
Hotel Abbot,Food,2,8,6,16,37.5,12.5,0.25
Hotel Abbot,Location,3,5,9,17,52.94,17.65,0.353
Hotel Abbot,Room,9,7,5,21,23.81,42.86,-0.19
Hotel Abbot,Staff_Service,6,5,10,21,47.62,28.57,0.19
Hotel Abbot,Value,1,2,1,4,25.0,25.0,0.0
Hotel Advance,Cleanliness,0,2,3,5,60.0,0.0,0.6
Hotel Advance,Facilities,1,0,0,1,0.0,100.0,-1.0
Hotel Advance,Food,0,0,4,4,100.0,0.0,1.0
Hotel Advance,Location,0,2,11,13,84.62,0.0,0.846
Hotel Advance,Room,1,2,12,15,80.0,6.67,0.733
Hotel Advance,Staff_Service,0,2,8,10,80.0,0.0,0.8
Hotel Advance,Value,0,0,2,2,100.0,0.0,1.0
Hotel Advance,Wellness,0,0,1,1,100.0,0.0,1.0
Hotel Alimara,Cleanliness,5,20,32,57,56.14,8.77,0.474
Hotel Alimara,Facilities,5,10,25,40,62.5,12.5,0.5
Hotel Alimara,Food,5,16,36,57,63.16,8.77,0.544
Hotel Alimara,Location,6,30,59,95,62.11,6.32,0.558
Hotel Alimara,Room,17,34,59,110,53.64,15.45,0.382
Hotel Alimara,Staff_Service,10,23,44,77,57.14,12.99,0.442
Hotel Alimara,Value,2,11,27,40,67.5,5.0,0.625
Hotel Alimara,Wellness,1,0,5,6,83.33,16.67,0.667
Hotel Am Konzerthaus Vienna MGallery by Sofitel,Cleanliness,0,8,19,27,70.37,0.0,0.704
Hotel Am Konzerthaus Vienna MGallery by Sofitel,Facilities,1,9,15,25,60.0,4.0,0.56
Hotel Am Konzerthaus Vienna MGallery by Sofitel,Food,5,25,85,115,73.91,4.35,0.696
Hotel Am Konzerthaus Vienna MGallery by Sofitel,Location,4,33,85,122,69.67,3.28,0.664
Hotel Am Konzerthaus Vienna MGallery by Sofitel,Room,12,27,71,110,64.55,10.91,0.536
Hotel Am Konzerthaus Vienna MGallery by Sofitel,Staff_Service,5,16,87,108,80.56,4.63,0.759
Hotel Am Konzerthaus Vienna MGallery by Sofitel,Value,1,9,13,23,56.52,4.35,0.522
Hotel Am Konzerthaus Vienna MGallery by Sofitel,Wellness,0,2,0,2,0.0,0.0,0.0
Hotel Am Parkring,Cleanliness,2,7,56,65,86.15,3.08,0.831
Hotel Am Parkring,Facilities,4,12,35,51,68.63,7.84,0.608
Hotel Am Parkring,Food,7,27,95,129,73.64,5.43,0.682
Hotel Am Parkring,Location,12,35,177,224,79.02,5.36,0.737
Hotel Am Parkring,Room,9,43,173,225,76.89,4.0,0.729
Hotel Am Parkring,Staff_Service,12,17,173,202,85.64,5.94,0.797
Hotel Am Parkring,Value,5,12,39,56,69.64,8.93,0.607
Hotel Am Parkring,Wellness,0,2,6,8,75.0,0.0,0.75
Hotel Am Schubertring,Cleanliness,4,18,31,53,58.49,7.55,0.509
Hotel Am Schubertring,Facilities,8,24,19,51,37.25,15.69,0.216
Hotel Am Schubertring,Food,3,20,25,48,52.08,6.25,0.458
Hotel Am Schubertring,Location,15,54,101,170,59.41,8.82,0.506
Hotel Am Schubertring,Room,23,49,72,144,50.0,15.97,0.34
Hotel Am Schubertring,Staff_Service,13,34,82,129,63.57,10.08,0.535
Hotel Am Schubertring,Value,4,12,26,42,61.9,9.52,0.524
Hotel Am Stephansplatz,Cleanliness,0,0,21,21,100.0,0.0,1.0
Hotel Am Stephansplatz,Facilities,0,3,14,17,82.35,0.0,0.824
Hotel Am Stephansplatz,Food,1,4,63,68,92.65,1.47,0.912
Hotel Am Stephansplatz,Location,1,12,67,80,83.75,1.25,0.825
Hotel Am Stephansplatz,Room,0,7,58,65,89.23,0.0,0.892
Hotel Am Stephansplatz,Staff_Service,1,6,63,70,90.0,1.43,0.886
Hotel Am Stephansplatz,Value,0,1,8,9,88.89,0.0,0.889
Hotel Am Stephansplatz,Wellness,0,0,2,2,100.0,0.0,1.0
Hotel Amadeus,Cleanliness,0,1,25,26,96.15,0.0,0.962
Hotel Amadeus,Facilities,4,3,14,21,66.67,19.05,0.476
Hotel Amadeus,Food,2,11,60,73,82.19,2.74,0.795
Hotel Amadeus,Location,7,13,62,82,75.61,8.54,0.671
Hotel Amadeus,Room,7,11,44,62,70.97,11.29,0.597
Hotel Amadeus,Staff_Service,3,7,61,71,85.92,4.23,0.817
Hotel Amadeus,Value,1,2,4,7,57.14,14.29,0.429
Hotel Amadeus,Wellness,0,0,1,1,100.0,0.0,1.0
Hotel Ambassador,Cleanliness,2,4,22,28,78.57,7.14,0.714
Hotel Ambassador,Facilities,4,12,13,29,44.83,13.79,0.31
Hotel Ambassador,Food,8,14,24,46,52.17,17.39,0.348
Hotel Ambassador,Location,17,39,89,145,61.38,11.72,0.497
Hotel Ambassador,Room,17,25,54,96,56.25,17.71,0.385
Hotel Ambassador,Staff_Service,15,29,62,106,58.49,14.15,0.443
Hotel Ambassador,Value,8,3,12,23,52.17,34.78,0.174
Hotel Ambassador,Wellness,0,0,4,4,100.0,0.0,1.0
Hotel America Barcelona,Cleanliness,0,2,9,11,81.82,0.0,0.818
Hotel America Barcelona,Facilities,0,1,3,4,75.0,0.0,0.75
Hotel America Barcelona,Food,1,0,10,11,90.91,9.09,0.818
Hotel America Barcelona,Location,3,4,25,32,78.12,9.38,0.688
Hotel America Barcelona,Room,4,4,25,33,75.76,12.12,0.636
Hotel America Barcelona,Staff_Service,1,4,26,31,83.87,3.23,0.806
Hotel America Barcelona,Value,4,1,9,14,64.29,28.57,0.357
Hotel America Barcelona,Wellness,2,1,13,16,81.25,12.5,0.688
Hotel Amsterdam De Roode Leeuw,Cleanliness,4,11,15,30,50.0,13.33,0.367
Hotel Amsterdam De Roode Leeuw,Facilities,1,14,5,20,25.0,5.0,0.2
Hotel Amsterdam De Roode Leeuw,Food,7,19,22,48,45.83,14.58,0.312
Hotel Amsterdam De Roode Leeuw,Location,11,41,53,105,50.48,10.48,0.4
Hotel Amsterdam De Roode Leeuw,Room,20,37,40,97,41.24,20.62,0.206
Hotel Amsterdam De Roode Leeuw,Staff_Service,6,25,47,78,60.26,7.69,0.526
Hotel Amsterdam De Roode Leeuw,Value,6,10,12,28,42.86,21.43,0.214
Hotel Arena,Cleanliness,17,12,29,58,50.0,29.31,0.207
Hotel Arena,Facilities,2,8,18,28,64.29,7.14,0.571
Hotel Arena,Food,20,31,71,122,58.2,16.39,0.418
Hotel Arena,Location,18,40,84,142,59.15,12.68,0.465
Hotel Arena,Room,50,77,151,278,54.32,17.99,0.363
Hotel Arena,Staff_Service,24,50,136,210,64.76,11.43,0.533
Hotel Arena,Value,10,14,23,47,48.94,21.28,0.277
Hotel Arena,Wellness,1,0,2,3,66.67,33.33,0.333
Hotel Ares Eiffel,Cleanliness,1,5,33,39,84.62,2.56,0.821
Hotel Ares Eiffel,Facilities,2,5,19,26,73.08,7.69,0.654
Hotel Ares Eiffel,Food,3,15,39,57,68.42,5.26,0.632
Hotel Ares Eiffel,Location,5,19,85,109,77.98,4.59,0.734
Hotel Ares Eiffel,Room,7,24,70,101,69.31,6.93,0.624
Hotel Ares Eiffel,Staff_Service,5,21,114,140,81.43,3.57,0.779
Hotel Ares Eiffel,Value,1,13,15,29,51.72,3.45,0.483
Hotel Ares Eiffel,Wellness,0,0,3,3,100.0,0.0,1.0
Hotel Arkadenhof,Cleanliness,0,2,4,6,66.67,0.0,0.667
Hotel Arkadenhof,Facilities,0,1,3,4,75.0,0.0,0.75
Hotel Arkadenhof,Food,0,5,12,17,70.59,0.0,0.706
Hotel Arkadenhof,Location,0,2,7,9,77.78,0.0,0.778
Hotel Arkadenhof,Room,0,2,10,12,83.33,0.0,0.833
Hotel Arkadenhof,Staff_Service,0,0,10,10,100.0,0.0,1.0
Hotel Arkadenhof,Value,0,0,1,1,100.0,0.0,1.0
Hotel Arts Barcelona,Cleanliness,2,3,10,15,66.67,13.33,0.533
Hotel Arts Barcelona,Facilities,17,24,53,94,56.38,18.09,0.383
Hotel Arts Barcelona,Food,10,15,49,74,66.22,13.51,0.527
Hotel Arts Barcelona,Location,17,27,66,110,60.0,15.45,0.445
Hotel Arts Barcelona,Room,15,26,72,113,63.72,13.27,0.504
Hotel Arts Barcelona,Staff_Service,23,34,119,176,67.61,13.07,0.545
Hotel Arts Barcelona,Value,19,11,39,69,56.52,27.54,0.29
Hotel Arts Barcelona,Wellness,8,11,38,57,66.67,14.04,0.526
Hotel Astor Saint Honor ,Cleanliness,2,0,0,2,0.0,100.0,-1.0
Hotel Astor Saint Honor ,Facilities,1,0,0,1,0.0,100.0,-1.0
Hotel Astor Saint Honor ,Food,1,1,5,7,71.43,14.29,0.571
Hotel Astor Saint Honor ,Location,2,2,7,11,63.64,18.18,0.455
Hotel Astor Saint Honor ,Room,5,4,6,15,40.0,33.33,0.067
Hotel Astor Saint Honor ,Staff_Service,3,3,7,13,53.85,23.08,0.308
Hotel Astor Saint Honor ,Value,1,0,0,1,0.0,100.0,-1.0
Hotel Astra Opera Astotel,Cleanliness,0,3,4,7,57.14,0.0,0.571
Hotel Astra Opera Astotel,Facilities,0,1,4,5,80.0,0.0,0.8
Hotel Astra Opera Astotel,Food,0,2,10,12,83.33,0.0,0.833
Hotel Astra Opera Astotel,Location,0,10,17,27,62.96,0.0,0.63
Hotel Astra Opera Astotel,Room,0,9,9,18,50.0,0.0,0.5
Hotel Astra Opera Astotel,Staff_Service,1,10,8,19,42.11,5.26,0.368
Hotel Astra Opera Astotel,Value,0,2,1,3,33.33,0.0,0.333
Hotel Atlanta,Cleanliness,10,37,51,98,52.04,10.2,0.418
Hotel Atlanta,Facilities,13,49,48,110,43.64,11.82,0.318
Hotel Atlanta,Food,8,36,42,86,48.84,9.3,0.395
Hotel Atlanta,Location,17,76,88,181,48.62,9.39,0.392
Hotel Atlanta,Room,32,82,78,192,40.62,16.67,0.24
Hotel Atlanta,Staff_Service,18,42,72,132,54.55,13.64,0.409
Hotel Atlanta,Value,12,31,25,68,36.76,17.65,0.191
Hotel Atlanta,Wellness,1,0,2,3,66.67,33.33,0.333
Hotel Atmospheres,Cleanliness,0,13,25,38,65.79,0.0,0.658
Hotel Atmospheres,Facilities,2,10,15,27,55.56,7.41,0.481
Hotel Atmospheres,Food,1,11,20,32,62.5,3.12,0.594
Hotel Atmospheres,Location,6,27,56,89,62.92,6.74,0.562
Hotel Atmospheres,Room,8,30,53,91,58.24,8.79,0.495
Hotel Atmospheres,Staff_Service,2,20,66,88,75.0,2.27,0.727
Hotel Atmospheres,Value,3,4,11,18,61.11,16.67,0.444
Hotel Atmospheres,Wellness,0,3,4,7,57.14,0.0,0.571
Hotel Auriga,Cleanliness,1,13,21,35,60.0,2.86,0.571
Hotel Auriga,Facilities,4,18,20,42,47.62,9.52,0.381
Hotel Auriga,Food,9,28,74,111,66.67,8.11,0.586
Hotel Auriga,Location,14,58,99,171,57.89,8.19,0.497
Hotel Auriga,Room,11,35,71,117,60.68,9.4,0.513
Hotel Auriga,Staff_Service,8,29,53,90,58.89,8.89,0.5
Hotel Auriga,Value,2,3,7,12,58.33,16.67,0.417
Hotel Bachaumont,Cleanliness,1,4,19,24,79.17,4.17,0.75
Hotel Bachaumont,Facilities,0,4,16,20,80.0,0.0,0.8
Hotel Bachaumont,Food,2,9,44,55,80.0,3.64,0.764
Hotel Bachaumont,Location,4,15,74,93,79.57,4.3,0.753
Hotel Bachaumont,Room,5,18,35,58,60.34,8.62,0.517
Hotel Bachaumont,Staff_Service,2,15,65,82,79.27,2.44,0.768
Hotel Bachaumont,Value,0,3,13,16,81.25,0.0,0.812
Hotel Bachaumont,Wellness,0,1,3,4,75.0,0.0,0.75
Hotel Bagu s,Cleanliness,1,1,6,8,75.0,12.5,0.625
Hotel Bagu s,Facilities,1,2,2,5,40.0,20.0,0.2
Hotel Bagu s,Food,0,2,16,18,88.89,0.0,0.889
Hotel Bagu s,Location,3,7,53,63,84.13,4.76,0.794
Hotel Bagu s,Room,6,11,30,47,63.83,12.77,0.511
Hotel Bagu s,Staff_Service,4,7,66,77,85.71,5.19,0.805
Hotel Bagu s,Value,0,2,3,5,60.0,0.0,0.6
Hotel Bagu s,Wellness,0,2,8,10,80.0,0.0,0.8
Hotel Balmes,Cleanliness,2,15,37,54,68.52,3.7,0.648
Hotel Balmes,Facilities,2,7,29,38,76.32,5.26,0.711
Hotel Balmes,Food,1,10,20,31,64.52,3.23,0.613
Hotel Balmes,Location,5,27,77,109,70.64,4.59,0.661
Hotel Balmes,Room,8,32,70,110,63.64,7.27,0.564
Hotel Balmes,Staff_Service,5,31,81,117,69.23,4.27,0.65
Hotel Balmes,Value,4,12,21,37,56.76,10.81,0.459
Hotel Balmes,Wellness,3,9,34,46,73.91,6.52,0.674
Hotel Balmoral,Cleanliness,2,10,17,29,58.62,6.9,0.517
Hotel Balmoral,Facilities,2,8,21,31,67.74,6.45,0.613
Hotel Balmoral,Food,0,10,27,37,72.97,0.0,0.73
Hotel Balmoral,Location,4,30,41,75,54.67,5.33,0.493
Hotel Balmoral,Room,7,29,45,81,55.56,8.64,0.469
Hotel Balmoral,Staff_Service,5,14,36,55,65.45,9.09,0.564
Hotel Balmoral,Value,2,5,11,18,61.11,11.11,0.5
Hotel Balmoral,Wellness,1,2,10,13,76.92,7.69,0.692
Hotel Barcelona Catedral,Cleanliness,4,26,114,144,79.17,2.78,0.764
Hotel Barcelona Catedral,Facilities,2,14,57,73,78.08,2.74,0.753
Hotel Barcelona Catedral,Food,8,34,223,265,84.15,3.02,0.811
Hotel Barcelona Catedral,Location,11,84,514,609,84.4,1.81,0.826
Hotel Barcelona Catedral,Room,14,66,273,353,77.34,3.97,0.734
Hotel Barcelona Catedral,Staff_Service,11,52,382,445,85.84,2.47,0.834
Hotel Barcelona Catedral,Value,8,15,73,96,76.04,8.33,0.677
Hotel Barcelona Catedral,Wellness,2,18,125,145,86.21,1.38,0.848
Hotel Barcelona Center,Cleanliness,3,11,38,52,73.08,5.77,0.673
Hotel Barcelona Center,Facilities,6,13,17,36,47.22,16.67,0.306
Hotel Barcelona Center,Food,7,19,37,63,58.73,11.11,0.476
Hotel Barcelona Center,Location,7,44,83,134,61.94,5.22,0.567
Hotel Barcelona Center,Room,13,37,70,120,58.33,10.83,0.475
Hotel Barcelona Center,Staff_Service,10,30,79,119,66.39,8.4,0.58
Hotel Barcelona Center,Value,1,9,8,18,44.44,5.56,0.389
Hotel Barcelona Center,Wellness,0,2,8,10,80.0,0.0,0.8
Hotel Barcelona Universal,Cleanliness,2,10,53,65,81.54,3.08,0.785
Hotel Barcelona Universal,Facilities,0,11,18,29,62.07,0.0,0.621
Hotel Barcelona Universal,Food,2,11,72,85,84.71,2.35,0.824
Hotel Barcelona Universal,Location,4,26,103,133,77.44,3.01,0.744
Hotel Barcelona Universal,Room,6,26,87,119,73.11,5.04,0.681
Hotel Barcelona Universal,Staff_Service,2,17,133,152,87.5,1.32,0.862
Hotel Barcelona Universal,Value,1,6,9,16,56.25,6.25,0.5
Hotel Barcelona Universal,Wellness,1,10,31,42,73.81,2.38,0.714
Hotel Beethoven Wien,Cleanliness,1,4,18,23,78.26,4.35,0.739
Hotel Beethoven Wien,Facilities,2,4,12,18,66.67,11.11,0.556
Hotel Beethoven Wien,Food,2,16,78,96,81.25,2.08,0.792
Hotel Beethoven Wien,Location,2,11,77,90,85.56,2.22,0.833
Hotel Beethoven Wien,Room,3,14,58,75,77.33,4.0,0.733
Hotel Beethoven Wien,Staff_Service,2,9,75,86,87.21,2.33,0.849
Hotel Beethoven Wien,Value,1,2,6,9,66.67,11.11,0.556
Hotel Beethoven Wien,Wellness,0,0,2,2,100.0,0.0,1.0
Hotel Bellevue Wien,Cleanliness,2,7,4,13,30.77,15.38,0.154
Hotel Bellevue Wien,Facilities,2,6,7,15,46.67,13.33,0.333
Hotel Bellevue Wien,Food,4,12,13,29,44.83,13.79,0.31
Hotel Bellevue Wien,Location,2,10,5,17,29.41,11.76,0.176
Hotel Bellevue Wien,Room,3,11,13,27,48.15,11.11,0.37
Hotel Bellevue Wien,Staff_Service,4,7,10,21,47.62,19.05,0.286
Hotel Bellevue Wien,Value,0,3,1,4,25.0,0.0,0.25
Hotel Bellevue Wien,Wellness,0,0,1,1,100.0,0.0,1.0
Hotel Berna,Cleanliness,1,19,142,162,87.65,0.62,0.87
Hotel Berna,Facilities,2,17,91,110,82.73,1.82,0.809
Hotel Berna,Food,6,39,520,565,92.04,1.06,0.91
Hotel Berna,Location,7,60,467,534,87.45,1.31,0.861
Hotel Berna,Room,16,56,411,483,85.09,3.31,0.818
Hotel Berna,Staff_Service,11,44,599,654,91.59,1.68,0.899
Hotel Berna,Value,3,7,60,70,85.71,4.29,0.814
Hotel Berna,Wellness,0,0,2,2,100.0,0.0,1.0
Hotel Best Western PLUS Alfa Aeropuerto,Cleanliness,9,31,54,94,57.45,9.57,0.479
Hotel Best Western PLUS Alfa Aeropuerto,Facilities,7,25,40,72,55.56,9.72,0.458
Hotel Best Western PLUS Alfa Aeropuerto,Food,20,55,118,193,61.14,10.36,0.508
Hotel Best Western PLUS Alfa Aeropuerto,Location,13,64,79,156,50.64,8.33,0.423
Hotel Best Western PLUS Alfa Aeropuerto,Room,23,79,111,213,52.11,10.8,0.413
Hotel Best Western PLUS Alfa Aeropuerto,Staff_Service,23,71,181,275,65.82,8.36,0.575
Hotel Best Western PLUS Alfa Aeropuerto,Value,15,29,37,81,45.68,18.52,0.272
Hotel Best Western PLUS Alfa Aeropuerto,Wellness,6,23,27,56,48.21,10.71,0.375
Hotel Boltzmann,Cleanliness,0,5,6,11,54.55,0.0,0.545
Hotel Boltzmann,Facilities,3,5,7,15,46.67,20.0,0.267
Hotel Boltzmann,Food,4,9,14,27,51.85,14.81,0.37
Hotel Boltzmann,Location,4,6,17,27,62.96,14.81,0.481
Hotel Boltzmann,Room,4,10,16,30,53.33,13.33,0.4
Hotel Boltzmann,Staff_Service,3,7,20,30,66.67,10.0,0.567
Hotel Boltzmann,Value,0,4,9,13,69.23,0.0,0.692
Hotel Boltzmann,Wellness,0,0,1,1,100.0,0.0,1.0
Hotel Boutique Duomo,Cleanliness,4,4,9,17,52.94,23.53,0.294
Hotel Boutique Duomo,Facilities,1,4,8,13,61.54,7.69,0.538
Hotel Boutique Duomo,Food,2,7,9,18,50.0,11.11,0.389
Hotel Boutique Duomo,Location,3,4,10,17,58.82,17.65,0.412
Hotel Boutique Duomo,Room,11,5,19,35,54.29,31.43,0.229
Hotel Boutique Duomo,Staff_Service,8,6,14,28,50.0,28.57,0.214
Hotel Boutique Duomo,Value,4,0,4,8,50.0,50.0,0.0
Hotel Bristol,Cleanliness,2,3,9,14,64.29,14.29,0.5
Hotel Bristol,Facilities,3,4,5,12,41.67,25.0,0.167
Hotel Bristol,Food,3,7,20,30,66.67,10.0,0.567
Hotel Bristol,Location,4,14,29,47,61.7,8.51,0.532
Hotel Bristol,Room,5,12,16,33,48.48,15.15,0.333
Hotel Bristol,Staff_Service,1,5,17,23,73.91,4.35,0.696
Hotel Bristol,Value,1,0,3,4,75.0,25.0,0.5
Hotel Bristol,Wellness,0,0,1,1,100.0,0.0,1.0
Hotel Bristol A Luxury Collection Hotel,Cleanliness,0,0,5,5,100.0,0.0,1.0
Hotel Bristol A Luxury Collection Hotel,Facilities,0,0,7,7,100.0,0.0,1.0
Hotel Bristol A Luxury Collection Hotel,Food,1,3,16,20,80.0,5.0,0.75
Hotel Bristol A Luxury Collection Hotel,Location,1,5,29,35,82.86,2.86,0.8
Hotel Bristol A Luxury Collection Hotel,Room,2,8,24,34,70.59,5.88,0.647
Hotel Bristol A Luxury Collection Hotel,Staff_Service,0,6,32,38,84.21,0.0,0.842
Hotel Bristol A Luxury Collection Hotel,Value,1,2,3,6,50.0,16.67,0.333
Hotel Bristol A Luxury Collection Hotel,Wellness,0,0,1,1,100.0,0.0,1.0
Hotel Cafe Royal,Cleanliness,1,6,20,27,74.07,3.7,0.704
Hotel Cafe Royal,Facilities,1,8,26,35,74.29,2.86,0.714
Hotel Cafe Royal,Food,5,20,54,79,68.35,6.33,0.62
Hotel Cafe Royal,Location,5,28,113,146,77.4,3.42,0.74
Hotel Cafe Royal,Room,7,29,111,147,75.51,4.76,0.707
Hotel Cafe Royal,Staff_Service,6,31,164,201,81.59,2.99,0.786
Hotel Cafe Royal,Value,3,9,22,34,64.71,8.82,0.559
Hotel Cafe Royal,Wellness,0,11,31,42,73.81,0.0,0.738
Hotel Cambon,Cleanliness,1,3,2,6,33.33,16.67,0.167
Hotel Cambon,Facilities,2,6,5,13,38.46,15.38,0.231
Hotel Cambon,Food,1,1,10,12,83.33,8.33,0.75
Hotel Cambon,Location,2,9,20,31,64.52,6.45,0.581
Hotel Cambon,Room,4,9,17,30,56.67,13.33,0.433
Hotel Cambon,Staff_Service,2,7,16,25,64.0,8.0,0.56
Hotel Cambon,Value,0,2,2,4,50.0,0.0,0.5
Hotel Capitol Milano,Cleanliness,2,4,6,12,50.0,16.67,0.333
Hotel Capitol Milano,Facilities,0,0,8,8,100.0,0.0,1.0
Hotel Capitol Milano,Food,0,6,17,23,73.91,0.0,0.739
Hotel Capitol Milano,Location,1,10,20,31,64.52,3.23,0.613
Hotel Capitol Milano,Room,3,10,24,37,64.86,8.11,0.568
Hotel Capitol Milano,Staff_Service,0,9,16,25,64.0,0.0,0.64
Hotel Capitol Milano,Value,1,1,6,8,75.0,12.5,0.625
Hotel Capitol Milano,Wellness,0,1,0,1,0.0,0.0,0.0
Hotel Capricorno,Cleanliness,1,6,75,82,91.46,1.22,0.902
Hotel Capricorno,Facilities,3,15,49,67,73.13,4.48,0.687
Hotel Capricorno,Food,10,30,235,275,85.45,3.64,0.818
Hotel Capricorno,Location,8,40,259,307,84.36,2.61,0.818
Hotel Capricorno,Room,7,29,158,194,81.44,3.61,0.778
Hotel Capricorno,Staff_Service,6,27,306,339,90.27,1.77,0.885
Hotel Capricorno,Value,1,5,20,26,76.92,3.85,0.731
Hotel Capricorno,Wellness,0,1,4,5,80.0,0.0,0.8
Hotel Carlton s Montmartre,Cleanliness,1,6,7,14,50.0,7.14,0.429
Hotel Carlton s Montmartre,Facilities,2,10,7,19,36.84,10.53,0.263
Hotel Carlton s Montmartre,Food,4,8,15,27,55.56,14.81,0.407
Hotel Carlton s Montmartre,Location,2,17,22,41,53.66,4.88,0.488
Hotel Carlton s Montmartre,Room,8,19,19,46,41.3,17.39,0.239
Hotel Carlton s Montmartre,Staff_Service,6,14,20,40,50.0,15.0,0.35
Hotel Carlton s Montmartre,Value,1,1,4,6,66.67,16.67,0.5
Hotel Carrobbio,Cleanliness,3,7,14,24,58.33,12.5,0.458
Hotel Carrobbio,Facilities,5,11,15,31,48.39,16.13,0.323
Hotel Carrobbio,Food,3,8,17,28,60.71,10.71,0.5
Hotel Carrobbio,Location,11,32,36,79,45.57,13.92,0.316
Hotel Carrobbio,Room,12,25,30,67,44.78,17.91,0.269
Hotel Carrobbio,Staff_Service,9,19,43,71,60.56,12.68,0.479
Hotel Carrobbio,Value,2,11,11,24,45.83,8.33,0.375
Hotel Carrobbio,Wellness,0,0,1,1,100.0,0.0,1.0
Hotel Casa Bonay,Cleanliness,5,7,37,49,75.51,10.2,0.653
Hotel Casa Bonay,Facilities,2,3,33,38,86.84,5.26,0.816
Hotel Casa Bonay,Food,4,14,100,118,84.75,3.39,0.814
Hotel Casa Bonay,Location,7,24,128,159,80.5,4.4,0.761
Hotel Casa Bonay,Room,14,27,160,201,79.6,6.97,0.726
Hotel Casa Bonay,Staff_Service,7,24,169,200,84.5,3.5,0.81
Hotel Casa Bonay,Value,3,11,28,42,66.67,7.14,0.595
Hotel Casa Bonay,Wellness,0,1,8,9,88.89,0.0,0.889
Hotel Casa Camper,Cleanliness,0,0,20,20,100.0,0.0,1.0
Hotel Casa Camper,Facilities,0,0,27,27,100.0,0.0,1.0
Hotel Casa Camper,Food,1,5,132,138,95.65,0.72,0.949
Hotel Casa Camper,Location,1,4,134,139,96.4,0.72,0.957
Hotel Casa Camper,Room,1,5,109,115,94.78,0.87,0.939
Hotel Casa Camper,Staff_Service,1,4,212,217,97.7,0.46,0.972
Hotel Casa Camper,Value,0,0,13,13,100.0,0.0,1.0
Hotel Casa Camper,Wellness,1,0,12,13,92.31,7.69,0.846
Hotel Casa Fuster G L Monumento,Cleanliness,0,2,14,16,87.5,0.0,0.875
Hotel Casa Fuster G L Monumento,Facilities,0,4,9,13,69.23,0.0,0.692
Hotel Casa Fuster G L Monumento,Food,2,12,40,54,74.07,3.7,0.704
Hotel Casa Fuster G L Monumento,Location,3,21,75,99,75.76,3.03,0.727
Hotel Casa Fuster G L Monumento,Room,10,21,53,84,63.1,11.9,0.512
Hotel Casa Fuster G L Monumento,Staff_Service,6,22,103,131,78.63,4.58,0.74
Hotel Casa Fuster G L Monumento,Value,2,6,9,17,52.94,11.76,0.412
Hotel Casa Fuster G L Monumento,Wellness,0,8,21,29,72.41,0.0,0.724
Hotel Cavendish,Cleanliness,88,86,56,230,24.35,38.26,-0.139
Hotel Cavendish,Facilities,52,76,27,155,17.42,33.55,-0.161
Hotel Cavendish,Food,104,171,136,411,33.09,25.3,0.078
Hotel Cavendish,Location,108,208,125,441,28.34,24.49,0.039
Hotel Cavendish,Room,219,266,142,627,22.65,34.93,-0.123
Hotel Cavendish,Staff_Service,85,149,144,378,38.1,22.49,0.156
Hotel Cavendish,Value,36,52,38,126,30.16,28.57,0.016
Hotel Cavendish,Wellness,0,0,1,1,100.0,0.0,1.0
Hotel Cavour,Cleanliness,5,19,52,76,68.42,6.58,0.618
Hotel Cavour,Facilities,5,22,38,65,58.46,7.69,0.508
Hotel Cavour,Food,10,41,116,167,69.46,5.99,0.635
Hotel Cavour,Location,14,73,145,232,62.5,6.03,0.565
Hotel Cavour,Room,17,47,101,165,61.21,10.3,0.509
Hotel Cavour,Staff_Service,15,34,130,179,72.63,8.38,0.642
Hotel Cavour,Value,3,20,21,44,47.73,6.82,0.409
Hotel Cavour,Wellness,1,3,9,13,69.23,7.69,0.615
Hotel Champs Elys es Friedland by Happyculture,Cleanliness,1,2,16,19,84.21,5.26,0.789
Hotel Champs Elys es Friedland by Happyculture,Facilities,1,2,11,14,78.57,7.14,0.714
Hotel Champs Elys es Friedland by Happyculture,Food,0,1,18,19,94.74,0.0,0.947
Hotel Champs Elys es Friedland by Happyculture,Location,1,8,42,51,82.35,1.96,0.804
Hotel Champs Elys es Friedland by Happyculture,Room,2,7,31,40,77.5,5.0,0.725
Hotel Champs Elys es Friedland by Happyculture,Staff_Service,1,6,64,71,90.14,1.41,0.887
Hotel Champs Elys es Friedland by Happyculture,Value,0,1,6,7,85.71,0.0,0.857
Hotel Champs Elys es Friedland by Happyculture,Wellness,0,0,1,1,100.0,0.0,1.0
Hotel Chavanel,Cleanliness,0,2,0,2,0.0,0.0,0.0
Hotel Chavanel,Facilities,0,1,0,1,0.0,0.0,0.0
Hotel Chavanel,Food,0,2,4,6,66.67,0.0,0.667
Hotel Chavanel,Location,0,2,4,6,66.67,0.0,0.667
Hotel Chavanel,Room,0,5,4,9,44.44,0.0,0.444
Hotel Chavanel,Staff_Service,0,1,5,6,83.33,0.0,0.833
Hotel Chavanel,Value,0,1,0,1,0.0,0.0,0.0
Hotel City Central,Cleanliness,5,20,61,86,70.93,5.81,0.651
Hotel City Central,Facilities,4,30,49,83,59.04,4.82,0.542
Hotel City Central,Food,15,81,278,374,74.33,4.01,0.703
Hotel City Central,Location,13,80,225,318,70.75,4.09,0.667
Hotel City Central,Room,12,65,140,217,64.52,5.53,0.59
Hotel City Central,Staff_Service,10,62,236,308,76.62,3.25,0.734
Hotel City Central,Value,5,6,41,52,78.85,9.62,0.692
Hotel City Central,Wellness,1,1,1,3,33.33,33.33,0.0
Hotel Ciutadella Barcelona,Cleanliness,0,5,15,20,75.0,0.0,0.75
Hotel Ciutadella Barcelona,Facilities,0,2,12,14,85.71,0.0,0.857
Hotel Ciutadella Barcelona,Food,1,7,16,24,66.67,4.17,0.625
Hotel Ciutadella Barcelona,Location,4,15,42,61,68.85,6.56,0.623
Hotel Ciutadella Barcelona,Room,4,14,30,48,62.5,8.33,0.542
Hotel Ciutadella Barcelona,Staff_Service,3,9,22,34,64.71,8.82,0.559
Hotel Ciutadella Barcelona,Value,0,7,5,12,41.67,0.0,0.417
Hotel Ciutadella Barcelona,Wellness,0,0,1,1,100.0,0.0,1.0
Hotel Claridge Paris,Cleanliness,1,5,14,20,70.0,5.0,0.65
Hotel Claridge Paris,Facilities,5,8,15,28,53.57,17.86,0.357
Hotel Claridge Paris,Food,3,9,24,36,66.67,8.33,0.583
Hotel Claridge Paris,Location,11,37,66,114,57.89,9.65,0.482
Hotel Claridge Paris,Room,10,26,43,79,54.43,12.66,0.418
Hotel Claridge Paris,Staff_Service,12,28,67,107,62.62,11.21,0.514
Hotel Claridge Paris,Value,5,7,11,23,47.83,21.74,0.261
Hotel Claridge Paris,Wellness,0,0,1,1,100.0,0.0,1.0
Hotel Clerici,Cleanliness,1,1,21,23,91.3,4.35,0.87
Hotel Clerici,Facilities,4,3,16,23,69.57,17.39,0.522
Hotel Clerici,Food,1,7,43,51,84.31,1.96,0.824
Hotel Clerici,Location,3,9,52,64,81.25,4.69,0.766
Hotel Clerici,Room,3,8,52,63,82.54,4.76,0.778
Hotel Clerici,Staff_Service,1,5,56,62,90.32,1.61,0.887
Hotel Clerici,Value,0,1,7,8,87.5,0.0,0.875
Hotel Clerici,Wellness,0,0,1,1,100.0,0.0,1.0
Hotel Corvinus,Cleanliness,1,5,18,24,75.0,4.17,0.708
Hotel Corvinus,Facilities,1,6,6,13,46.15,7.69,0.385
Hotel Corvinus,Food,4,7,11,22,50.0,18.18,0.318
Hotel Corvinus,Location,3,17,52,72,72.22,4.17,0.681
Hotel Corvinus,Room,5,14,32,51,62.75,9.8,0.529
Hotel Corvinus,Staff_Service,3,8,37,48,77.08,6.25,0.708
Hotel Corvinus,Value,1,2,10,13,76.92,7.69,0.692
Hotel Crivi s,Cleanliness,1,4,9,14,64.29,7.14,0.571
Hotel Crivi s,Facilities,4,7,12,23,52.17,17.39,0.348
Hotel Crivi s,Food,7,9,21,37,56.76,18.92,0.378
Hotel Crivi s,Location,5,15,17,37,45.95,13.51,0.324
Hotel Crivi s,Room,7,8,15,30,50.0,23.33,0.267
Hotel Crivi s,Staff_Service,5,13,18,36,50.0,13.89,0.361
Hotel Crivi s,Value,2,2,5,9,55.56,22.22,0.333
Hotel D Este,Cleanliness,0,8,16,24,66.67,0.0,0.667
Hotel D Este,Facilities,4,9,9,22,40.91,18.18,0.227
Hotel D Este,Food,2,15,23,40,57.5,5.0,0.525
Hotel D Este,Location,2,10,25,37,67.57,5.41,0.622
Hotel D Este,Room,3,18,28,49,57.14,6.12,0.51
Hotel D Este,Staff_Service,5,9,35,49,71.43,10.2,0.612
Hotel D Este,Value,1,2,8,11,72.73,9.09,0.636
Hotel DO Pla a Reial G L ,Cleanliness,0,1,3,4,75.0,0.0,0.75
Hotel DO Pla a Reial G L ,Facilities,0,1,7,8,87.5,0.0,0.875
Hotel DO Pla a Reial G L ,Food,0,6,54,60,90.0,0.0,0.9
Hotel DO Pla a Reial G L ,Location,0,9,44,53,83.02,0.0,0.83
Hotel DO Pla a Reial G L ,Room,1,7,40,48,83.33,2.08,0.812
Hotel DO Pla a Reial G L ,Staff_Service,0,5,69,74,93.24,0.0,0.932
Hotel DO Pla a Reial G L ,Value,0,4,5,9,55.56,0.0,0.556
Hotel DO Pla a Reial G L ,Wellness,0,0,4,4,100.0,0.0,1.0
Hotel Da Vinci,Cleanliness,55,127,220,402,54.73,13.68,0.41
Hotel Da Vinci,Facilities,51,159,278,488,56.97,10.45,0.465
Hotel Da Vinci,Food,121,335,622,1078,57.7,11.22,0.465
Hotel Da Vinci,Location,71,216,407,694,58.65,10.23,0.484
Hotel Da Vinci,Room,156,308,435,899,48.39,17.35,0.31
Hotel Da Vinci,Staff_Service,118,178,350,646,54.18,18.27,0.359
Hotel Da Vinci,Value,46,115,165,326,50.61,14.11,0.365
Hotel Da Vinci,Wellness,11,9,16,36,44.44,30.56,0.139
Hotel Daniel Paris,Facilities,0,0,1,1,100.0,0.0,1.0
Hotel Daniel Paris,Food,0,0,3,3,100.0,0.0,1.0
Hotel Daniel Paris,Location,0,1,3,4,75.0,0.0,0.75
Hotel Daniel Paris,Room,0,1,5,6,83.33,0.0,0.833
Hotel Daniel Paris,Staff_Service,0,1,9,10,90.0,0.0,0.9
Hotel Daniel Paris,Value,0,0,1,1,100.0,0.0,1.0
Hotel Daniel Paris,Wellness,0,0,1,1,100.0,0.0,1.0
Hotel Daniel Vienna,Cleanliness,0,7,33,40,82.5,0.0,0.825
Hotel Daniel Vienna,Facilities,2,7,16,25,64.0,8.0,0.56
Hotel Daniel Vienna,Food,3,26,113,142,79.58,2.11,0.775
Hotel Daniel Vienna,Location,1,16,64,81,79.01,1.23,0.778
Hotel Daniel Vienna,Room,10,30,91,131,69.47,7.63,0.618
Hotel Daniel Vienna,Staff_Service,4,24,80,108,74.07,3.7,0.704
Hotel Daniel Vienna,Value,3,7,24,34,70.59,8.82,0.618
Hotel Daniel Vienna,Wellness,0,0,2,2,100.0,0.0,1.0
Hotel Das Tigra,Cleanliness,0,13,66,79,83.54,0.0,0.835
Hotel Das Tigra,Facilities,2,17,36,55,65.45,3.64,0.618
Hotel Das Tigra,Food,4,27,147,178,82.58,2.25,0.803
Hotel Das Tigra,Location,5,40,157,202,77.72,2.48,0.752
Hotel Das Tigra,Room,7,30,115,152,75.66,4.61,0.711
Hotel Das Tigra,Staff_Service,4,30,156,190,82.11,2.11,0.8
Hotel Das Tigra,Value,1,5,23,29,79.31,3.45,0.759
Hotel Das Tigra,Wellness,0,0,2,2,100.0,0.0,1.0
Hotel De Hallen,Cleanliness,4,6,40,50,80.0,8.0,0.72
Hotel De Hallen,Facilities,0,5,37,42,88.1,0.0,0.881
Hotel De Hallen,Food,4,16,126,146,86.3,2.74,0.836
Hotel De Hallen,Location,3,21,127,151,84.11,1.99,0.821
Hotel De Hallen,Room,13,28,133,174,76.44,7.47,0.69
Hotel De Hallen,Staff_Service,9,20,138,167,82.63,5.39,0.772
Hotel De Hallen,Value,4,9,24,37,64.86,10.81,0.541
Hotel De Hallen,Wellness,0,0,5,5,100.0,0.0,1.0
Hotel De Vigny,Cleanliness,3,1,5,9,55.56,33.33,0.222
Hotel De Vigny,Facilities,3,3,7,13,53.85,23.08,0.308
Hotel De Vigny,Food,2,2,8,12,66.67,16.67,0.5
Hotel De Vigny,Location,5,11,19,35,54.29,14.29,0.4
Hotel De Vigny,Room,7,5,13,25,52.0,28.0,0.24
Hotel De Vigny,Staff_Service,3,10,16,29,55.17,10.34,0.448
Hotel De Vigny,Value,1,3,3,7,42.86,14.29,0.286
Hotel Dei Cavalieri,Cleanliness,7,11,64,82,78.05,8.54,0.695
Hotel Dei Cavalieri,Facilities,10,23,51,84,60.71,11.9,0.488
Hotel Dei Cavalieri,Food,25,73,221,319,69.28,7.84,0.614
Hotel Dei Cavalieri,Location,33,84,223,340,65.59,9.71,0.559
Hotel Dei Cavalieri,Room,41,90,162,293,55.29,13.99,0.413
Hotel Dei Cavalieri,Staff_Service,31,50,157,238,65.97,13.03,0.529
Hotel Dei Cavalieri,Value,13,15,29,57,50.88,22.81,0.281
Hotel Dei Cavalieri,Wellness,0,2,3,5,60.0,0.0,0.6
Hotel Derby,Cleanliness,4,4,10,18,55.56,22.22,0.333
Hotel Derby,Facilities,3,2,5,10,50.0,30.0,0.2
Hotel Derby,Food,2,2,5,9,55.56,22.22,0.333
Hotel Derby,Location,1,11,13,25,52.0,4.0,0.48
Hotel Derby,Room,7,4,18,29,62.07,24.14,0.379
Hotel Derby,Staff_Service,3,7,18,28,64.29,10.71,0.536
Hotel Derby,Value,2,1,3,6,50.0,33.33,0.167
Hotel Derby,Wellness,0,4,4,8,50.0,0.0,0.5
Hotel Des Saints Peres Esprit de France,Cleanliness,0,1,10,11,90.91,0.0,0.909
Hotel Des Saints Peres Esprit de France,Facilities,2,4,3,9,33.33,22.22,0.111
Hotel Des Saints Peres Esprit de France,Food,1,6,16,23,69.57,4.35,0.652
Hotel Des Saints Peres Esprit de France,Location,0,11,43,54,79.63,0.0,0.796
Hotel Des Saints Peres Esprit de France,Room,4,14,39,57,68.42,7.02,0.614
Hotel Des Saints Peres Esprit de France,Staff_Service,3,10,42,55,76.36,5.45,0.709
Hotel Des Saints Peres Esprit de France,Value,0,2,8,10,80.0,0.0,0.8
Hotel Des Saints Peres Esprit de France,Wellness,0,1,0,1,0.0,0.0,0.0
Hotel Design Secret de Paris,Cleanliness,0,1,4,5,80.0,0.0,0.8
Hotel Design Secret de Paris,Facilities,0,0,7,7,100.0,0.0,1.0
Hotel Design Secret de Paris,Food,0,2,20,22,90.91,0.0,0.909
Hotel Design Secret de Paris,Location,0,4,32,36,88.89,0.0,0.889
Hotel Design Secret de Paris,Room,2,4,34,40,85.0,5.0,0.8
Hotel Design Secret de Paris,Staff_Service,1,6,69,76,90.79,1.32,0.895
Hotel Design Secret de Paris,Value,0,3,10,13,76.92,0.0,0.769
Hotel Design Secret de Paris,Wellness,0,0,6,6,100.0,0.0,1.0
Hotel Die Port van Cleve,Cleanliness,5,17,32,54,59.26,9.26,0.5
Hotel Die Port van Cleve,Facilities,7,14,24,45,53.33,15.56,0.378
Hotel Die Port van Cleve,Food,5,21,46,72,63.89,6.94,0.569
Hotel Die Port van Cleve,Location,19,81,131,231,56.71,8.23,0.485
Hotel Die Port van Cleve,Room,17,73,94,184,51.09,9.24,0.418
Hotel Die Port van Cleve,Staff_Service,8,40,103,151,68.21,5.3,0.629
Hotel Die Port van Cleve,Value,13,21,26,60,43.33,21.67,0.217
Hotel Die Port van Cleve,Wellness,0,0,4,4,100.0,0.0,1.0
Hotel Dieci,Cleanliness,0,3,4,7,57.14,0.0,0.571
Hotel Dieci,Facilities,0,7,5,12,41.67,0.0,0.417
Hotel Dieci,Food,1,12,13,26,50.0,3.85,0.462
Hotel Dieci,Location,0,5,12,17,70.59,0.0,0.706
Hotel Dieci,Room,0,13,11,24,45.83,0.0,0.458
Hotel Dieci,Staff_Service,2,5,14,21,66.67,9.52,0.571
Hotel Dieci,Value,0,1,1,2,50.0,0.0,0.5
Hotel Domizil,Cleanliness,1,4,36,41,87.8,2.44,0.854
Hotel Domizil,Facilities,6,5,28,39,71.79,15.38,0.564
Hotel Domizil,Food,2,15,95,112,84.82,1.79,0.83
Hotel Domizil,Location,6,19,107,132,81.06,4.55,0.765
Hotel Domizil,Room,8,16,78,102,76.47,7.84,0.686
Hotel Domizil,Staff_Service,5,16,97,118,82.2,4.24,0.78
Hotel Domizil,Value,3,2,14,19,73.68,15.79,0.579
Hotel Duminy Vendome,Cleanliness,1,11,8,20,40.0,5.0,0.35
Hotel Duminy Vendome,Facilities,3,12,14,29,48.28,10.34,0.379
Hotel Duminy Vendome,Food,3,18,36,57,63.16,5.26,0.579
Hotel Duminy Vendome,Location,5,40,48,93,51.61,5.38,0.462
Hotel Duminy Vendome,Room,11,35,35,81,43.21,13.58,0.296
Hotel Duminy Vendome,Staff_Service,4,16,43,63,68.25,6.35,0.619
Hotel Duminy Vendome,Value,1,7,10,18,55.56,5.56,0.5
Hotel Dupond Smith,Cleanliness,0,0,2,2,100.0,0.0,1.0
Hotel Dupond Smith,Food,0,0,3,3,100.0,0.0,1.0
Hotel Dupond Smith,Location,0,0,12,12,100.0,0.0,1.0
Hotel Dupond Smith,Room,0,0,14,14,100.0,0.0,1.0
Hotel Dupond Smith,Staff_Service,0,0,13,13,100.0,0.0,1.0
Hotel Dupond Smith,Value,0,0,2,2,100.0,0.0,1.0
Hotel Eden,Cleanliness,0,6,11,17,64.71,0.0,0.647
Hotel Eden,Facilities,0,4,10,14,71.43,0.0,0.714
Hotel Eden,Food,0,4,6,10,60.0,0.0,0.6
Hotel Eden,Location,1,13,14,28,50.0,3.57,0.464
Hotel Eden,Room,2,19,22,43,51.16,4.65,0.465
Hotel Eden,Staff_Service,1,10,26,37,70.27,2.7,0.676
Hotel Eden,Value,1,3,5,9,55.56,11.11,0.444
Hotel Eden,Wellness,0,1,1,2,50.0,0.0,0.5
Hotel Eiffel Blomet,Cleanliness,0,0,6,6,100.0,0.0,1.0
Hotel Eiffel Blomet,Facilities,0,0,3,3,100.0,0.0,1.0
Hotel Eiffel Blomet,Food,0,0,3,3,100.0,0.0,1.0
Hotel Eiffel Blomet,Location,0,0,4,4,100.0,0.0,1.0
Hotel Eiffel Blomet,Room,0,0,7,7,100.0,0.0,1.0
Hotel Eiffel Blomet,Staff_Service,0,1,10,11,90.91,0.0,0.909
Hotel Eiffel Blomet,Value,0,0,2,2,100.0,0.0,1.0
Hotel Eiffel Blomet,Wellness,0,0,7,7,100.0,0.0,1.0
Hotel Eitlj rg,Cleanliness,0,0,1,1,100.0,0.0,1.0
Hotel Eitlj rg,Facilities,1,0,0,1,0.0,100.0,-1.0
Hotel Eitlj rg,Food,1,0,7,8,87.5,12.5,0.75
Hotel Eitlj rg,Location,0,0,2,2,100.0,0.0,1.0
Hotel Eitlj rg,Room,2,0,4,6,66.67,33.33,0.333
Hotel Eitlj rg,Staff_Service,1,0,3,4,75.0,25.0,0.5
Hotel Eitlj rg,Value,1,0,1,2,50.0,50.0,0.0
Hotel Elys es Bassano,Cleanliness,1,2,17,20,85.0,5.0,0.8
Hotel Elys es Bassano,Facilities,1,12,11,24,45.83,4.17,0.417
Hotel Elys es Bassano,Food,1,4,23,28,82.14,3.57,0.786
Hotel Elys es Bassano,Location,5,31,43,79,54.43,6.33,0.481
Hotel Elys es Bassano,Room,6,25,32,63,50.79,9.52,0.413
Hotel Elys es Bassano,Staff_Service,4,16,33,53,62.26,7.55,0.547
Hotel Elys es Bassano,Value,1,3,6,10,60.0,10.0,0.5
Hotel Erzherzog Rainer,Cleanliness,2,24,91,117,77.78,1.71,0.761
Hotel Erzherzog Rainer,Facilities,14,27,73,114,64.04,12.28,0.518
Hotel Erzherzog Rainer,Food,21,86,284,391,72.63,5.37,0.673
Hotel Erzherzog Rainer,Location,10,74,185,269,68.77,3.72,0.651
Hotel Erzherzog Rainer,Room,25,77,167,269,62.08,9.29,0.528
Hotel Erzherzog Rainer,Staff_Service,15,53,228,296,77.03,5.07,0.72
Hotel Erzherzog Rainer,Value,6,18,44,68,64.71,8.82,0.559
Hotel Erzherzog Rainer,Wellness,2,1,1,4,25.0,50.0,-0.25
Hotel Espa a Ramblas,Cleanliness,2,25,72,99,72.73,2.02,0.707
Hotel Espa a Ramblas,Facilities,6,16,37,59,62.71,10.17,0.525
Hotel Espa a Ramblas,Food,10,35,121,166,72.89,6.02,0.669
Hotel Espa a Ramblas,Location,14,89,267,370,72.16,3.78,0.684
Hotel Espa a Ramblas,Room,27,93,193,313,61.66,8.63,0.53
Hotel Espa a Ramblas,Staff_Service,16,60,278,354,78.53,4.52,0.74
Hotel Espa a Ramblas,Value,5,20,27,52,51.92,9.62,0.423
Hotel Espa a Ramblas,Wellness,1,11,43,55,78.18,1.82,0.764
Hotel Esther a,Cleanliness,6,18,120,144,83.33,4.17,0.792
Hotel Esther a,Facilities,8,40,127,175,72.57,4.57,0.68
Hotel Esther a,Food,8,55,370,433,85.45,1.85,0.836
Hotel Esther a,Location,11,119,771,901,85.57,1.22,0.844
Hotel Esther a,Room,21,158,660,839,78.67,2.5,0.762
Hotel Esther a,Staff_Service,15,117,933,1065,87.61,1.41,0.862
Hotel Esther a,Value,15,49,153,217,70.51,6.91,0.636
Hotel Esther a,Wellness,0,3,20,23,86.96,0.0,0.87
Hotel Eug ne en Ville,Cleanliness,0,10,13,23,56.52,0.0,0.565
Hotel Eug ne en Ville,Facilities,4,8,15,27,55.56,14.81,0.407
Hotel Eug ne en Ville,Food,6,10,24,40,60.0,15.0,0.45
Hotel Eug ne en Ville,Location,9,34,69,112,61.61,8.04,0.536
Hotel Eug ne en Ville,Room,13,37,66,116,56.9,11.21,0.457
Hotel Eug ne en Ville,Staff_Service,11,17,59,87,67.82,12.64,0.552
Hotel Eug ne en Ville,Value,3,8,14,25,56.0,12.0,0.44
Hotel Front Maritim,Cleanliness,6,6,10,22,45.45,27.27,0.182
Hotel Front Maritim,Facilities,9,11,11,31,35.48,29.03,0.065
Hotel Front Maritim,Food,10,17,23,50,46.0,20.0,0.26
Hotel Front Maritim,Location,8,32,28,68,41.18,11.76,0.294
Hotel Front Maritim,Room,18,35,21,74,28.38,24.32,0.041
Hotel Front Maritim,Staff_Service,13,25,26,64,40.62,20.31,0.203
Hotel Front Maritim,Value,6,5,4,15,26.67,40.0,-0.133
Hotel Front Maritim,Wellness,2,1,1,4,25.0,50.0,-0.25
Hotel G tico,Cleanliness,0,1,6,7,85.71,0.0,0.857
Hotel G tico,Facilities,0,3,4,7,57.14,0.0,0.571
Hotel G tico,Food,0,0,4,4,100.0,0.0,1.0
Hotel G tico,Location,2,4,10,16,62.5,12.5,0.5
Hotel G tico,Room,0,3,9,12,75.0,0.0,0.75
Hotel G tico,Staff_Service,2,1,9,12,75.0,16.67,0.583
Hotel G tico,Value,0,1,0,1,0.0,0.0,0.0
Hotel Galileo,Cleanliness,5,7,21,33,63.64,15.15,0.485
Hotel Galileo,Facilities,5,13,15,33,45.45,15.15,0.303
Hotel Galileo,Food,16,22,52,90,57.78,17.78,0.4
Hotel Galileo,Location,22,49,70,141,49.65,15.6,0.34
Hotel Galileo,Room,20,31,44,95,46.32,21.05,0.253
Hotel Galileo,Staff_Service,12,23,57,92,61.96,13.04,0.489
Hotel Galileo,Value,8,4,2,14,14.29,57.14,-0.429
Hotel Galileo,Wellness,1,0,4,5,80.0,20.0,0.6
Hotel Gallitzinberg,Cleanliness,0,0,1,1,100.0,0.0,1.0
Hotel Gallitzinberg,Facilities,0,1,5,6,83.33,0.0,0.833
Hotel Gallitzinberg,Food,0,1,6,7,85.71,0.0,0.857
Hotel Gallitzinberg,Location,0,0,3,3,100.0,0.0,1.0
Hotel Gallitzinberg,Room,0,0,4,4,100.0,0.0,1.0
Hotel Gallitzinberg,Staff_Service,0,0,4,4,100.0,0.0,1.0
Hotel Gallitzinberg,Value,0,0,1,1,100.0,0.0,1.0
Hotel Garbi Millenni,Cleanliness,4,7,9,20,45.0,20.0,0.25
Hotel Garbi Millenni,Facilities,4,5,2,11,18.18,36.36,-0.182
Hotel Garbi Millenni,Food,3,7,4,14,28.57,21.43,0.071
Hotel Garbi Millenni,Location,3,20,15,38,39.47,7.89,0.316
Hotel Garbi Millenni,Room,10,26,12,48,25.0,20.83,0.042
Hotel Garbi Millenni,Staff_Service,3,14,20,37,54.05,8.11,0.459
Hotel Garbi Millenni,Value,4,9,3,16,18.75,25.0,-0.062
Hotel Garbi Millenni,Wellness,0,1,1,2,50.0,0.0,0.5
Hotel Georgette,Cleanliness,1,2,6,9,66.67,11.11,0.556
Hotel Georgette,Facilities,0,2,3,5,60.0,0.0,0.6
Hotel Georgette,Food,0,0,8,8,100.0,0.0,1.0
Hotel Georgette,Location,2,6,21,29,72.41,6.9,0.655
Hotel Georgette,Room,3,6,18,27,66.67,11.11,0.556
Hotel Georgette,Staff_Service,0,3,24,27,88.89,0.0,0.889
Hotel Georgette,Value,0,0,7,7,100.0,0.0,1.0
Hotel Gran Derby Suites,Cleanliness,1,3,12,16,75.0,6.25,0.688
Hotel Gran Derby Suites,Facilities,2,3,4,9,44.44,22.22,0.222
Hotel Gran Derby Suites,Food,1,4,9,14,64.29,7.14,0.571
Hotel Gran Derby Suites,Location,3,2,19,24,79.17,12.5,0.667
Hotel Gran Derby Suites,Room,6,11,30,47,63.83,12.77,0.511
Hotel Gran Derby Suites,Staff_Service,5,7,33,45,73.33,11.11,0.622
Hotel Gran Derby Suites,Value,0,4,3,7,42.86,0.0,0.429
Hotel Gran Derby Suites,Wellness,1,1,3,5,60.0,20.0,0.4
Hotel Granados 83,Cleanliness,0,5,9,14,64.29,0.0,0.643
Hotel Granados 83,Facilities,0,3,11,14,78.57,0.0,0.786
Hotel Granados 83,Food,0,13,16,29,55.17,0.0,0.552
Hotel Granados 83,Location,0,21,41,62,66.13,0.0,0.661
Hotel Granados 83,Room,1,18,47,66,71.21,1.52,0.697
Hotel Granados 83,Staff_Service,0,20,52,72,72.22,0.0,0.722
Hotel Granados 83,Value,1,4,8,13,61.54,7.69,0.538
Hotel Granados 83,Wellness,0,11,15,26,57.69,0.0,0.577
Hotel Grums Barcelona,Cleanliness,5,18,37,60,61.67,8.33,0.533
Hotel Grums Barcelona,Facilities,2,6,19,27,70.37,7.41,0.63
Hotel Grums Barcelona,Food,3,28,43,74,58.11,4.05,0.541
Hotel Grums Barcelona,Location,10,41,81,132,61.36,7.58,0.538
Hotel Grums Barcelona,Room,13,53,78,144,54.17,9.03,0.451
Hotel Grums Barcelona,Staff_Service,12,30,88,130,67.69,9.23,0.585
Hotel Grums Barcelona,Value,4,15,14,33,42.42,12.12,0.303
Hotel Grums Barcelona,Wellness,4,15,19,38,50.0,10.53,0.395
Hotel Imlauer Wien,Cleanliness,3,8,32,43,74.42,6.98,0.674
Hotel Imlauer Wien,Facilities,2,7,20,29,68.97,6.9,0.621
Hotel Imlauer Wien,Food,1,11,32,44,72.73,2.27,0.705
Hotel Imlauer Wien,Location,3,15,50,68,73.53,4.41,0.691
Hotel Imlauer Wien,Room,7,27,57,91,62.64,7.69,0.549
Hotel Imlauer Wien,Staff_Service,5,17,53,75,70.67,6.67,0.64
Hotel Imlauer Wien,Value,1,9,21,31,67.74,3.23,0.645
Hotel Imlauer Wien,Wellness,0,5,5,10,50.0,0.0,0.5
Hotel Imperial A Luxury Collection Hotel,Cleanliness,0,0,1,1,100.0,0.0,1.0
Hotel Imperial A Luxury Collection Hotel,Facilities,0,0,6,6,100.0,0.0,1.0
Hotel Imperial A Luxury Collection Hotel,Food,2,2,15,19,78.95,10.53,0.684
Hotel Imperial A Luxury Collection Hotel,Location,2,0,18,20,90.0,10.0,0.8
Hotel Imperial A Luxury Collection Hotel,Room,1,3,24,28,85.71,3.57,0.821
Hotel Imperial A Luxury Collection Hotel,Staff_Service,2,2,25,29,86.21,6.9,0.793
Hotel Imperial A Luxury Collection Hotel,Value,2,2,6,10,60.0,20.0,0.4
Hotel Imperial A Luxury Collection Hotel,Wellness,0,0,2,2,100.0,0.0,1.0
Hotel Indigo Barcelona Plaza Catalunya,Cleanliness,2,5,11,18,61.11,11.11,0.5
Hotel Indigo Barcelona Plaza Catalunya,Facilities,0,7,16,23,69.57,0.0,0.696
Hotel Indigo Barcelona Plaza Catalunya,Food,4,8,21,33,63.64,12.12,0.515
Hotel Indigo Barcelona Plaza Catalunya,Location,9,20,54,83,65.06,10.84,0.542
Hotel Indigo Barcelona Plaza Catalunya,Room,13,21,43,77,55.84,16.88,0.39
Hotel Indigo Barcelona Plaza Catalunya,Staff_Service,4,10,54,68,79.41,5.88,0.735
Hotel Indigo Barcelona Plaza Catalunya,Value,5,9,8,22,36.36,22.73,0.136
Hotel Indigo Barcelona Plaza Catalunya,Wellness,3,5,13,21,61.9,14.29,0.476
Hotel Indigo London Kensington,Cleanliness,1,3,28,32,87.5,3.12,0.844
Hotel Indigo London Kensington,Facilities,2,7,40,49,81.63,4.08,0.776
Hotel Indigo London Kensington,Food,3,19,126,148,85.14,2.03,0.831
Hotel Indigo London Kensington,Location,1,22,145,168,86.31,0.6,0.857
Hotel Indigo London Kensington,Room,8,34,156,198,78.79,4.04,0.747
Hotel Indigo London Kensington,Staff_Service,0,22,199,221,90.05,0.0,0.9
Hotel Indigo London Kensington,Value,2,6,23,31,74.19,6.45,0.677
Hotel Indigo London Kensington,Wellness,0,3,3,6,50.0,0.0,0.5
Hotel Indigo London Paddington,Cleanliness,0,13,45,58,77.59,0.0,0.776
Hotel Indigo London Paddington,Facilities,1,6,25,32,78.12,3.12,0.75
Hotel Indigo London Paddington,Food,4,18,61,83,73.49,4.82,0.687
Hotel Indigo London Paddington,Location,8,40,108,156,69.23,5.13,0.641
Hotel Indigo London Paddington,Room,14,43,108,165,65.45,8.48,0.57
Hotel Indigo London Paddington,Staff_Service,8,32,103,143,72.03,5.59,0.664
Hotel Indigo London Paddington,Value,3,10,8,21,38.1,14.29,0.238
Hotel Indigo London Paddington,Wellness,0,2,3,5,60.0,0.0,0.6
Hotel Indigo London Tower Hill,Cleanliness,1,8,56,65,86.15,1.54,0.846
Hotel Indigo London Tower Hill,Facilities,1,10,39,50,78.0,2.0,0.76
Hotel Indigo London Tower Hill,Food,0,14,65,79,82.28,0.0,0.823
Hotel Indigo London Tower Hill,Location,0,17,121,138,87.68,0.0,0.877
Hotel Indigo London Tower Hill,Room,5,20,193,218,88.53,2.29,0.862
Hotel Indigo London Tower Hill,Staff_Service,3,13,198,214,92.52,1.4,0.911
Hotel Indigo London Tower Hill,Value,2,9,25,36,69.44,5.56,0.639
Hotel Indigo London Tower Hill,Wellness,0,1,3,4,75.0,0.0,0.75
Hotel Indigo Paris Opera,Cleanliness,0,3,8,11,72.73,0.0,0.727
Hotel Indigo Paris Opera,Facilities,1,1,1,3,33.33,33.33,0.0
Hotel Indigo Paris Opera,Food,1,11,18,30,60.0,3.33,0.567
Hotel Indigo Paris Opera,Location,0,17,54,71,76.06,0.0,0.761
Hotel Indigo Paris Opera,Room,2,13,28,43,65.12,4.65,0.605
Hotel Indigo Paris Opera,Staff_Service,2,11,57,70,81.43,2.86,0.786
Hotel Indigo Paris Opera,Value,1,3,4,8,50.0,12.5,0.375
Hotel Indigo Paris Opera,Wellness,0,1,1,2,50.0,0.0,0.5
Hotel J ger,Cleanliness,1,1,10,12,83.33,8.33,0.75
Hotel J ger,Facilities,0,0,2,2,100.0,0.0,1.0
Hotel J ger,Food,1,3,19,23,82.61,4.35,0.783
Hotel J ger,Location,1,1,6,8,75.0,12.5,0.625
Hotel J ger,Room,1,2,9,12,75.0,8.33,0.667
Hotel J ger,Staff_Service,0,1,25,26,96.15,0.0,0.962
Hotel J ger,Value,0,1,1,2,50.0,0.0,0.5
Hotel J ger,Wellness,0,1,0,1,0.0,0.0,0.0
Hotel JL No76,Cleanliness,2,5,41,48,85.42,4.17,0.812
Hotel JL No76,Facilities,4,7,27,38,71.05,10.53,0.605
Hotel JL No76,Food,4,12,78,94,82.98,4.26,0.787
Hotel JL No76,Location,5,37,163,205,79.51,2.44,0.771
Hotel JL No76,Room,15,38,121,174,69.54,8.62,0.609
Hotel JL No76,Staff_Service,9,26,162,197,82.23,4.57,0.777
Hotel JL No76,Value,4,6,25,35,71.43,11.43,0.6
Hotel JL No76,Wellness,0,1,8,9,88.89,0.0,0.889
Hotel Johann Strauss,Cleanliness,2,7,10,19,52.63,10.53,0.421
Hotel Johann Strauss,Facilities,2,8,20,30,66.67,6.67,0.6
Hotel Johann Strauss,Food,5,17,54,76,71.05,6.58,0.645
Hotel Johann Strauss,Location,3,15,43,61,70.49,4.92,0.656
Hotel Johann Strauss,Room,1,15,33,49,67.35,2.04,0.653
Hotel Johann Strauss,Staff_Service,2,10,37,49,75.51,4.08,0.714
Hotel Johann Strauss,Value,2,2,7,11,63.64,18.18,0.455
Hotel Johann Strauss,Wellness,0,1,0,1,0.0,0.0,0.0
Hotel K nig von Ungarn,Cleanliness,0,2,31,33,93.94,0.0,0.939
Hotel K nig von Ungarn,Facilities,1,3,25,29,86.21,3.45,0.828
Hotel K nig von Ungarn,Food,1,9,104,114,91.23,0.88,0.904
Hotel K nig von Ungarn,Location,2,14,136,152,89.47,1.32,0.882
Hotel K nig von Ungarn,Room,1,10,102,113,90.27,0.88,0.894
Hotel K nig von Ungarn,Staff_Service,1,8,162,171,94.74,0.58,0.942
Hotel K nig von Ungarn,Value,1,3,10,14,71.43,7.14,0.643
Hotel K nig von Ungarn,Wellness,0,0,1,1,100.0,0.0,1.0
Hotel Kaiserin Elisabeth,Cleanliness,0,9,59,68,86.76,0.0,0.868
Hotel Kaiserin Elisabeth,Facilities,0,10,27,37,72.97,0.0,0.73
Hotel Kaiserin Elisabeth,Food,3,23,136,162,83.95,1.85,0.821
Hotel Kaiserin Elisabeth,Location,8,44,209,261,80.08,3.07,0.77
Hotel Kaiserin Elisabeth,Room,7,38,130,175,74.29,4.0,0.703
Hotel Kaiserin Elisabeth,Staff_Service,6,27,200,233,85.84,2.58,0.833
Hotel Kaiserin Elisabeth,Value,2,6,26,34,76.47,5.88,0.706
Hotel Kaiserin Elisabeth,Wellness,0,0,3,3,100.0,0.0,1.0
Hotel Kavalier,Cleanliness,7,45,33,85,38.82,8.24,0.306
Hotel Kavalier,Facilities,12,45,45,102,44.12,11.76,0.324
Hotel Kavalier,Food,24,69,91,184,49.46,13.04,0.364
Hotel Kavalier,Location,10,33,38,81,46.91,12.35,0.346
Hotel Kavalier,Room,25,56,60,141,42.55,17.73,0.248
Hotel Kavalier,Staff_Service,19,45,44,108,40.74,17.59,0.231
Hotel Kavalier,Value,5,25,28,58,48.28,8.62,0.397
Hotel Kavalier,Wellness,1,1,3,5,60.0,20.0,0.4
Hotel L Antoine,Cleanliness,0,4,25,29,86.21,0.0,0.862
Hotel L Antoine,Facilities,0,3,16,19,84.21,0.0,0.842
Hotel L Antoine,Food,1,3,25,29,86.21,3.45,0.828
Hotel L Antoine,Location,1,12,72,85,84.71,1.18,0.835
Hotel L Antoine,Room,5,16,88,109,80.73,4.59,0.761
Hotel L Antoine,Staff_Service,1,7,92,100,92.0,1.0,0.91
Hotel L Antoine,Value,2,1,7,10,70.0,20.0,0.5
Hotel La Lanterne,Cleanliness,1,4,14,19,73.68,5.26,0.684
Hotel La Lanterne,Facilities,0,0,7,7,100.0,0.0,1.0
Hotel La Lanterne,Food,1,5,22,28,78.57,3.57,0.75
Hotel La Lanterne,Location,1,9,42,52,80.77,1.92,0.788
Hotel La Lanterne,Room,4,7,38,49,77.55,8.16,0.694
Hotel La Lanterne,Staff_Service,4,7,41,52,78.85,7.69,0.712
Hotel La Lanterne,Value,1,6,4,11,36.36,9.09,0.273
Hotel La Lanterne,Wellness,1,9,33,43,76.74,2.33,0.744
Hotel La Place,Cleanliness,2,8,5,15,33.33,13.33,0.2
Hotel La Place,Facilities,4,8,8,20,40.0,20.0,0.2
Hotel La Place,Food,9,16,27,52,51.92,17.31,0.346
Hotel La Place,Location,7,20,30,57,52.63,12.28,0.404
Hotel La Place,Room,12,28,29,69,42.03,17.39,0.246
Hotel La Place,Staff_Service,7,20,47,74,63.51,9.46,0.541
Hotel La Place,Value,3,3,7,13,53.85,23.08,0.308
Hotel La Place,Wellness,0,0,1,1,100.0,0.0,1.0
Hotel La Spezia Gruppo MiniHotel,Cleanliness,0,5,5,10,50.0,0.0,0.5
Hotel La Spezia Gruppo MiniHotel,Facilities,2,2,5,9,55.56,22.22,0.333
Hotel La Spezia Gruppo MiniHotel,Food,3,6,8,17,47.06,17.65,0.294
Hotel La Spezia Gruppo MiniHotel,Location,1,3,6,10,60.0,10.0,0.5
Hotel La Spezia Gruppo MiniHotel,Room,2,4,3,9,33.33,22.22,0.111
Hotel La Spezia Gruppo MiniHotel,Staff_Service,2,4,8,14,57.14,14.29,0.429
Hotel La Spezia Gruppo MiniHotel,Value,2,3,3,8,37.5,25.0,0.125
Hotel La Spezia Gruppo MiniHotel,Wellness,0,0,1,1,100.0,0.0,1.0
Hotel La Villa Saint Germain Des Pr s,Cleanliness,1,0,4,5,80.0,20.0,0.6
Hotel La Villa Saint Germain Des Pr s,Facilities,1,1,0,2,0.0,50.0,-0.5
Hotel La Villa Saint Germain Des Pr s,Food,0,0,4,4,100.0,0.0,1.0
Hotel La Villa Saint Germain Des Pr s,Location,1,6,29,36,80.56,2.78,0.778
Hotel La Villa Saint Germain Des Pr s,Room,1,6,18,25,72.0,4.0,0.68
Hotel La Villa Saint Germain Des Pr s,Staff_Service,1,3,28,32,87.5,3.12,0.844
Hotel La Villa Saint Germain Des Pr s,Value,1,1,3,5,60.0,20.0,0.4
Hotel Lam e,Cleanliness,3,5,7,15,46.67,20.0,0.267
Hotel Lam e,Facilities,0,7,13,20,65.0,0.0,0.65
Hotel Lam e,Food,2,4,29,35,82.86,5.71,0.771
Hotel Lam e,Location,5,19,88,112,78.57,4.46,0.741
Hotel Lam e,Room,4,13,79,96,82.29,4.17,0.781
Hotel Lam e,Staff_Service,4,11,77,92,83.7,4.35,0.793
Hotel Lam e,Value,2,3,10,15,66.67,13.33,0.533
Hotel Lam e,Wellness,0,0,2,2,100.0,0.0,1.0
Hotel Landhaus Fuhrgassl Huber,Cleanliness,0,1,9,10,90.0,0.0,0.9
Hotel Landhaus Fuhrgassl Huber,Facilities,0,1,11,12,91.67,0.0,0.917
Hotel Landhaus Fuhrgassl Huber,Food,1,4,43,48,89.58,2.08,0.875
Hotel Landhaus Fuhrgassl Huber,Location,0,2,24,26,92.31,0.0,0.923
Hotel Landhaus Fuhrgassl Huber,Room,1,3,17,21,80.95,4.76,0.762
Hotel Landhaus Fuhrgassl Huber,Staff_Service,0,3,30,33,90.91,0.0,0.909
Hotel Landhaus Fuhrgassl Huber,Value,0,0,2,2,100.0,0.0,1.0
Hotel Landhaus Fuhrgassl Huber,Wellness,0,0,3,3,100.0,0.0,1.0
Hotel Le 10 BIS,Cleanliness,0,1,11,12,91.67,0.0,0.917
Hotel Le 10 BIS,Facilities,0,1,2,3,66.67,0.0,0.667
Hotel Le 10 BIS,Food,0,1,6,7,85.71,0.0,0.857
Hotel Le 10 BIS,Location,0,1,15,16,93.75,0.0,0.938
Hotel Le 10 BIS,Room,1,1,19,21,90.48,4.76,0.857
Hotel Le 10 BIS,Staff_Service,0,0,27,27,100.0,0.0,1.0
Hotel Le 10 BIS,Value,0,0,1,1,100.0,0.0,1.0
Hotel Le Chat Noir,Cleanliness,1,5,13,19,68.42,5.26,0.632
Hotel Le Chat Noir,Facilities,3,7,15,25,60.0,12.0,0.48
Hotel Le Chat Noir,Food,3,5,16,24,66.67,12.5,0.542
Hotel Le Chat Noir,Location,6,15,45,66,68.18,9.09,0.591
Hotel Le Chat Noir,Room,4,15,39,58,67.24,6.9,0.603
Hotel Le Chat Noir,Staff_Service,1,13,54,68,79.41,1.47,0.779
Hotel Le Chat Noir,Value,1,5,8,14,57.14,7.14,0.5
Hotel Le Mareuil,Cleanliness,1,2,7,10,70.0,10.0,0.6
Hotel Le Mareuil,Facilities,0,2,5,7,71.43,0.0,0.714
Hotel Le Mareuil,Food,0,2,10,12,83.33,0.0,0.833
Hotel Le Mareuil,Location,1,3,14,18,77.78,5.56,0.722
Hotel Le Mareuil,Room,0,2,23,25,92.0,0.0,0.92
Hotel Le Mareuil,Staff_Service,0,3,20,23,86.96,0.0,0.87
Hotel Le Mareuil,Value,0,0,4,4,100.0,0.0,1.0
Hotel Le Mareuil,Wellness,0,0,1,1,100.0,0.0,1.0
Hotel Le Pera,Cleanliness,0,1,3,4,75.0,0.0,0.75
Hotel Le Pera,Facilities,0,1,2,3,66.67,0.0,0.667
Hotel Le Pera,Food,1,2,3,6,50.0,16.67,0.333
Hotel Le Pera,Location,4,3,7,14,50.0,28.57,0.214
Hotel Le Pera,Room,3,3,8,14,57.14,21.43,0.357
Hotel Le Pera,Staff_Service,2,1,8,11,72.73,18.18,0.545
Hotel Le Pera,Value,0,0,4,4,100.0,0.0,1.0
Hotel Le Placide Saint Germain Des Pr s,Cleanliness,0,0,6,6,100.0,0.0,1.0
Hotel Le Placide Saint Germain Des Pr s,Facilities,2,0,4,6,66.67,33.33,0.333
Hotel Le Placide Saint Germain Des Pr s,Food,2,0,7,9,77.78,22.22,0.556
Hotel Le Placide Saint Germain Des Pr s,Location,3,2,12,17,70.59,17.65,0.529
Hotel Le Placide Saint Germain Des Pr s,Room,2,2,12,16,75.0,12.5,0.625
Hotel Le Placide Saint Germain Des Pr s,Staff_Service,0,1,10,11,90.91,0.0,0.909
Hotel Le Placide Saint Germain Des Pr s,Value,1,0,0,1,0.0,100.0,-1.0
Hotel Le Saint Gregoire,Cleanliness,0,0,5,5,100.0,0.0,1.0
Hotel Le Saint Gregoire,Facilities,0,0,1,1,100.0,0.0,1.0
Hotel Le Saint Gregoire,Food,0,1,6,7,85.71,0.0,0.857
Hotel Le Saint Gregoire,Location,1,2,5,8,62.5,12.5,0.5
Hotel Le Saint Gregoire,Room,1,3,7,11,63.64,9.09,0.545
Hotel Le Saint Gregoire,Staff_Service,0,1,8,9,88.89,0.0,0.889
Hotel Le Sainte Beuve,Cleanliness,1,2,2,5,40.0,20.0,0.2
Hotel Le Sainte Beuve,Facilities,1,1,3,5,60.0,20.0,0.4
Hotel Le Sainte Beuve,Food,1,2,6,9,66.67,11.11,0.556
Hotel Le Sainte Beuve,Location,0,2,21,23,91.3,0.0,0.913
Hotel Le Sainte Beuve,Room,1,4,11,16,68.75,6.25,0.625
Hotel Le Sainte Beuve,Staff_Service,1,1,27,29,93.1,3.45,0.897
Hotel Le Sainte Beuve,Value,0,0,5,5,100.0,0.0,1.0
Hotel Le Six,Cleanliness,1,1,5,7,71.43,14.29,0.571
Hotel Le Six,Facilities,1,0,7,8,87.5,12.5,0.75
Hotel Le Six,Food,1,1,12,14,85.71,7.14,0.786
Hotel Le Six,Location,0,1,24,25,96.0,0.0,0.96
Hotel Le Six,Room,1,3,20,24,83.33,4.17,0.792
Hotel Le Six,Staff_Service,1,2,50,53,94.34,1.89,0.925
Hotel Le Six,Value,1,0,6,7,85.71,14.29,0.714
Hotel Le Six,Wellness,0,1,1,2,50.0,0.0,0.5
Hotel Le Squara,Cleanliness,2,5,23,30,76.67,6.67,0.7
Hotel Le Squara,Facilities,2,6,6,14,42.86,14.29,0.286
Hotel Le Squara,Food,2,8,24,34,70.59,5.88,0.647
Hotel Le Squara,Location,7,14,41,62,66.13,11.29,0.548
Hotel Le Squara,Room,7,19,48,74,64.86,9.46,0.554
Hotel Le Squara,Staff_Service,7,9,34,50,68.0,14.0,0.54
Hotel Le Squara,Value,0,6,4,10,40.0,0.0,0.4
Hotel Le petit Paris,Cleanliness,0,4,8,12,66.67,0.0,0.667
Hotel Le petit Paris,Facilities,0,2,3,5,60.0,0.0,0.6
Hotel Le petit Paris,Food,0,3,9,12,75.0,0.0,0.75
Hotel Le petit Paris,Location,0,4,23,27,85.19,0.0,0.852
Hotel Le petit Paris,Room,2,6,16,24,66.67,8.33,0.583
Hotel Le petit Paris,Staff_Service,1,3,29,33,87.88,3.03,0.848
Hotel Le petit Paris,Value,1,0,4,5,80.0,20.0,0.6
Hotel Les Bains Paris,Cleanliness,0,1,1,2,50.0,0.0,0.5
Hotel Les Bains Paris,Food,1,0,6,7,85.71,14.29,0.714
Hotel Les Bains Paris,Location,0,2,8,10,80.0,0.0,0.8
Hotel Les Bains Paris,Room,0,3,14,17,82.35,0.0,0.824
Hotel Les Bains Paris,Staff_Service,0,2,18,20,90.0,0.0,0.9
Hotel Les Bains Paris,Value,0,1,1,2,50.0,0.0,0.5
Hotel Les Bains Paris,Wellness,0,0,1,1,100.0,0.0,1.0
Hotel Les Bulles De Paris,Cleanliness,2,9,27,38,71.05,5.26,0.658
Hotel Les Bulles De Paris,Facilities,2,9,10,21,47.62,9.52,0.381
Hotel Les Bulles De Paris,Food,5,12,21,38,55.26,13.16,0.421
Hotel Les Bulles De Paris,Location,8,20,54,82,65.85,9.76,0.561
Hotel Les Bulles De Paris,Room,14,32,52,98,53.06,14.29,0.388
Hotel Les Bulles De Paris,Staff_Service,6,15,57,78,73.08,7.69,0.654
Hotel Les Bulles De Paris,Value,4,10,9,23,39.13,17.39,0.217
Hotel Les Bulles De Paris,Wellness,3,5,4,12,33.33,25.0,0.083
Hotel Les Rives de Notre Dame,Cleanliness,2,2,7,11,63.64,18.18,0.455
Hotel Les Rives de Notre Dame,Facilities,0,1,9,10,90.0,0.0,0.9
Hotel Les Rives de Notre Dame,Food,2,2,6,10,60.0,20.0,0.4
Hotel Les Rives de Notre Dame,Location,3,7,42,52,80.77,5.77,0.75
Hotel Les Rives de Notre Dame,Room,3,5,25,33,75.76,9.09,0.667
Hotel Les Rives de Notre Dame,Staff_Service,4,8,39,51,76.47,7.84,0.686
Hotel Les Rives de Notre Dame,Value,2,2,5,9,55.56,22.22,0.333
Hotel Les Th tres,Cleanliness,1,2,13,16,81.25,6.25,0.75
Hotel Les Th tres,Facilities,1,5,12,18,66.67,5.56,0.611
Hotel Les Th tres,Food,0,6,26,32,81.25,0.0,0.812
Hotel Les Th tres,Location,3,15,41,59,69.49,5.08,0.644
Hotel Les Th tres,Room,5,20,50,75,66.67,6.67,0.6
Hotel Les Th tres,Staff_Service,2,10,49,61,80.33,3.28,0.77
Hotel Les Th tres,Value,0,3,11,14,78.57,0.0,0.786
Hotel Liberty,Cleanliness,16,5,1,22,4.55,72.73,-0.682
Hotel Liberty,Facilities,7,9,4,20,20.0,35.0,-0.15
Hotel Liberty,Food,13,12,4,29,13.79,44.83,-0.31
Hotel Liberty,Location,10,11,6,27,22.22,37.04,-0.148
Hotel Liberty,Room,20,13,5,38,13.16,52.63,-0.395
Hotel Liberty,Staff_Service,15,6,6,27,22.22,55.56,-0.333
Hotel Liberty,Value,2,3,1,6,16.67,33.33,-0.167
Hotel Lloyd,Cleanliness,2,15,15,32,46.88,6.25,0.406
Hotel Lloyd,Facilities,13,22,14,49,28.57,26.53,0.02
Hotel Lloyd,Food,18,35,31,84,36.9,21.43,0.155
Hotel Lloyd,Location,19,49,53,121,43.8,15.7,0.281
Hotel Lloyd,Room,16,31,22,69,31.88,23.19,0.087
Hotel Lloyd,Staff_Service,16,30,38,84,45.24,19.05,0.262
Hotel Lloyd,Value,5,12,7,24,29.17,20.83,0.083
Hotel Lombardia,Cleanliness,2,6,8,16,50.0,12.5,0.375
Hotel Lombardia,Facilities,2,9,3,14,21.43,14.29,0.071
Hotel Lombardia,Food,3,20,11,34,32.35,8.82,0.235
Hotel Lombardia,Location,1,11,6,18,33.33,5.56,0.278
Hotel Lombardia,Room,4,21,7,32,21.88,12.5,0.094
Hotel Lombardia,Staff_Service,3,14,11,28,39.29,10.71,0.286
Hotel Lombardia,Value,1,1,1,3,33.33,33.33,0.0
Hotel Louis 2,Cleanliness,1,3,5,9,55.56,11.11,0.444
Hotel Louis 2,Facilities,1,1,6,8,75.0,12.5,0.625
Hotel Louis 2,Food,0,2,7,9,77.78,0.0,0.778
Hotel Louis 2,Location,2,12,31,45,68.89,4.44,0.644
Hotel Louis 2,Room,2,9,15,26,57.69,7.69,0.5
Hotel Louis 2,Staff_Service,2,3,23,28,82.14,7.14,0.75
Hotel Louis 2,Value,0,1,2,3,66.67,0.0,0.667
Hotel Louis 2,Wellness,0,0,1,1,100.0,0.0,1.0
Hotel Louvre Montana,Cleanliness,1,1,11,13,84.62,7.69,0.769
Hotel Louvre Montana,Facilities,0,3,13,16,81.25,0.0,0.812
Hotel Louvre Montana,Food,0,2,9,11,81.82,0.0,0.818
Hotel Louvre Montana,Location,1,9,35,45,77.78,2.22,0.756
Hotel Louvre Montana,Room,1,7,22,30,73.33,3.33,0.7
Hotel Louvre Montana,Staff_Service,1,4,36,41,87.8,2.44,0.854
Hotel Louvre Montana,Value,0,2,5,7,71.43,0.0,0.714
Hotel Lumen Paris Louvre,Cleanliness,0,2,8,10,80.0,0.0,0.8
Hotel Lumen Paris Louvre,Facilities,1,5,10,16,62.5,6.25,0.562
Hotel Lumen Paris Louvre,Food,1,8,24,33,72.73,3.03,0.697
Hotel Lumen Paris Louvre,Location,0,12,28,40,70.0,0.0,0.7
Hotel Lumen Paris Louvre,Room,0,10,25,35,71.43,0.0,0.714
Hotel Lumen Paris Louvre,Staff_Service,0,7,26,33,78.79,0.0,0.788
Hotel Lumen Paris Louvre,Value,0,2,7,9,77.78,0.0,0.778
Hotel Lumen Paris Louvre,Wellness,1,0,4,5,80.0,20.0,0.6
Hotel Mademoiselle,Cleanliness,1,9,28,38,73.68,2.63,0.711
Hotel Mademoiselle,Facilities,3,11,19,33,57.58,9.09,0.485
Hotel Mademoiselle,Food,5,9,47,61,77.05,8.2,0.689
Hotel Mademoiselle,Location,2,26,59,87,67.82,2.3,0.655
Hotel Mademoiselle,Room,10,25,66,101,65.35,9.9,0.554
Hotel Mademoiselle,Staff_Service,8,19,80,107,74.77,7.48,0.673
Hotel Mademoiselle,Value,3,6,11,20,55.0,15.0,0.4
Hotel Mademoiselle,Wellness,2,3,18,23,78.26,8.7,0.696
Hotel Magna Pars Small Luxury Hotels of the World,Cleanliness,1,1,5,7,71.43,14.29,0.571
Hotel Magna Pars Small Luxury Hotels of the World,Facilities,0,2,6,8,75.0,0.0,0.75
Hotel Magna Pars Small Luxury Hotels of the World,Food,3,4,28,35,80.0,8.57,0.714
Hotel Magna Pars Small Luxury Hotels of the World,Location,4,1,20,25,80.0,16.0,0.64
Hotel Magna Pars Small Luxury Hotels of the World,Room,3,7,23,33,69.7,9.09,0.606
Hotel Magna Pars Small Luxury Hotels of the World,Staff_Service,3,8,37,48,77.08,6.25,0.708
Hotel Magna Pars Small Luxury Hotels of the World,Value,2,2,4,8,50.0,25.0,0.25
Hotel Magna Pars Small Luxury Hotels of the World,Wellness,0,2,2,4,50.0,0.0,0.5
Hotel Mailberger Hof,Cleanliness,0,5,17,22,77.27,0.0,0.773
Hotel Mailberger Hof,Facilities,5,13,43,61,70.49,8.2,0.623
Hotel Mailberger Hof,Food,10,31,137,178,76.97,5.62,0.713
Hotel Mailberger Hof,Location,12,46,169,227,74.45,5.29,0.692
Hotel Mailberger Hof,Room,15,37,94,146,64.38,10.27,0.541
Hotel Mailberger Hof,Staff_Service,7,23,121,151,80.13,4.64,0.755
Hotel Mailberger Hof,Value,3,9,24,36,66.67,8.33,0.583
Hotel Mailberger Hof,Wellness,0,0,1,1,100.0,0.0,1.0
Hotel Maison Ath n e,Cleanliness,0,0,5,5,100.0,0.0,1.0
Hotel Maison Ath n e,Facilities,1,2,7,10,70.0,10.0,0.6
Hotel Maison Ath n e,Food,0,0,17,17,100.0,0.0,1.0
Hotel Maison Ath n e,Location,1,7,37,45,82.22,2.22,0.8
Hotel Maison Ath n e,Room,3,8,39,50,78.0,6.0,0.72
Hotel Maison Ath n e,Staff_Service,2,6,49,57,85.96,3.51,0.825
Hotel Maison Ath n e,Value,0,0,4,4,100.0,0.0,1.0
Hotel Maison Ath n e,Wellness,0,0,1,1,100.0,0.0,1.0
Hotel Maison FL,Cleanliness,2,5,12,19,63.16,10.53,0.526
Hotel Maison FL,Facilities,2,1,9,12,75.0,16.67,0.583
Hotel Maison FL,Food,3,7,12,22,54.55,13.64,0.409
Hotel Maison FL,Location,2,14,33,49,67.35,4.08,0.633
Hotel Maison FL,Room,6,10,30,46,65.22,13.04,0.522
Hotel Maison FL,Staff_Service,3,7,47,57,82.46,5.26,0.772
Hotel Maison FL,Value,2,3,5,10,50.0,20.0,0.3
Hotel Maison FL,Wellness,0,1,0,1,0.0,0.0,0.0
Hotel Malte Astotel,Cleanliness,0,1,1,2,50.0,0.0,0.5
Hotel Malte Astotel,Facilities,0,0,3,3,100.0,0.0,1.0
Hotel Malte Astotel,Food,0,1,7,8,87.5,0.0,0.875
Hotel Malte Astotel,Location,0,1,8,9,88.89,0.0,0.889
Hotel Malte Astotel,Room,0,3,12,15,80.0,0.0,0.8
Hotel Malte Astotel,Staff_Service,0,2,9,11,81.82,0.0,0.818
Hotel Malte Astotel,Value,0,1,2,3,66.67,0.0,0.667
Hotel Manin,Cleanliness,1,11,24,36,66.67,2.78,0.639
Hotel Manin,Facilities,6,11,20,37,54.05,16.22,0.378
Hotel Manin,Food,12,27,70,109,64.22,11.01,0.532
Hotel Manin,Location,9,38,80,127,62.99,7.09,0.559
Hotel Manin,Room,17,38,48,103,46.6,16.5,0.301
Hotel Manin,Staff_Service,10,25,60,95,63.16,10.53,0.526
Hotel Manin,Value,7,7,12,26,46.15,26.92,0.192
Hotel Manin,Wellness,0,0,3,3,100.0,0.0,1.0
Hotel Manzoni,Cleanliness,0,8,25,33,75.76,0.0,0.758
Hotel Manzoni,Facilities,0,1,19,20,95.0,0.0,0.95
Hotel Manzoni,Food,1,4,35,40,87.5,2.5,0.85
Hotel Manzoni,Location,2,19,94,115,81.74,1.74,0.8
Hotel Manzoni,Room,1,16,51,68,75.0,1.47,0.735
Hotel Manzoni,Staff_Service,1,15,81,97,83.51,1.03,0.825
Hotel Manzoni,Value,2,2,21,25,84.0,8.0,0.76
Hotel Manzoni,Wellness,0,0,2,2,100.0,0.0,1.0
Hotel Marconi,Cleanliness,4,13,33,50,66.0,8.0,0.58
Hotel Marconi,Facilities,4,15,26,45,57.78,8.89,0.489
Hotel Marconi,Food,10,37,92,139,66.19,7.19,0.59
Hotel Marconi,Location,8,37,94,139,67.63,5.76,0.619
Hotel Marconi,Room,7,40,75,122,61.48,5.74,0.557
Hotel Marconi,Staff_Service,15,22,64,101,63.37,14.85,0.485
Hotel Marconi,Value,5,8,11,24,45.83,20.83,0.25
Hotel Marconi,Wellness,1,2,1,4,25.0,25.0,0.0
Hotel Margot House,Cleanliness,0,1,5,6,83.33,0.0,0.833
Hotel Margot House,Facilities,1,1,5,7,71.43,14.29,0.571
Hotel Margot House,Food,3,5,32,40,80.0,7.5,0.725
Hotel Margot House,Location,4,6,36,46,78.26,8.7,0.696
Hotel Margot House,Room,5,4,28,37,75.68,13.51,0.622
Hotel Margot House,Staff_Service,3,6,38,47,80.85,6.38,0.745
Hotel Margot House,Value,1,3,3,7,42.86,14.29,0.286
Hotel Margot House,Wellness,0,0,2,2,100.0,0.0,1.0
Hotel Marignan Champs Elys es,Cleanliness,2,3,10,15,66.67,13.33,0.533
Hotel Marignan Champs Elys es,Facilities,4,4,8,16,50.0,25.0,0.25
Hotel Marignan Champs Elys es,Food,8,13,25,46,54.35,17.39,0.37
Hotel Marignan Champs Elys es,Location,9,17,56,82,68.29,10.98,0.573
Hotel Marignan Champs Elys es,Room,11,17,38,66,57.58,16.67,0.409
Hotel Marignan Champs Elys es,Staff_Service,5,17,58,80,72.5,6.25,0.662
Hotel Marignan Champs Elys es,Value,3,3,8,14,57.14,21.43,0.357
Hotel Marignan Champs Elys es,Wellness,0,1,3,4,75.0,0.0,0.75
Hotel Mediolanum,Cleanliness,1,7,21,29,72.41,3.45,0.69
Hotel Mediolanum,Facilities,0,6,12,18,66.67,0.0,0.667
Hotel Mediolanum,Food,3,16,45,64,70.31,4.69,0.656
Hotel Mediolanum,Location,3,22,45,70,64.29,4.29,0.6
Hotel Mediolanum,Room,5,24,31,60,51.67,8.33,0.433
Hotel Mediolanum,Staff_Service,2,15,50,67,74.63,2.99,0.716
Hotel Mediolanum,Value,0,4,13,17,76.47,0.0,0.765
Hotel Mentana,Cleanliness,7,11,14,32,43.75,21.88,0.219
Hotel Mentana,Facilities,4,9,16,29,55.17,13.79,0.414
Hotel Mentana,Food,9,19,34,62,54.84,14.52,0.403
Hotel Mentana,Location,9,32,44,85,51.76,10.59,0.412
Hotel Mentana,Room,15,25,30,70,42.86,21.43,0.214
Hotel Mentana,Staff_Service,5,19,41,65,63.08,7.69,0.554
Hotel Mentana,Value,3,6,10,19,52.63,15.79,0.368
Hotel Mercure La Sorbonne Saint Germain des Pr s,Cleanliness,1,5,3,9,33.33,11.11,0.222
Hotel Mercure La Sorbonne Saint Germain des Pr s,Facilities,1,5,8,14,57.14,7.14,0.5
Hotel Mercure La Sorbonne Saint Germain des Pr s,Food,0,5,13,18,72.22,0.0,0.722
Hotel Mercure La Sorbonne Saint Germain des Pr s,Location,3,14,31,48,64.58,6.25,0.583
Hotel Mercure La Sorbonne Saint Germain des Pr s,Room,4,12,21,37,56.76,10.81,0.459
Hotel Mercure La Sorbonne Saint Germain des Pr s,Staff_Service,1,7,33,41,80.49,2.44,0.78
Hotel Mercure La Sorbonne Saint Germain des Pr s,Value,1,2,7,10,70.0,10.0,0.6
Hotel Mercure La Sorbonne Saint Germain des Pr s,Wellness,0,0,1,1,100.0,0.0,1.0
Hotel Mercure Milano Centro,Cleanliness,1,3,13,17,76.47,5.88,0.706
Hotel Mercure Milano Centro,Facilities,1,2,14,17,82.35,5.88,0.765
Hotel Mercure Milano Centro,Food,1,4,16,21,76.19,4.76,0.714
Hotel Mercure Milano Centro,Location,1,11,43,55,78.18,1.82,0.764
Hotel Mercure Milano Centro,Room,2,6,27,35,77.14,5.71,0.714
Hotel Mercure Milano Centro,Staff_Service,1,6,24,31,77.42,3.23,0.742
Hotel Mercure Milano Centro,Value,1,1,3,5,60.0,20.0,0.4
Hotel Mercure Milano Solari,Cleanliness,1,11,15,27,55.56,3.7,0.519
Hotel Mercure Milano Solari,Facilities,0,7,12,19,63.16,0.0,0.632
Hotel Mercure Milano Solari,Food,1,5,9,15,60.0,6.67,0.533
Hotel Mercure Milano Solari,Location,1,12,21,34,61.76,2.94,0.588
Hotel Mercure Milano Solari,Room,4,23,23,50,46.0,8.0,0.38
Hotel Mercure Milano Solari,Staff_Service,3,13,18,34,52.94,8.82,0.441
Hotel Mercure Milano Solari,Value,1,4,6,11,54.55,9.09,0.455
Hotel Mercure Milano Solari,Wellness,1,1,0,2,0.0,50.0,-0.5
Hotel Mercure Wien City,Cleanliness,0,12,19,31,61.29,0.0,0.613
Hotel Mercure Wien City,Facilities,0,10,13,23,56.52,0.0,0.565
Hotel Mercure Wien City,Food,1,10,22,33,66.67,3.03,0.636
Hotel Mercure Wien City,Location,2,18,41,61,67.21,3.28,0.639
Hotel Mercure Wien City,Room,2,26,40,68,58.82,2.94,0.559
Hotel Mercure Wien City,Staff_Service,3,14,37,54,68.52,5.56,0.63
Hotel Mercure Wien City,Value,0,7,7,14,50.0,0.0,0.5
Hotel Mercure Wien City,Wellness,1,0,0,1,0.0,100.0,-1.0
Hotel Mercure Wien Westbahnhof,Cleanliness,0,9,5,14,35.71,0.0,0.357
Hotel Mercure Wien Westbahnhof,Facilities,2,5,6,13,46.15,15.38,0.308
Hotel Mercure Wien Westbahnhof,Food,4,5,10,19,52.63,21.05,0.316
Hotel Mercure Wien Westbahnhof,Location,3,21,19,43,44.19,6.98,0.372
Hotel Mercure Wien Westbahnhof,Room,9,23,14,46,30.43,19.57,0.109
Hotel Mercure Wien Westbahnhof,Staff_Service,2,8,17,27,62.96,7.41,0.556
Hotel Mercure Wien Westbahnhof,Value,3,4,5,12,41.67,25.0,0.167
Hotel Mercure Wien Westbahnhof,Wellness,0,0,1,1,100.0,0.0,1.0
Hotel Michelangelo,Cleanliness,6,16,63,85,74.12,7.06,0.671
Hotel Michelangelo,Facilities,6,37,66,109,60.55,5.5,0.55
Hotel Michelangelo,Food,13,53,173,239,72.38,5.44,0.669
Hotel Michelangelo,Location,23,103,275,401,68.58,5.74,0.628
Hotel Michelangelo,Room,20,70,178,268,66.42,7.46,0.59
Hotel Michelangelo,Staff_Service,22,48,143,213,67.14,10.33,0.568
Hotel Michelangelo,Value,9,16,42,67,62.69,13.43,0.493
Hotel Michelangelo,Wellness,1,8,15,24,62.5,4.17,0.583
Hotel Midmost,Cleanliness,1,3,18,22,81.82,4.55,0.773
Hotel Midmost,Facilities,1,3,5,9,55.56,11.11,0.444
Hotel Midmost,Food,0,3,25,28,89.29,0.0,0.893
Hotel Midmost,Location,0,9,46,55,83.64,0.0,0.836
Hotel Midmost,Room,0,7,24,31,77.42,0.0,0.774
Hotel Midmost,Staff_Service,0,8,51,59,86.44,0.0,0.864
Hotel Midmost,Value,1,3,6,10,60.0,10.0,0.5
Hotel Midmost,Wellness,0,1,8,9,88.89,0.0,0.889
Hotel Milano Scala,Cleanliness,3,6,22,31,70.97,9.68,0.613
Hotel Milano Scala,Facilities,1,1,18,20,90.0,5.0,0.85
Hotel Milano Scala,Food,6,18,98,122,80.33,4.92,0.754
Hotel Milano Scala,Location,7,29,118,154,76.62,4.55,0.721
Hotel Milano Scala,Room,10,28,74,112,66.07,8.93,0.571
Hotel Milano Scala,Staff_Service,8,20,130,158,82.28,5.06,0.772
Hotel Milano Scala,Value,2,7,15,24,62.5,8.33,0.542
Hotel Milano Scala,Wellness,0,0,4,4,100.0,0.0,1.0
Hotel Miramar Barcelona GL,Cleanliness,4,6,9,19,47.37,21.05,0.263
Hotel Miramar Barcelona GL,Facilities,0,5,19,24,79.17,0.0,0.792
Hotel Miramar Barcelona GL,Food,9,11,49,69,71.01,13.04,0.58
Hotel Miramar Barcelona GL,Location,2,21,60,83,72.29,2.41,0.699
Hotel Miramar Barcelona GL,Room,12,34,69,115,60.0,10.43,0.496
Hotel Miramar Barcelona GL,Staff_Service,9,28,78,115,67.83,7.83,0.6
Hotel Miramar Barcelona GL,Value,6,3,12,21,57.14,28.57,0.286
Hotel Miramar Barcelona GL,Wellness,4,13,35,52,67.31,7.69,0.596
Hotel Monceau Wagram,Cleanliness,4,8,17,29,58.62,13.79,0.448
Hotel Monceau Wagram,Facilities,3,13,14,30,46.67,10.0,0.367
Hotel Monceau Wagram,Food,4,17,24,45,53.33,8.89,0.444
Hotel Monceau Wagram,Location,4,27,34,65,52.31,6.15,0.462
Hotel Monceau Wagram,Room,7,24,29,60,48.33,11.67,0.367
Hotel Monceau Wagram,Staff_Service,5,17,33,55,60.0,9.09,0.509
Hotel Monceau Wagram,Value,2,8,5,15,33.33,13.33,0.2
Hotel Monceau Wagram,Wellness,0,0,1,1,100.0,0.0,1.0
Hotel Monge,Cleanliness,0,1,20,21,95.24,0.0,0.952
Hotel Monge,Facilities,0,0,9,9,100.0,0.0,1.0
Hotel Monge,Food,0,1,33,34,97.06,0.0,0.971
Hotel Monge,Location,0,1,57,58,98.28,0.0,0.983
Hotel Monge,Room,0,7,44,51,86.27,0.0,0.863
Hotel Monge,Staff_Service,0,4,70,74,94.59,0.0,0.946
Hotel Monge,Value,0,0,10,10,100.0,0.0,1.0
Hotel Monge,Wellness,0,0,1,1,100.0,0.0,1.0
Hotel Monsieur,Cleanliness,1,10,24,35,68.57,2.86,0.657
Hotel Monsieur,Facilities,0,3,13,16,81.25,0.0,0.812
Hotel Monsieur,Food,2,12,38,52,73.08,3.85,0.692
Hotel Monsieur,Location,1,20,65,86,75.58,1.16,0.744
Hotel Monsieur,Room,5,14,81,100,81.0,5.0,0.76
Hotel Monsieur,Staff_Service,2,13,95,110,86.36,1.82,0.845
Hotel Monsieur,Value,0,5,13,18,72.22,0.0,0.722
Hotel Monsieur,Wellness,1,2,2,5,40.0,20.0,0.2
Hotel Montaigne,Cleanliness,2,4,4,10,40.0,20.0,0.2
Hotel Montaigne,Facilities,4,4,1,9,11.11,44.44,-0.333
Hotel Montaigne,Food,9,6,8,23,34.78,39.13,-0.043
Hotel Montaigne,Location,13,19,22,54,40.74,24.07,0.167
Hotel Montaigne,Room,12,13,14,39,35.9,30.77,0.051
Hotel Montaigne,Staff_Service,12,8,20,40,50.0,30.0,0.2
Hotel Montaigne,Value,4,2,2,8,25.0,50.0,-0.25
Hotel Montalembert,Cleanliness,0,1,1,2,50.0,0.0,0.5
Hotel Montalembert,Facilities,2,1,2,5,40.0,40.0,0.0
Hotel Montalembert,Food,2,2,8,12,66.67,16.67,0.5
Hotel Montalembert,Location,2,1,16,19,84.21,10.53,0.737
Hotel Montalembert,Room,3,5,8,16,50.0,18.75,0.312
Hotel Montalembert,Staff_Service,5,4,17,26,65.38,19.23,0.462
Hotel Montalembert,Value,2,0,1,3,33.33,66.67,-0.333
Hotel Moonlight,Cleanliness,3,13,52,68,76.47,4.41,0.721
Hotel Moonlight,Facilities,2,7,29,38,76.32,5.26,0.711
Hotel Moonlight,Food,2,5,29,36,80.56,5.56,0.75
Hotel Moonlight,Location,5,21,111,137,81.02,3.65,0.774
Hotel Moonlight,Room,11,34,133,178,74.72,6.18,0.685
Hotel Moonlight,Staff_Service,5,25,160,190,84.21,2.63,0.816
Hotel Moonlight,Value,2,3,28,33,84.85,6.06,0.788
Hotel Moonlight,Wellness,0,0,1,1,100.0,0.0,1.0
Hotel Mozart,Cleanliness,8,36,62,106,58.49,7.55,0.509
Hotel Mozart,Facilities,15,34,42,91,46.15,16.48,0.297
Hotel Mozart,Food,19,70,163,252,64.68,7.54,0.571
Hotel Mozart,Location,19,68,131,218,60.09,8.72,0.514
Hotel Mozart,Room,39,89,115,243,47.33,16.05,0.313
Hotel Mozart,Staff_Service,20,58,148,226,65.49,8.85,0.566
Hotel Mozart,Value,9,19,28,56,50.0,16.07,0.339
Hotel Mozart,Wellness,1,0,3,4,75.0,25.0,0.5
Hotel Murmuri Barcelona,Cleanliness,0,3,5,8,62.5,0.0,0.625
Hotel Murmuri Barcelona,Facilities,0,6,6,12,50.0,0.0,0.5
Hotel Murmuri Barcelona,Food,0,4,19,23,82.61,0.0,0.826
Hotel Murmuri Barcelona,Location,3,9,36,48,75.0,6.25,0.688
Hotel Murmuri Barcelona,Room,3,7,27,37,72.97,8.11,0.649
Hotel Murmuri Barcelona,Staff_Service,3,8,43,54,79.63,5.56,0.741
Hotel Murmuri Barcelona,Value,4,2,4,10,40.0,40.0,0.0
Hotel Murmuri Barcelona,Wellness,0,0,1,1,100.0,0.0,1.0
Hotel Neri,Cleanliness,0,0,4,4,100.0,0.0,1.0
Hotel Neri,Facilities,0,2,2,4,50.0,0.0,0.5
Hotel Neri,Food,0,2,23,25,92.0,0.0,0.92
Hotel Neri,Location,1,4,40,45,88.89,2.22,0.867
Hotel Neri,Room,0,0,28,28,100.0,0.0,1.0
Hotel Neri,Staff_Service,1,3,40,44,90.91,2.27,0.886
Hotel Neri,Value,0,1,13,14,92.86,0.0,0.929
Hotel Neri,Wellness,0,0,2,2,100.0,0.0,1.0
Hotel Nestroy Wien,Cleanliness,3,8,14,25,56.0,12.0,0.44
Hotel Nestroy Wien,Facilities,2,10,8,20,40.0,10.0,0.3
Hotel Nestroy Wien,Food,1,7,11,19,57.89,5.26,0.526
Hotel Nestroy Wien,Location,5,21,20,46,43.48,10.87,0.326
Hotel Nestroy Wien,Room,6,22,27,55,49.09,10.91,0.382
Hotel Nestroy Wien,Staff_Service,5,14,14,33,42.42,15.15,0.273
Hotel Nestroy Wien,Value,4,9,5,18,27.78,22.22,0.056
Hotel Nestroy Wien,Wellness,0,5,9,14,64.29,0.0,0.643
Hotel OFF Paris Seine,Cleanliness,1,1,6,8,75.0,12.5,0.625
Hotel OFF Paris Seine,Facilities,2,2,3,7,42.86,28.57,0.143
Hotel OFF Paris Seine,Food,5,4,11,20,55.0,25.0,0.3
Hotel OFF Paris Seine,Location,3,11,23,37,62.16,8.11,0.541
Hotel OFF Paris Seine,Room,4,9,21,34,61.76,11.76,0.5
Hotel OFF Paris Seine,Staff_Service,8,6,24,38,63.16,21.05,0.421
Hotel OFF Paris Seine,Value,1,5,4,10,40.0,10.0,0.3
Hotel OFF Paris Seine,Wellness,1,1,4,6,66.67,16.67,0.5
Hotel Odeon Saint Germain,Cleanliness,0,4,18,22,81.82,0.0,0.818
Hotel Odeon Saint Germain,Facilities,2,7,12,21,57.14,9.52,0.476
Hotel Odeon Saint Germain,Food,2,10,20,32,62.5,6.25,0.562
Hotel Odeon Saint Germain,Location,3,27,69,99,69.7,3.03,0.667
Hotel Odeon Saint Germain,Room,6,21,49,76,64.47,7.89,0.566
Hotel Odeon Saint Germain,Staff_Service,4,14,77,95,81.05,4.21,0.768
Hotel Odeon Saint Germain,Value,1,6,10,17,58.82,5.88,0.529
Hotel Okura Amsterdam,Cleanliness,5,14,32,51,62.75,9.8,0.529
Hotel Okura Amsterdam,Facilities,6,15,39,60,65.0,10.0,0.55
Hotel Okura Amsterdam,Food,9,33,102,144,70.83,6.25,0.646
Hotel Okura Amsterdam,Location,3,30,65,98,66.33,3.06,0.633
Hotel Okura Amsterdam,Room,15,43,131,189,69.31,7.94,0.614
Hotel Okura Amsterdam,Staff_Service,14,41,181,236,76.69,5.93,0.708
Hotel Okura Amsterdam,Value,7,19,34,60,56.67,11.67,0.45
Hotel Okura Amsterdam,Wellness,8,27,56,91,61.54,8.79,0.527
Hotel Omm,Cleanliness,0,0,6,6,100.0,0.0,1.0
Hotel Omm,Facilities,0,0,9,9,100.0,0.0,1.0
Hotel Omm,Food,2,8,33,43,76.74,4.65,0.721
Hotel Omm,Location,2,14,39,55,70.91,3.64,0.673
Hotel Omm,Room,1,11,35,47,74.47,2.13,0.723
Hotel Omm,Staff_Service,4,8,63,75,84.0,5.33,0.787
Hotel Omm,Value,1,4,5,10,50.0,10.0,0.4
Hotel Omm,Wellness,1,4,20,25,80.0,4.0,0.76
Hotel Op ra Richepanse,Cleanliness,0,4,42,46,91.3,0.0,0.913
Hotel Op ra Richepanse,Facilities,0,5,22,27,81.48,0.0,0.815
Hotel Op ra Richepanse,Food,2,12,52,66,78.79,3.03,0.758
Hotel Op ra Richepanse,Location,2,21,126,149,84.56,1.34,0.832
Hotel Op ra Richepanse,Room,2,22,93,117,79.49,1.71,0.778
Hotel Op ra Richepanse,Staff_Service,3,11,108,122,88.52,2.46,0.861
Hotel Op ra Richepanse,Value,0,5,16,21,76.19,0.0,0.762
Hotel Op ra Richepanse,Wellness,0,0,3,3,100.0,0.0,1.0
Hotel Opera Cadet,Cleanliness,0,2,4,6,66.67,0.0,0.667
Hotel Opera Cadet,Facilities,0,2,4,6,66.67,0.0,0.667
Hotel Opera Cadet,Food,0,6,23,29,79.31,0.0,0.793
Hotel Opera Cadet,Location,0,7,24,31,77.42,0.0,0.774
Hotel Opera Cadet,Room,0,7,20,27,74.07,0.0,0.741
Hotel Opera Cadet,Staff_Service,1,6,22,29,75.86,3.45,0.724
Hotel Opera Cadet,Value,1,2,5,8,62.5,12.5,0.5
Hotel Oscar,Cleanliness,0,1,9,10,90.0,0.0,0.9
Hotel Oscar,Facilities,1,4,10,15,66.67,6.67,0.6
Hotel Oscar,Food,1,0,5,6,83.33,16.67,0.667
Hotel Oscar,Location,2,10,39,51,76.47,3.92,0.725
Hotel Oscar,Room,4,11,26,41,63.41,9.76,0.537
Hotel Oscar,Staff_Service,5,4,28,37,75.68,13.51,0.622
Hotel Oscar,Value,2,0,1,3,33.33,66.67,-0.333
Hotel Palace GL,Cleanliness,0,3,28,31,90.32,0.0,0.903
Hotel Palace GL,Facilities,1,10,27,38,71.05,2.63,0.684
Hotel Palace GL,Food,1,18,96,115,83.48,0.87,0.826
Hotel Palace GL,Location,1,14,109,124,87.9,0.81,0.871
Hotel Palace GL,Room,2,21,109,132,82.58,1.52,0.811
Hotel Palace GL,Staff_Service,4,18,193,215,89.77,1.86,0.879
Hotel Palace GL,Value,0,12,33,45,73.33,0.0,0.733
Hotel Palace GL,Wellness,0,4,44,48,91.67,0.0,0.917
Hotel Palais Strudlhof,Cleanliness,2,6,30,38,78.95,5.26,0.737
Hotel Palais Strudlhof,Facilities,2,8,13,23,56.52,8.7,0.478
Hotel Palais Strudlhof,Food,3,20,49,72,68.06,4.17,0.639
Hotel Palais Strudlhof,Location,4,22,41,67,61.19,5.97,0.552
Hotel Palais Strudlhof,Room,5,17,43,65,66.15,7.69,0.585
Hotel Palais Strudlhof,Staff_Service,5,14,35,54,64.81,9.26,0.556
Hotel Palais Strudlhof,Value,0,10,15,25,60.0,0.0,0.6
Hotel Palais Strudlhof,Wellness,0,1,1,2,50.0,0.0,0.5
Hotel Panache,Cleanliness,2,4,10,16,62.5,12.5,0.5
Hotel Panache,Facilities,0,5,8,13,61.54,0.0,0.615
Hotel Panache,Food,4,3,9,16,56.25,25.0,0.312
Hotel Panache,Location,4,8,26,38,68.42,10.53,0.579
Hotel Panache,Room,6,12,36,54,66.67,11.11,0.556
Hotel Panache,Staff_Service,5,5,30,40,75.0,12.5,0.625
Hotel Panache,Value,0,2,2,4,50.0,0.0,0.5
Hotel Parc Saint Severin Esprit de France,Cleanliness,2,8,32,42,76.19,4.76,0.714
Hotel Parc Saint Severin Esprit de France,Facilities,1,8,23,32,71.88,3.12,0.688
Hotel Parc Saint Severin Esprit de France,Food,0,6,19,25,76.0,0.0,0.76
Hotel Parc Saint Severin Esprit de France,Location,2,17,96,115,83.48,1.74,0.817
Hotel Parc Saint Severin Esprit de France,Room,1,11,51,63,80.95,1.59,0.794
Hotel Parc Saint Severin Esprit de France,Staff_Service,1,11,81,93,87.1,1.08,0.86
Hotel Parc Saint Severin Esprit de France,Value,0,4,11,15,73.33,0.0,0.733
Hotel Parc Saint Severin Esprit de France,Wellness,0,0,1,1,100.0,0.0,1.0
Hotel Parco di Sch nbrunn Vienna,Cleanliness,3,1,10,14,71.43,21.43,0.5
Hotel Parco di Sch nbrunn Vienna,Facilities,10,4,8,22,36.36,45.45,-0.091
Hotel Parco di Sch nbrunn Vienna,Food,11,4,20,35,57.14,31.43,0.257
Hotel Parco di Sch nbrunn Vienna,Location,5,7,11,23,47.83,21.74,0.261
Hotel Parco di Sch nbrunn Vienna,Room,11,6,17,34,50.0,32.35,0.176
Hotel Parco di Sch nbrunn Vienna,Staff_Service,11,4,12,27,44.44,40.74,0.037
Hotel Parco di Sch nbrunn Vienna,Value,2,2,4,8,50.0,25.0,0.25
Hotel Park Lane Paris,Cleanliness,1,9,20,30,66.67,3.33,0.633
Hotel Park Lane Paris,Facilities,1,8,14,23,60.87,4.35,0.565
Hotel Park Lane Paris,Food,2,11,33,46,71.74,4.35,0.674
Hotel Park Lane Paris,Location,2,22,53,77,68.83,2.6,0.662
Hotel Park Lane Paris,Room,9,23,53,85,62.35,10.59,0.518
Hotel Park Lane Paris,Staff_Service,5,19,70,94,74.47,5.32,0.691
Hotel Park Lane Paris,Value,1,4,11,16,68.75,6.25,0.625
Hotel Park Villa,Cleanliness,0,0,5,5,100.0,0.0,1.0
Hotel Park Villa,Facilities,0,3,16,19,84.21,0.0,0.842
Hotel Park Villa,Food,1,6,30,37,81.08,2.7,0.784
Hotel Park Villa,Location,0,4,23,27,85.19,0.0,0.852
Hotel Park Villa,Room,1,6,15,22,68.18,4.55,0.636
Hotel Park Villa,Staff_Service,0,3,24,27,88.89,0.0,0.889
Hotel Park Villa,Value,0,0,3,3,100.0,0.0,1.0
Hotel Pension Baron am Schottentor,Cleanliness,5,22,30,57,52.63,8.77,0.439
Hotel Pension Baron am Schottentor,Facilities,4,21,17,42,40.48,9.52,0.31
Hotel Pension Baron am Schottentor,Food,5,19,16,40,40.0,12.5,0.275
Hotel Pension Baron am Schottentor,Location,16,56,77,149,51.68,10.74,0.409
Hotel Pension Baron am Schottentor,Room,15,52,60,127,47.24,11.81,0.354
Hotel Pension Baron am Schottentor,Staff_Service,5,19,56,80,70.0,6.25,0.638
Hotel Pension Baron am Schottentor,Value,3,11,19,33,57.58,9.09,0.485
Hotel Pierre Milano,Cleanliness,1,4,6,11,54.55,9.09,0.455
Hotel Pierre Milano,Facilities,3,6,2,11,18.18,27.27,-0.091
Hotel Pierre Milano,Food,2,6,12,20,60.0,10.0,0.5
Hotel Pierre Milano,Location,5,9,8,22,36.36,22.73,0.136
Hotel Pierre Milano,Room,7,16,10,33,30.3,21.21,0.091
Hotel Pierre Milano,Staff_Service,10,9,13,32,40.62,31.25,0.094
Hotel Pierre Milano,Value,3,2,3,8,37.5,37.5,0.0
Hotel Pierre Milano,Wellness,1,1,1,3,33.33,33.33,0.0
Hotel Plaza Athenee Paris,Facilities,0,0,1,1,100.0,0.0,1.0
Hotel Plaza Athenee Paris,Food,0,4,5,9,55.56,0.0,0.556
Hotel Plaza Athenee Paris,Location,0,2,2,4,50.0,0.0,0.5
Hotel Plaza Athenee Paris,Room,1,4,8,13,61.54,7.69,0.538
Hotel Plaza Athenee Paris,Staff_Service,0,2,9,11,81.82,0.0,0.818
Hotel Plaza Athenee Paris,Value,0,0,5,5,100.0,0.0,1.0
Hotel Plaza Elys es,Cleanliness,0,6,19,25,76.0,0.0,0.76
Hotel Plaza Elys es,Facilities,1,4,6,11,54.55,9.09,0.455
Hotel Plaza Elys es,Food,0,4,21,25,84.0,0.0,0.84
Hotel Plaza Elys es,Location,1,11,39,51,76.47,1.96,0.745
Hotel Plaza Elys es,Room,5,11,31,47,65.96,10.64,0.553
Hotel Plaza Elys es,Staff_Service,0,10,35,45,77.78,0.0,0.778
Hotel Plaza Elys es,Value,1,1,12,14,85.71,7.14,0.786
Hotel Portello Gruppo Minihotel,Cleanliness,1,10,11,22,50.0,4.55,0.455
Hotel Portello Gruppo Minihotel,Facilities,0,9,6,15,40.0,0.0,0.4
Hotel Portello Gruppo Minihotel,Food,0,17,15,32,46.88,0.0,0.469
Hotel Portello Gruppo Minihotel,Location,0,14,15,29,51.72,0.0,0.517
Hotel Portello Gruppo Minihotel,Room,2,11,6,19,31.58,10.53,0.211
Hotel Portello Gruppo Minihotel,Staff_Service,1,13,18,32,56.25,3.12,0.531
Hotel Portello Gruppo Minihotel,Value,0,5,6,11,54.55,0.0,0.545
Hotel Principe Di Savoia,Cleanliness,1,3,11,15,73.33,6.67,0.667
Hotel Principe Di Savoia,Facilities,0,4,23,27,85.19,0.0,0.852
Hotel Principe Di Savoia,Food,8,13,76,97,78.35,8.25,0.701
Hotel Principe Di Savoia,Location,2,10,40,52,76.92,3.85,0.731
Hotel Principe Di Savoia,Room,5,21,65,91,71.43,5.49,0.659
Hotel Principe Di Savoia,Staff_Service,5,16,114,135,84.44,3.7,0.807
Hotel Principe Di Savoia,Value,3,6,22,31,70.97,9.68,0.613
Hotel Principe Di Savoia,Wellness,0,5,21,26,80.77,0.0,0.808
Hotel Prinz Eugen,Cleanliness,5,22,91,118,77.12,4.24,0.729
Hotel Prinz Eugen,Facilities,3,27,46,76,60.53,3.95,0.566
Hotel Prinz Eugen,Food,15,71,200,286,69.93,5.24,0.647
Hotel Prinz Eugen,Location,15,84,206,305,67.54,4.92,0.626
Hotel Prinz Eugen,Room,19,64,154,237,64.98,8.02,0.57
Hotel Prinz Eugen,Staff_Service,14,34,147,195,75.38,7.18,0.682
Hotel Prinz Eugen,Value,4,15,41,60,68.33,6.67,0.617
Hotel Pulitzer,Cleanliness,1,17,26,44,59.09,2.27,0.568
Hotel Pulitzer,Facilities,3,12,26,41,63.41,7.32,0.561
Hotel Pulitzer,Food,10,29,132,171,77.19,5.85,0.713
Hotel Pulitzer,Location,12,66,227,305,74.43,3.93,0.705
Hotel Pulitzer,Room,17,49,119,185,64.32,9.19,0.551
Hotel Pulitzer,Staff_Service,10,44,205,259,79.15,3.86,0.753
Hotel Pulitzer,Value,2,14,27,43,62.79,4.65,0.581
Hotel Pulitzer,Wellness,1,3,14,18,77.78,5.56,0.722
Hotel Pulitzer Paris,Cleanliness,3,7,26,36,72.22,8.33,0.639
Hotel Pulitzer Paris,Facilities,3,10,8,21,38.1,14.29,0.238
Hotel Pulitzer Paris,Food,13,26,59,98,60.2,13.27,0.469
Hotel Pulitzer Paris,Location,7,21,55,83,66.27,8.43,0.578
Hotel Pulitzer Paris,Room,17,35,50,102,49.02,16.67,0.324
Hotel Pulitzer Paris,Staff_Service,12,21,64,97,65.98,12.37,0.536
Hotel Pulitzer Paris,Value,4,4,14,22,63.64,18.18,0.455
Hotel Pulitzer Paris,Wellness,0,0,5,5,100.0,0.0,1.0
Hotel Raffaello,Cleanliness,2,9,16,27,59.26,7.41,0.519
Hotel Raffaello,Facilities,4,5,10,19,52.63,21.05,0.316
Hotel Raffaello,Food,3,13,24,40,60.0,7.5,0.525
Hotel Raffaello,Location,0,6,14,20,70.0,0.0,0.7
Hotel Raffaello,Room,6,11,24,41,58.54,14.63,0.439
Hotel Raffaello,Staff_Service,4,12,29,45,64.44,8.89,0.556
Hotel Raffaello,Value,2,3,7,12,58.33,16.67,0.417
Hotel Raffaello,Wellness,0,1,2,3,66.67,0.0,0.667
Hotel Rathaus Wein Design,Cleanliness,1,4,43,48,89.58,2.08,0.875
Hotel Rathaus Wein Design,Facilities,1,3,38,42,90.48,2.38,0.881
Hotel Rathaus Wein Design,Food,3,15,126,144,87.5,2.08,0.854
Hotel Rathaus Wein Design,Location,0,11,115,126,91.27,0.0,0.913
Hotel Rathaus Wein Design,Room,1,14,141,156,90.38,0.64,0.897
Hotel Rathaus Wein Design,Staff_Service,3,13,194,210,92.38,1.43,0.91
Hotel Rathaus Wein Design,Value,1,6,17,24,70.83,4.17,0.667
Hotel Rathaus Wein Design,Wellness,0,0,3,3,100.0,0.0,1.0
Hotel Regina,Cleanliness,17,39,105,161,65.22,10.56,0.547
Hotel Regina,Facilities,12,38,64,114,56.14,10.53,0.456
Hotel Regina,Food,27,97,221,345,64.06,7.83,0.562
Hotel Regina,Location,37,174,356,567,62.79,6.53,0.563
Hotel Regina,Room,48,144,248,440,56.36,10.91,0.455
Hotel Regina,Staff_Service,30,95,317,442,71.72,6.79,0.649
Hotel Regina,Value,13,32,36,81,44.44,16.05,0.284
Hotel Regina,Wellness,0,3,9,12,75.0,0.0,0.75
Hotel Rekord,Cleanliness,2,3,6,11,54.55,18.18,0.364
Hotel Rekord,Facilities,1,5,2,8,25.0,12.5,0.125
Hotel Rekord,Food,2,6,14,22,63.64,9.09,0.545
Hotel Rekord,Location,3,9,16,28,57.14,10.71,0.464
Hotel Rekord,Room,4,13,17,34,50.0,11.76,0.382
Hotel Rekord,Staff_Service,2,8,17,27,62.96,7.41,0.556
Hotel Rekord,Value,2,1,6,9,66.67,22.22,0.444
Hotel Roemer Amsterdam,Cleanliness,4,12,29,45,64.44,8.89,0.556
Hotel Roemer Amsterdam,Facilities,4,8,18,30,60.0,13.33,0.467
Hotel Roemer Amsterdam,Food,0,10,49,59,83.05,0.0,0.831
Hotel Roemer Amsterdam,Location,11,23,108,142,76.06,7.75,0.683
Hotel Roemer Amsterdam,Room,23,41,112,176,63.64,13.07,0.506
Hotel Roemer Amsterdam,Staff_Service,14,23,118,155,76.13,9.03,0.671
Hotel Roemer Amsterdam,Value,2,7,13,22,59.09,9.09,0.5
Hotel Roemer Amsterdam,Wellness,0,4,5,9,55.56,0.0,0.556
Hotel Romana Residence,Cleanliness,10,32,32,74,43.24,13.51,0.297
Hotel Romana Residence,Facilities,17,33,28,78,35.9,21.79,0.141
Hotel Romana Residence,Food,21,51,59,131,45.04,16.03,0.29
Hotel Romana Residence,Location,21,74,95,190,50.0,11.05,0.389
Hotel Romana Residence,Room,29,75,72,176,40.91,16.48,0.244
Hotel Romana Residence,Staff_Service,21,34,65,120,54.17,17.5,0.367
Hotel Romana Residence,Value,9,15,18,42,42.86,21.43,0.214
Hotel Romana Residence,Wellness,1,1,1,3,33.33,33.33,0.0
Hotel Ronda Lesseps,Cleanliness,3,6,8,17,47.06,17.65,0.294
Hotel Ronda Lesseps,Facilities,0,6,4,10,40.0,0.0,0.4
Hotel Ronda Lesseps,Food,7,9,18,34,52.94,20.59,0.324
Hotel Ronda Lesseps,Location,6,9,24,39,61.54,15.38,0.462
Hotel Ronda Lesseps,Room,7,15,24,46,52.17,15.22,0.37
Hotel Ronda Lesseps,Staff_Service,2,7,21,30,70.0,6.67,0.633
Hotel Ronda Lesseps,Value,0,6,5,11,45.45,0.0,0.455
Hotel Ronda Lesseps,Wellness,0,1,1,2,50.0,0.0,0.5
Hotel Royal,Cleanliness,0,4,6,10,60.0,0.0,0.6
Hotel Royal,Facilities,1,2,15,18,83.33,5.56,0.778
Hotel Royal,Food,3,15,53,71,74.65,4.23,0.704
Hotel Royal,Location,4,28,73,105,69.52,3.81,0.657
Hotel Royal,Room,6,19,43,68,63.24,8.82,0.544
Hotel Royal,Staff_Service,3,16,52,71,73.24,4.23,0.69
Hotel Royal,Value,0,3,11,14,78.57,0.0,0.786
Hotel Royal Elys es,Cleanliness,1,0,0,1,0.0,100.0,-1.0
Hotel Royal Elys es,Facilities,2,4,0,6,0.0,33.33,-0.333
Hotel Royal Elys es,Food,4,3,1,8,12.5,50.0,-0.375
Hotel Royal Elys es,Location,7,13,8,28,28.57,25.0,0.036
Hotel Royal Elys es,Room,6,10,7,23,30.43,26.09,0.043
Hotel Royal Elys es,Staff_Service,4,3,7,14,50.0,28.57,0.214
Hotel Royal Elys es,Value,2,0,1,3,33.33,66.67,-0.333
Hotel SB Diagonal Zero Barcelona 4 Sup,Cleanliness,15,47,89,151,58.94,9.93,0.49
Hotel SB Diagonal Zero Barcelona 4 Sup,Facilities,12,48,79,139,56.83,8.63,0.482
Hotel SB Diagonal Zero Barcelona 4 Sup,Food,28,92,172,292,58.9,9.59,0.493
Hotel SB Diagonal Zero Barcelona 4 Sup,Location,26,108,184,318,57.86,8.18,0.497
Hotel SB Diagonal Zero Barcelona 4 Sup,Room,55,130,215,400,53.75,13.75,0.4
Hotel SB Diagonal Zero Barcelona 4 Sup,Staff_Service,54,108,251,413,60.77,13.08,0.477
Hotel SB Diagonal Zero Barcelona 4 Sup,Value,17,37,49,103,47.57,16.5,0.311
Hotel SB Diagonal Zero Barcelona 4 Sup,Wellness,16,79,151,246,61.38,6.5,0.549
Hotel SB Icaria Barcelona,Cleanliness,17,48,97,162,59.88,10.49,0.494
Hotel SB Icaria Barcelona,Facilities,18,62,68,148,45.95,12.16,0.338
Hotel SB Icaria Barcelona,Food,28,106,175,309,56.63,9.06,0.476
Hotel SB Icaria Barcelona,Location,25,151,234,410,57.07,6.1,0.51
Hotel SB Icaria Barcelona,Room,45,121,169,335,50.45,13.43,0.37
Hotel SB Icaria Barcelona,Staff_Service,32,112,232,376,61.7,8.51,0.532
Hotel SB Icaria Barcelona,Value,17,37,57,111,51.35,15.32,0.36
Hotel SB Icaria Barcelona,Wellness,15,68,124,207,59.9,7.25,0.527
Hotel Sacher Wien,Cleanliness,0,0,6,6,100.0,0.0,1.0
Hotel Sacher Wien,Facilities,0,0,5,5,100.0,0.0,1.0
Hotel Sacher Wien,Food,0,3,41,44,93.18,0.0,0.932
Hotel Sacher Wien,Location,0,7,38,45,84.44,0.0,0.844
Hotel Sacher Wien,Room,2,7,31,40,77.5,5.0,0.725
Hotel Sacher Wien,Staff_Service,2,5,68,75,90.67,2.67,0.88
Hotel Sacher Wien,Value,0,2,11,13,84.62,0.0,0.846
Hotel Sacher Wien,Wellness,0,0,9,9,100.0,0.0,1.0
Hotel Saint Dominique,Cleanliness,0,1,16,17,94.12,0.0,0.941
Hotel Saint Dominique,Facilities,1,5,11,17,64.71,5.88,0.588
Hotel Saint Dominique,Food,1,2,12,15,80.0,6.67,0.733
Hotel Saint Dominique,Location,2,15,59,76,77.63,2.63,0.75
Hotel Saint Dominique,Room,5,15,43,63,68.25,7.94,0.603
Hotel Saint Dominique,Staff_Service,1,9,46,56,82.14,1.79,0.804
Hotel Saint Dominique,Value,1,2,11,14,78.57,7.14,0.714
Hotel Saint Dominique,Wellness,0,0,1,1,100.0,0.0,1.0
Hotel Saint Petersbourg Opera,Cleanliness,0,15,69,84,82.14,0.0,0.821
Hotel Saint Petersbourg Opera,Facilities,2,14,38,54,70.37,3.7,0.667
Hotel Saint Petersbourg Opera,Food,5,19,60,84,71.43,5.95,0.655
Hotel Saint Petersbourg Opera,Location,9,39,178,226,78.76,3.98,0.748
Hotel Saint Petersbourg Opera,Room,7,41,147,195,75.38,3.59,0.718
Hotel Saint Petersbourg Opera,Staff_Service,5,28,147,180,81.67,2.78,0.789
Hotel Saint Petersbourg Opera,Value,3,9,38,50,76.0,6.0,0.7
Hotel Saint Petersbourg Opera,Wellness,0,1,2,3,66.67,0.0,0.667
Hotel Sanpi Milano,Cleanliness,0,7,14,21,66.67,0.0,0.667
Hotel Sanpi Milano,Facilities,1,4,5,10,50.0,10.0,0.4
Hotel Sanpi Milano,Food,6,26,54,86,62.79,6.98,0.558
Hotel Sanpi Milano,Location,3,25,41,69,59.42,4.35,0.551
Hotel Sanpi Milano,Room,8,28,45,81,55.56,9.88,0.457
Hotel Sanpi Milano,Staff_Service,2,21,64,87,73.56,2.3,0.713
Hotel Sanpi Milano,Value,1,3,7,11,63.64,9.09,0.545
Hotel Sanpi Milano,Wellness,0,0,2,2,100.0,0.0,1.0
Hotel Sans Souci Wien,Cleanliness,2,1,26,29,89.66,6.9,0.828
Hotel Sans Souci Wien,Facilities,2,1,28,31,90.32,6.45,0.839
Hotel Sans Souci Wien,Food,2,7,105,114,92.11,1.75,0.904
Hotel Sans Souci Wien,Location,3,9,86,98,87.76,3.06,0.847
Hotel Sans Souci Wien,Room,6,8,80,94,85.11,6.38,0.787
Hotel Sans Souci Wien,Staff_Service,4,6,148,158,93.67,2.53,0.911
Hotel Sans Souci Wien,Value,3,3,9,15,60.0,20.0,0.4
Hotel Sans Souci Wien,Wellness,2,5,54,61,88.52,3.28,0.852
Hotel Santa Marta Suites,Cleanliness,0,0,18,18,100.0,0.0,1.0
Hotel Santa Marta Suites,Facilities,1,5,15,21,71.43,4.76,0.667
Hotel Santa Marta Suites,Food,4,7,44,55,80.0,7.27,0.727
Hotel Santa Marta Suites,Location,4,11,77,92,83.7,4.35,0.793
Hotel Santa Marta Suites,Room,5,15,65,85,76.47,5.88,0.706
Hotel Santa Marta Suites,Staff_Service,4,12,101,117,86.32,3.42,0.829
Hotel Santa Marta Suites,Value,2,4,15,21,71.43,9.52,0.619
Hotel Schani Wien,Cleanliness,4,21,60,85,70.59,4.71,0.659
Hotel Schani Wien,Facilities,5,19,47,71,66.2,7.04,0.592
Hotel Schani Wien,Food,10,19,108,137,78.83,7.3,0.715
Hotel Schani Wien,Location,7,48,173,228,75.88,3.07,0.728
Hotel Schani Wien,Room,17,41,129,187,68.98,9.09,0.599
Hotel Schani Wien,Staff_Service,11,20,119,150,79.33,7.33,0.72
Hotel Schani Wien,Value,6,11,27,44,61.36,13.64,0.477
Hotel Schani Wien,Wellness,0,1,2,3,66.67,0.0,0.667
Hotel Schild,Cleanliness,7,7,11,25,44.0,28.0,0.16
Hotel Schild,Facilities,6,11,8,25,32.0,24.0,0.08
Hotel Schild,Food,5,10,22,37,59.46,13.51,0.459
Hotel Schild,Location,2,13,15,30,50.0,6.67,0.433
Hotel Schild,Room,10,19,23,52,44.23,19.23,0.25
Hotel Schild,Staff_Service,7,16,20,43,46.51,16.28,0.302
Hotel Schild,Value,3,5,4,12,33.33,25.0,0.083
Hotel Scribe Paris Opera by Sofitel,Cleanliness,0,1,3,4,75.0,0.0,0.75
Hotel Scribe Paris Opera by Sofitel,Facilities,0,2,8,10,80.0,0.0,0.8
Hotel Scribe Paris Opera by Sofitel,Food,3,6,21,30,70.0,10.0,0.6
Hotel Scribe Paris Opera by Sofitel,Location,3,17,48,68,70.59,4.41,0.662
Hotel Scribe Paris Opera by Sofitel,Room,5,14,45,64,70.31,7.81,0.625
Hotel Scribe Paris Opera by Sofitel,Staff_Service,5,9,56,70,80.0,7.14,0.729
Hotel Scribe Paris Opera by Sofitel,Value,1,3,8,12,66.67,8.33,0.583
Hotel Scribe Paris Opera by Sofitel,Wellness,2,1,4,7,57.14,28.57,0.286
Hotel Serhs Rivoli Rambla,Cleanliness,6,17,29,52,55.77,11.54,0.442
Hotel Serhs Rivoli Rambla,Facilities,5,9,23,37,62.16,13.51,0.486
Hotel Serhs Rivoli Rambla,Food,3,21,39,63,61.9,4.76,0.571
Hotel Serhs Rivoli Rambla,Location,29,73,137,239,57.32,12.13,0.452
Hotel Serhs Rivoli Rambla,Room,27,67,96,190,50.53,14.21,0.363
Hotel Serhs Rivoli Rambla,Staff_Service,19,27,90,136,66.18,13.97,0.522
Hotel Serhs Rivoli Rambla,Value,8,9,20,37,54.05,21.62,0.324
Hotel Serhs Rivoli Rambla,Wellness,1,2,2,5,40.0,20.0,0.2
Hotel Seven One Seven,Cleanliness,0,0,1,1,100.0,0.0,1.0
Hotel Seven One Seven,Facilities,1,0,1,2,50.0,50.0,0.0
Hotel Seven One Seven,Food,1,2,1,4,25.0,25.0,0.0
Hotel Seven One Seven,Location,0,2,6,8,75.0,0.0,0.75
Hotel Seven One Seven,Room,1,1,3,5,60.0,20.0,0.4
Hotel Seven One Seven,Staff_Service,2,3,7,12,58.33,16.67,0.417
Hotel Seven One Seven,Value,0,1,1,2,50.0,0.0,0.5
Hotel Sezz Paris,Cleanliness,0,0,2,2,100.0,0.0,1.0
Hotel Sezz Paris,Food,0,1,2,3,66.67,0.0,0.667
Hotel Sezz Paris,Location,0,1,6,7,85.71,0.0,0.857
Hotel Sezz Paris,Room,1,4,10,15,66.67,6.67,0.6
Hotel Sezz Paris,Staff_Service,2,1,11,14,78.57,14.29,0.643
Hotel Sezz Paris,Value,0,0,2,2,100.0,0.0,1.0
Hotel Silver,Cleanliness,0,1,5,6,83.33,0.0,0.833
Hotel Silver,Facilities,1,3,6,10,60.0,10.0,0.5
Hotel Silver,Food,1,5,11,17,64.71,5.88,0.588
Hotel Silver,Location,0,2,2,4,50.0,0.0,0.5
Hotel Silver,Room,0,2,11,13,84.62,0.0,0.846
Hotel Silver,Staff_Service,1,3,8,12,66.67,8.33,0.583
Hotel Silver,Value,0,1,1,2,50.0,0.0,0.5
Hotel Silver,Wellness,0,1,0,1,0.0,0.0,0.0
Hotel Spa La Belle Juliette,Cleanliness,0,2,5,7,71.43,0.0,0.714
Hotel Spa La Belle Juliette,Facilities,0,1,4,5,80.0,0.0,0.8
Hotel Spa La Belle Juliette,Food,1,4,14,19,73.68,5.26,0.684
Hotel Spa La Belle Juliette,Location,2,7,31,40,77.5,5.0,0.725
Hotel Spa La Belle Juliette,Room,3,7,24,34,70.59,8.82,0.618
Hotel Spa La Belle Juliette,Staff_Service,2,6,26,34,76.47,5.88,0.706
Hotel Spa La Belle Juliette,Value,0,3,5,8,62.5,0.0,0.625
Hotel Spa La Belle Juliette,Wellness,0,2,10,12,83.33,0.0,0.833
Hotel Spa Villa Olimpica Suites,Cleanliness,15,38,64,117,54.7,12.82,0.419
Hotel Spa Villa Olimpica Suites,Facilities,8,36,69,113,61.06,7.08,0.54
Hotel Spa Villa Olimpica Suites,Food,12,57,123,192,64.06,6.25,0.578
Hotel Spa Villa Olimpica Suites,Location,15,73,120,208,57.69,7.21,0.505
Hotel Spa Villa Olimpica Suites,Room,40,83,136,259,52.51,15.44,0.371
Hotel Spa Villa Olimpica Suites,Staff_Service,29,59,134,222,60.36,13.06,0.473
Hotel Spa Villa Olimpica Suites,Value,9,21,26,56,46.43,16.07,0.304
Hotel Spa Villa Olimpica Suites,Wellness,18,62,107,187,57.22,9.63,0.476
Hotel Spadari Al Duomo,Cleanliness,0,1,27,28,96.43,0.0,0.964
Hotel Spadari Al Duomo,Facilities,0,4,17,21,80.95,0.0,0.81
Hotel Spadari Al Duomo,Food,0,7,115,122,94.26,0.0,0.943
Hotel Spadari Al Duomo,Location,0,12,129,141,91.49,0.0,0.915
Hotel Spadari Al Duomo,Room,2,17,81,100,81.0,2.0,0.79
Hotel Spadari Al Duomo,Staff_Service,1,14,161,176,91.48,0.57,0.909
Hotel Spadari Al Duomo,Value,0,3,19,22,86.36,0.0,0.864
Hotel Spadari Al Duomo,Wellness,0,0,3,3,100.0,0.0,1.0
Hotel Square,Cleanliness,0,2,1,3,33.33,0.0,0.333
Hotel Square,Facilities,0,2,5,7,71.43,0.0,0.714
Hotel Square,Food,0,4,4,8,50.0,0.0,0.5
Hotel Square,Location,0,3,4,7,57.14,0.0,0.571
Hotel Square,Room,0,4,11,15,73.33,0.0,0.733
Hotel Square,Staff_Service,0,4,15,19,78.95,0.0,0.789
Hotel Square,Value,0,1,1,2,50.0,0.0,0.5
Hotel Square,Wellness,0,0,1,1,100.0,0.0,1.0
Hotel Stefanie,Cleanliness,4,14,117,135,86.67,2.96,0.837
Hotel Stefanie,Facilities,3,16,66,85,77.65,3.53,0.741
Hotel Stefanie,Food,17,61,479,557,86.0,3.05,0.829
Hotel Stefanie,Location,7,38,287,332,86.45,2.11,0.843
Hotel Stefanie,Room,20,54,268,342,78.36,5.85,0.725
Hotel Stefanie,Staff_Service,12,60,502,574,87.46,2.09,0.854
Hotel Stefanie,Value,3,12,62,77,80.52,3.9,0.766
Hotel Stefanie,Wellness,0,1,4,5,80.0,0.0,0.8
Hotel Stendhal Place Vend me Paris MGallery by Sofitel,Cleanliness,0,0,3,3,100.0,0.0,1.0
Hotel Stendhal Place Vend me Paris MGallery by Sofitel,Facilities,0,0,2,2,100.0,0.0,1.0
Hotel Stendhal Place Vend me Paris MGallery by Sofitel,Food,0,0,8,8,100.0,0.0,1.0
Hotel Stendhal Place Vend me Paris MGallery by Sofitel,Location,0,3,17,20,85.0,0.0,0.85
Hotel Stendhal Place Vend me Paris MGallery by Sofitel,Room,0,3,13,16,81.25,0.0,0.812
Hotel Stendhal Place Vend me Paris MGallery by Sofitel,Staff_Service,0,1,11,12,91.67,0.0,0.917
Hotel Stendhal Place Vend me Paris MGallery by Sofitel,Value,0,1,4,5,80.0,0.0,0.8
Hotel Stendhal Place Vend me Paris MGallery by Sofitel,Wellness,0,1,0,1,0.0,0.0,0.0
Hotel Sunflower,Cleanliness,4,3,7,14,50.0,28.57,0.214
Hotel Sunflower,Facilities,0,8,3,11,27.27,0.0,0.273
Hotel Sunflower,Food,6,10,13,29,44.83,20.69,0.241
Hotel Sunflower,Location,1,7,6,14,42.86,7.14,0.357
Hotel Sunflower,Room,8,12,7,27,25.93,29.63,-0.037
Hotel Sunflower,Staff_Service,3,3,7,13,53.85,23.08,0.308
Hotel Sunflower,Value,0,2,2,4,50.0,0.0,0.5
Hotel The Peninsula Paris,Cleanliness,1,0,4,5,80.0,20.0,0.6
Hotel The Peninsula Paris,Facilities,0,0,1,1,100.0,0.0,1.0
Hotel The Peninsula Paris,Food,1,2,13,16,81.25,6.25,0.75
Hotel The Peninsula Paris,Location,1,0,6,7,85.71,14.29,0.714
Hotel The Peninsula Paris,Room,4,1,15,20,75.0,20.0,0.55
Hotel The Peninsula Paris,Staff_Service,3,2,30,35,85.71,8.57,0.771
Hotel The Peninsula Paris,Value,2,1,1,4,25.0,50.0,-0.25
Hotel The Peninsula Paris,Wellness,0,0,4,4,100.0,0.0,1.0
Hotel The Serras,Cleanliness,0,1,9,10,90.0,0.0,0.9
Hotel The Serras,Facilities,1,0,13,14,92.86,7.14,0.857
Hotel The Serras,Food,1,2,82,85,96.47,1.18,0.953
Hotel The Serras,Location,1,4,86,91,94.51,1.1,0.934
Hotel The Serras,Room,0,4,62,66,93.94,0.0,0.939
Hotel The Serras,Staff_Service,2,3,160,165,96.97,1.21,0.958
Hotel The Serras,Value,0,1,19,20,95.0,0.0,0.95
Hotel The Serras,Wellness,0,0,24,24,100.0,0.0,1.0
Hotel Tiziano Park Vita Parcour Gruppo MiniHotels,Cleanliness,1,4,9,14,64.29,7.14,0.571
Hotel Tiziano Park Vita Parcour Gruppo MiniHotels,Facilities,2,5,8,15,53.33,13.33,0.4
Hotel Tiziano Park Vita Parcour Gruppo MiniHotels,Food,4,8,12,24,50.0,16.67,0.333
Hotel Tiziano Park Vita Parcour Gruppo MiniHotels,Location,1,6,20,27,74.07,3.7,0.704
Hotel Tiziano Park Vita Parcour Gruppo MiniHotels,Room,5,12,13,30,43.33,16.67,0.267
Hotel Tiziano Park Vita Parcour Gruppo MiniHotels,Staff_Service,0,8,11,19,57.89,0.0,0.579
Hotel Tiziano Park Vita Parcour Gruppo MiniHotels,Value,1,2,1,4,25.0,25.0,0.0
Hotel Tocq,Cleanliness,0,1,7,8,87.5,0.0,0.875
Hotel Tocq,Facilities,0,3,4,7,57.14,0.0,0.571
Hotel Tocq,Food,0,6,16,22,72.73,0.0,0.727
Hotel Tocq,Location,0,7,19,26,73.08,0.0,0.731
Hotel Tocq,Room,0,7,3,10,30.0,0.0,0.3
Hotel Tocq,Staff_Service,0,5,11,16,68.75,0.0,0.688
Hotel Tocq,Value,0,1,0,1,0.0,0.0,0.0
Hotel Topazz,Cleanliness,2,2,8,12,66.67,16.67,0.5
Hotel Topazz,Facilities,3,6,20,29,68.97,10.34,0.586
Hotel Topazz,Food,5,17,33,55,60.0,9.09,0.509
Hotel Topazz,Location,10,24,71,105,67.62,9.52,0.581
Hotel Topazz,Room,7,20,45,72,62.5,9.72,0.528
Hotel Topazz,Staff_Service,5,16,69,90,76.67,5.56,0.711
Hotel Topazz,Value,4,6,9,19,47.37,21.05,0.263
Hotel Topazz,Wellness,1,1,1,3,33.33,33.33,0.0
Hotel Tour d Auvergne Opera,Cleanliness,1,0,2,3,66.67,33.33,0.333
Hotel Tour d Auvergne Opera,Facilities,1,3,5,9,55.56,11.11,0.444
Hotel Tour d Auvergne Opera,Food,0,0,5,5,100.0,0.0,1.0
Hotel Tour d Auvergne Opera,Location,2,2,10,14,71.43,14.29,0.571
Hotel Tour d Auvergne Opera,Room,3,3,9,15,60.0,20.0,0.4
Hotel Tour d Auvergne Opera,Staff_Service,1,2,14,17,82.35,5.88,0.765
Hotel Tour d Auvergne Opera,Value,0,2,2,4,50.0,0.0,0.5
Hotel Trianon Rive Gauche,Cleanliness,0,8,19,27,70.37,0.0,0.704
Hotel Trianon Rive Gauche,Facilities,2,15,22,39,56.41,5.13,0.513
Hotel Trianon Rive Gauche,Food,1,14,54,69,78.26,1.45,0.768
Hotel Trianon Rive Gauche,Location,5,39,93,137,67.88,3.65,0.642
Hotel Trianon Rive Gauche,Room,6,38,77,121,63.64,4.96,0.587
Hotel Trianon Rive Gauche,Staff_Service,5,29,72,106,67.92,4.72,0.632
Hotel Trianon Rive Gauche,Value,3,6,8,17,47.06,17.65,0.294
Hotel Trianon Rive Gauche,Wellness,0,0,1,1,100.0,0.0,1.0
Hotel V Fizeaustraat,Cleanliness,0,1,46,47,97.87,0.0,0.979
Hotel V Fizeaustraat,Facilities,1,2,32,35,91.43,2.86,0.886
Hotel V Fizeaustraat,Food,4,10,262,276,94.93,1.45,0.935
Hotel V Fizeaustraat,Location,2,5,126,133,94.74,1.5,0.932
Hotel V Fizeaustraat,Room,4,7,137,148,92.57,2.7,0.899
Hotel V Fizeaustraat,Staff_Service,2,9,211,222,95.05,0.9,0.941
Hotel V Fizeaustraat,Value,0,2,25,27,92.59,0.0,0.926
Hotel V Fizeaustraat,Wellness,0,0,12,12,100.0,0.0,1.0
Hotel V Nesplein,Cleanliness,3,5,56,64,87.5,4.69,0.828
Hotel V Nesplein,Facilities,2,8,27,37,72.97,5.41,0.676
Hotel V Nesplein,Food,5,21,227,253,89.72,1.98,0.877
Hotel V Nesplein,Location,5,30,243,278,87.41,1.8,0.856
Hotel V Nesplein,Room,9,30,189,228,82.89,3.95,0.789
Hotel V Nesplein,Staff_Service,7,22,288,317,90.85,2.21,0.886
Hotel V Nesplein,Value,3,5,32,40,80.0,7.5,0.725
Hotel V Nesplein,Wellness,0,0,8,8,100.0,0.0,1.0
Hotel VIU Milan,Cleanliness,0,0,9,9,100.0,0.0,1.0
Hotel VIU Milan,Facilities,1,1,5,7,71.43,14.29,0.571
Hotel VIU Milan,Food,2,5,13,20,65.0,10.0,0.55
Hotel VIU Milan,Location,1,2,13,16,81.25,6.25,0.75
Hotel VIU Milan,Room,2,4,14,20,70.0,10.0,0.6
Hotel VIU Milan,Staff_Service,2,5,19,26,73.08,7.69,0.654
Hotel VIU Milan,Value,0,3,0,3,0.0,0.0,0.0
Hotel VIU Milan,Wellness,1,2,14,17,82.35,5.88,0.765
Hotel Verneuil Saint Germain,Cleanliness,0,2,6,8,75.0,0.0,0.75
Hotel Verneuil Saint Germain,Facilities,1,3,6,10,60.0,10.0,0.5
Hotel Verneuil Saint Germain,Food,1,1,11,13,84.62,7.69,0.769
Hotel Verneuil Saint Germain,Location,1,12,37,50,74.0,2.0,0.72
Hotel Verneuil Saint Germain,Room,3,13,18,34,52.94,8.82,0.441
Hotel Verneuil Saint Germain,Staff_Service,2,5,37,44,84.09,4.55,0.795
Hotel Verneuil Saint Germain,Value,1,2,2,5,40.0,20.0,0.2
Hotel ViennArt am Museumsquartier,Cleanliness,5,20,56,81,69.14,6.17,0.63
Hotel ViennArt am Museumsquartier,Facilities,19,25,55,99,55.56,19.19,0.364
Hotel ViennArt am Museumsquartier,Food,15,27,97,139,69.78,10.79,0.59
Hotel ViennArt am Museumsquartier,Location,22,72,189,283,66.78,7.77,0.59
Hotel ViennArt am Museumsquartier,Room,40,81,112,233,48.07,17.17,0.309
Hotel ViennArt am Museumsquartier,Staff_Service,14,42,119,175,68.0,8.0,0.6
Hotel ViennArt am Museumsquartier,Value,13,17,39,69,56.52,18.84,0.377
Hotel ViennArt am Museumsquartier,Wellness,1,1,1,3,33.33,33.33,0.0
Hotel Vienna,Cleanliness,6,11,12,29,41.38,20.69,0.207
Hotel Vienna,Facilities,8,14,11,33,33.33,24.24,0.091
Hotel Vienna,Food,7,16,23,46,50.0,15.22,0.348
Hotel Vienna,Location,9,19,24,52,46.15,17.31,0.288
Hotel Vienna,Room,15,22,42,79,53.16,18.99,0.342
Hotel Vienna,Staff_Service,12,16,34,62,54.84,19.35,0.355
Hotel Vienna,Value,3,11,12,26,46.15,11.54,0.346
Hotel Vienna,Wellness,0,0,2,2,100.0,0.0,1.0
Hotel Vignon,Cleanliness,2,5,18,25,72.0,8.0,0.64
Hotel Vignon,Facilities,2,4,13,19,68.42,10.53,0.579
Hotel Vignon,Food,1,5,12,18,66.67,5.56,0.611
Hotel Vignon,Location,5,16,59,80,73.75,6.25,0.675
Hotel Vignon,Room,4,14,38,56,67.86,7.14,0.607
Hotel Vignon,Staff_Service,2,8,46,56,82.14,3.57,0.786
Hotel Vignon,Value,2,2,9,13,69.23,15.38,0.538
Hotel Vignon,Wellness,0,1,0,1,0.0,0.0,0.0
Hotel Vilamar ,Cleanliness,1,11,22,34,64.71,2.94,0.618
Hotel Vilamar ,Facilities,3,9,16,28,57.14,10.71,0.464
Hotel Vilamar ,Food,4,17,38,59,64.41,6.78,0.576
Hotel Vilamar ,Location,8,33,52,93,55.91,8.6,0.473
Hotel Vilamar ,Room,9,36,48,93,51.61,9.68,0.419
Hotel Vilamar ,Staff_Service,9,21,63,93,67.74,9.68,0.581
Hotel Vilamar ,Value,1,7,9,17,52.94,5.88,0.471
Hotel Vilamar ,Wellness,1,2,5,8,62.5,12.5,0.5
Hotel Villa Emilia,Cleanliness,0,5,32,37,86.49,0.0,0.865
Hotel Villa Emilia,Facilities,0,3,13,16,81.25,0.0,0.812
Hotel Villa Emilia,Food,1,5,76,82,92.68,1.22,0.915
Hotel Villa Emilia,Location,1,9,63,73,86.3,1.37,0.849
Hotel Villa Emilia,Room,0,14,62,76,81.58,0.0,0.816
Hotel Villa Emilia,Staff_Service,2,10,105,117,89.74,1.71,0.88
Hotel Villa Emilia,Value,1,1,17,19,89.47,5.26,0.842
Hotel Villa Emilia,Wellness,0,2,5,7,71.43,0.0,0.714
Hotel Villa Lafayette Paris IX,Cleanliness,0,2,7,9,77.78,0.0,0.778
Hotel Villa Lafayette Paris IX,Facilities,0,2,4,6,66.67,0.0,0.667
Hotel Villa Lafayette Paris IX,Food,0,2,11,13,84.62,0.0,0.846
Hotel Villa Lafayette Paris IX,Location,0,0,12,12,100.0,0.0,1.0
Hotel Villa Lafayette Paris IX,Room,0,3,11,14,78.57,0.0,0.786
Hotel Villa Lafayette Paris IX,Staff_Service,0,2,20,22,90.91,0.0,0.909
Hotel Villa Saxe Eiffel,Cleanliness,0,3,10,13,76.92,0.0,0.769
Hotel Villa Saxe Eiffel,Facilities,0,2,7,9,77.78,0.0,0.778
Hotel Villa Saxe Eiffel,Food,0,3,17,20,85.0,0.0,0.85
Hotel Villa Saxe Eiffel,Location,0,5,33,38,86.84,0.0,0.868
Hotel Villa Saxe Eiffel,Room,0,7,23,30,76.67,0.0,0.767
Hotel Villa Saxe Eiffel,Staff_Service,1,5,34,40,85.0,2.5,0.825
Hotel Villa Saxe Eiffel,Value,0,2,3,5,60.0,0.0,0.6
Hotel Villa Saxe Eiffel,Wellness,0,2,4,6,66.67,0.0,0.667
Hotel Vittoria,Cleanliness,2,2,5,9,55.56,22.22,0.333
Hotel Vittoria,Facilities,2,6,10,18,55.56,11.11,0.444
Hotel Vittoria,Food,3,8,17,28,60.71,10.71,0.5
Hotel Vittoria,Location,3,9,21,33,63.64,9.09,0.545
Hotel Vittoria,Room,6,15,20,41,48.78,14.63,0.341
Hotel Vittoria,Staff_Service,6,11,37,54,68.52,11.11,0.574
Hotel Vittoria,Value,1,4,7,12,58.33,8.33,0.5
Hotel Vondel Amsterdam,Cleanliness,8,25,41,74,55.41,10.81,0.446
Hotel Vondel Amsterdam,Facilities,6,36,39,81,48.15,7.41,0.407
Hotel Vondel Amsterdam,Food,13,35,73,121,60.33,10.74,0.496
Hotel Vondel Amsterdam,Location,25,107,159,291,54.64,8.59,0.46
Hotel Vondel Amsterdam,Room,48,129,152,329,46.2,14.59,0.316
Hotel Vondel Amsterdam,Staff_Service,28,93,144,265,54.34,10.57,0.438
Hotel Vondel Amsterdam,Value,17,32,25,74,33.78,22.97,0.108
Hotel Vondel Amsterdam,Wellness,0,2,0,2,0.0,0.0,0.0
Hotel Vueling Bcn by HC,Cleanliness,0,14,61,75,81.33,0.0,0.813
Hotel Vueling Bcn by HC,Facilities,2,10,28,40,70.0,5.0,0.65
Hotel Vueling Bcn by HC,Food,2,20,66,88,75.0,2.27,0.727
Hotel Vueling Bcn by HC,Location,3,32,134,169,79.29,1.78,0.775
Hotel Vueling Bcn by HC,Room,4,29,115,148,77.7,2.7,0.75
Hotel Vueling Bcn by HC,Staff_Service,5,21,159,185,85.95,2.7,0.832
Hotel Vueling Bcn by HC,Value,2,4,27,33,81.82,6.06,0.758
Hotel Vueling Bcn by HC,Wellness,0,12,31,43,72.09,0.0,0.721
Hotel Wagner,Cleanliness,0,0,1,1,100.0,0.0,1.0
Hotel Wagner,Facilities,0,1,0,1,0.0,0.0,0.0
Hotel Wagner,Food,0,1,3,4,75.0,0.0,0.75
Hotel Wagner,Location,0,3,2,5,40.0,0.0,0.4
Hotel Wagner,Room,0,1,1,2,50.0,0.0,0.5
Hotel Wagner,Staff_Service,0,2,4,6,66.67,0.0,0.667
Hotel Wagner,Value,0,1,1,2,50.0,0.0,0.5
Hotel Wandl,Cleanliness,4,12,38,54,70.37,7.41,0.63
Hotel Wandl,Facilities,14,14,38,66,57.58,21.21,0.364
Hotel Wandl,Food,6,30,82,118,69.49,5.08,0.644
Hotel Wandl,Location,21,51,127,199,63.82,10.55,0.533
Hotel Wandl,Room,30,53,90,173,52.02,17.34,0.347
Hotel Wandl,Staff_Service,11,28,103,142,72.54,7.75,0.648
Hotel Wandl,Value,3,4,16,23,69.57,13.04,0.565
Hotel Wandl,Wellness,3,0,1,4,25.0,75.0,-0.5
Hotel Well and Come,Cleanliness,2,15,75,92,81.52,2.17,0.793
Hotel Well and Come,Facilities,4,9,39,52,75.0,7.69,0.673
Hotel Well and Come,Food,4,25,75,104,72.12,3.85,0.683
Hotel Well and Come,Location,5,30,128,163,78.53,3.07,0.755
Hotel Well and Come,Room,14,33,148,195,75.9,7.18,0.687
Hotel Well and Come,Staff_Service,11,28,199,238,83.61,4.62,0.79
Hotel Well and Come,Value,3,9,39,51,76.47,5.88,0.706
Hotel Well and Come,Wellness,1,14,66,81,81.48,1.23,0.802
Hotel West End,Cleanliness,1,5,8,14,57.14,7.14,0.5
Hotel West End,Facilities,1,3,8,12,66.67,8.33,0.583
Hotel West End,Food,2,11,43,56,76.79,3.57,0.732
Hotel West End,Location,2,15,50,67,74.63,2.99,0.716
Hotel West End,Room,4,17,43,64,67.19,6.25,0.609
Hotel West End,Staff_Service,5,8,51,64,79.69,7.81,0.719
Hotel West End,Value,1,4,6,11,54.55,9.09,0.455
Hotel West End,Wellness,0,1,1,2,50.0,0.0,0.5
Hotel Whistler,Cleanliness,0,2,10,12,83.33,0.0,0.833
Hotel Whistler,Facilities,0,0,3,3,100.0,0.0,1.0
Hotel Whistler,Food,0,1,6,7,85.71,0.0,0.857
Hotel Whistler,Location,0,2,14,16,87.5,0.0,0.875
Hotel Whistler,Room,1,3,12,16,75.0,6.25,0.688
Hotel Whistler,Staff_Service,1,2,10,13,76.92,7.69,0.692
Hotel Whistler,Value,0,1,6,7,85.71,0.0,0.857
Hotel Xanadu,Cleanliness,2,8,24,34,70.59,5.88,0.647
Hotel Xanadu,Facilities,1,4,9,14,64.29,7.14,0.571
Hotel Xanadu,Food,1,8,21,30,70.0,3.33,0.667
Hotel Xanadu,Location,2,14,37,53,69.81,3.77,0.66
Hotel Xanadu,Room,5,18,46,69,66.67,7.25,0.594
Hotel Xanadu,Staff_Service,4,11,42,57,73.68,7.02,0.667
Hotel Xanadu,Value,1,4,12,17,70.59,5.88,0.647
Hotel Xanadu,Wellness,0,0,3,3,100.0,0.0,1.0
Hotel Xenia Autograph Collection,Cleanliness,2,8,43,53,81.13,3.77,0.774
Hotel Xenia Autograph Collection,Facilities,1,5,13,19,68.42,5.26,0.632
Hotel Xenia Autograph Collection,Food,1,10,61,72,84.72,1.39,0.833
Hotel Xenia Autograph Collection,Location,2,9,79,90,87.78,2.22,0.856
Hotel Xenia Autograph Collection,Room,4,38,123,165,74.55,2.42,0.721
Hotel Xenia Autograph Collection,Staff_Service,5,21,184,210,87.62,2.38,0.852
Hotel Xenia Autograph Collection,Value,1,5,30,36,83.33,2.78,0.806
Hotel Xenia Autograph Collection,Wellness,0,0,2,2,100.0,0.0,1.0
Hotel Zeitgeist Vienna Hauptbahnhof,Cleanliness,1,8,13,22,59.09,4.55,0.545
Hotel Zeitgeist Vienna Hauptbahnhof,Facilities,2,11,9,22,40.91,9.09,0.318
Hotel Zeitgeist Vienna Hauptbahnhof,Food,2,9,26,37,70.27,5.41,0.649
Hotel Zeitgeist Vienna Hauptbahnhof,Location,0,14,40,54,74.07,0.0,0.741
Hotel Zeitgeist Vienna Hauptbahnhof,Room,2,13,32,47,68.09,4.26,0.638
Hotel Zeitgeist Vienna Hauptbahnhof,Staff_Service,3,14,24,41,58.54,7.32,0.512
Hotel Zeitgeist Vienna Hauptbahnhof,Value,0,5,2,7,28.57,0.0,0.286
Hotel Zeitgeist Vienna Hauptbahnhof,Wellness,0,1,6,7,85.71,0.0,0.857
Hotel d Orsay Esprit de France,Cleanliness,0,2,24,26,92.31,0.0,0.923
Hotel d Orsay Esprit de France,Facilities,0,4,25,29,86.21,0.0,0.862
Hotel d Orsay Esprit de France,Food,0,4,44,48,91.67,0.0,0.917
Hotel d Orsay Esprit de France,Location,1,10,116,127,91.34,0.79,0.906
Hotel d Orsay Esprit de France,Room,1,15,100,116,86.21,0.86,0.853
Hotel d Orsay Esprit de France,Staff_Service,0,9,126,135,93.33,0.0,0.933
Hotel d Orsay Esprit de France,Value,1,2,20,23,86.96,4.35,0.826
Hotel d Orsay Esprit de France,Wellness,0,0,2,2,100.0,0.0,1.0
Hotel de France Wien,Cleanliness,12,33,71,116,61.21,10.34,0.509
Hotel de France Wien,Facilities,23,53,88,164,53.66,14.02,0.396
Hotel de France Wien,Food,42,121,340,503,67.59,8.35,0.592
Hotel de France Wien,Location,48,140,328,516,63.57,9.3,0.543
Hotel de France Wien,Room,65,142,256,463,55.29,14.04,0.413
Hotel de France Wien,Staff_Service,36,96,297,429,69.23,8.39,0.608
Hotel de France Wien,Value,10,29,55,94,58.51,10.64,0.479
Hotel de France Wien,Wellness,2,3,11,16,68.75,12.5,0.562
Hotel de Nell,Cleanliness,0,1,7,8,87.5,0.0,0.875
Hotel de Nell,Facilities,0,4,5,9,55.56,0.0,0.556
Hotel de Nell,Food,2,6,26,34,76.47,5.88,0.706
Hotel de Nell,Location,1,5,26,32,81.25,3.12,0.781
Hotel de Nell,Room,5,8,25,38,65.79,13.16,0.526
Hotel de Nell,Staff_Service,1,5,49,55,89.09,1.82,0.873
Hotel de Nell,Value,0,3,8,11,72.73,0.0,0.727
Hotel de Nell,Wellness,0,0,3,3,100.0,0.0,1.0
Hotel de Seze,Cleanliness,1,0,12,13,92.31,7.69,0.846
Hotel de Seze,Facilities,0,1,13,14,92.86,0.0,0.929
Hotel de Seze,Food,1,3,14,18,77.78,5.56,0.722
Hotel de Seze,Location,1,6,40,47,85.11,2.13,0.83
Hotel de Seze,Room,1,4,30,35,85.71,2.86,0.829
Hotel de Seze,Staff_Service,1,5,43,49,87.76,2.04,0.857
Hotel de Seze,Value,1,1,5,7,71.43,14.29,0.571
Hotel de Seze,Wellness,0,0,4,4,100.0,0.0,1.0
Hotel degli Arcimboldi,Cleanliness,23,92,213,328,64.94,7.01,0.579
Hotel degli Arcimboldi,Facilities,21,79,156,256,60.94,8.2,0.527
Hotel degli Arcimboldi,Food,59,190,389,638,60.97,9.25,0.517
Hotel degli Arcimboldi,Location,34,144,312,490,63.67,6.94,0.567
Hotel degli Arcimboldi,Room,69,198,283,550,51.45,12.55,0.389
Hotel degli Arcimboldi,Staff_Service,70,125,273,468,58.33,14.96,0.434
Hotel degli Arcimboldi,Value,21,57,117,195,60.0,10.77,0.492
Hotel degli Arcimboldi,Wellness,0,9,6,15,40.0,0.0,0.4
Hotel des Tuileries Relais du Silence,Cleanliness,3,3,8,14,57.14,21.43,0.357
Hotel des Tuileries Relais du Silence,Facilities,3,6,9,18,50.0,16.67,0.333
Hotel des Tuileries Relais du Silence,Food,3,7,11,21,52.38,14.29,0.381
Hotel des Tuileries Relais du Silence,Location,8,21,28,57,49.12,14.04,0.351
Hotel des Tuileries Relais du Silence,Room,7,18,29,54,53.7,12.96,0.407
Hotel des Tuileries Relais du Silence,Staff_Service,8,11,25,44,56.82,18.18,0.386
Hotel des Tuileries Relais du Silence,Value,5,6,3,14,21.43,35.71,-0.143
Hotel du Collectionneur Arc de Triomphe,Cleanliness,12,16,23,51,45.1,23.53,0.216
Hotel du Collectionneur Arc de Triomphe,Facilities,5,11,16,32,50.0,15.62,0.344
Hotel du Collectionneur Arc de Triomphe,Food,21,21,34,76,44.74,27.63,0.171
Hotel du Collectionneur Arc de Triomphe,Location,14,40,78,132,59.09,10.61,0.485
Hotel du Collectionneur Arc de Triomphe,Room,34,46,59,139,42.45,24.46,0.18
Hotel du Collectionneur Arc de Triomphe,Staff_Service,32,34,104,170,61.18,18.82,0.424
Hotel du Collectionneur Arc de Triomphe,Value,7,23,24,54,44.44,12.96,0.315
Hotel du Collectionneur Arc de Triomphe,Wellness,5,3,12,20,60.0,25.0,0.35
Hotel du Louvre in the Unbound Collection by Hyatt,Cleanliness,1,6,9,16,56.25,6.25,0.5
Hotel du Louvre in the Unbound Collection by Hyatt,Facilities,4,17,11,32,34.38,12.5,0.219
Hotel du Louvre in the Unbound Collection by Hyatt,Food,3,10,33,46,71.74,6.52,0.652
Hotel du Louvre in the Unbound Collection by Hyatt,Location,12,63,104,179,58.1,6.7,0.514
Hotel du Louvre in the Unbound Collection by Hyatt,Room,11,47,69,127,54.33,8.66,0.457
Hotel du Louvre in the Unbound Collection by Hyatt,Staff_Service,10,37,99,146,67.81,6.85,0.61
Hotel du Louvre in the Unbound Collection by Hyatt,Value,4,17,20,41,48.78,9.76,0.39
Hotel du Louvre in the Unbound Collection by Hyatt,Wellness,0,0,3,3,100.0,0.0,1.0
Hotel du Petit Moulin,Cleanliness,0,1,5,6,83.33,0.0,0.833
Hotel du Petit Moulin,Facilities,0,0,8,8,100.0,0.0,1.0
Hotel du Petit Moulin,Food,0,0,12,12,100.0,0.0,1.0
Hotel du Petit Moulin,Location,0,2,31,33,93.94,0.0,0.939
Hotel du Petit Moulin,Room,0,2,27,29,93.1,0.0,0.931
Hotel du Petit Moulin,Staff_Service,1,2,39,42,92.86,2.38,0.905
Hotel du Petit Moulin,Value,0,1,2,3,66.67,0.0,0.667
Hotel du Petit Moulin,Wellness,0,0,1,1,100.0,0.0,1.0
Hotel du Vin Cannizaro House Wimbledon,Cleanliness,4,7,12,23,52.17,17.39,0.348
Hotel du Vin Cannizaro House Wimbledon,Facilities,5,14,25,44,56.82,11.36,0.455
Hotel du Vin Cannizaro House Wimbledon,Food,16,36,83,135,61.48,11.85,0.496
Hotel du Vin Cannizaro House Wimbledon,Location,11,28,65,104,62.5,10.58,0.519
Hotel du Vin Cannizaro House Wimbledon,Room,18,46,93,157,59.24,11.46,0.478
Hotel du Vin Cannizaro House Wimbledon,Staff_Service,16,42,98,156,62.82,10.26,0.526
Hotel du Vin Cannizaro House Wimbledon,Value,4,10,16,30,53.33,13.33,0.4
Hotel du Vin Cannizaro House Wimbledon,Wellness,0,0,4,4,100.0,0.0,1.0
Hotel le Lapin Blanc,Cleanliness,0,5,39,44,88.64,0.0,0.886
Hotel le Lapin Blanc,Facilities,1,6,21,28,75.0,3.57,0.714
Hotel le Lapin Blanc,Food,2,3,18,23,78.26,8.7,0.696
Hotel le Lapin Blanc,Location,2,10,67,79,84.81,2.53,0.823
Hotel le Lapin Blanc,Room,3,10,63,76,82.89,3.95,0.789
Hotel le Lapin Blanc,Staff_Service,2,7,66,75,88.0,2.67,0.853
Hotel le Lapin Blanc,Value,0,3,4,7,57.14,0.0,0.571
Hotel mbit Barcelona,Cleanliness,2,13,71,86,82.56,2.33,0.802
Hotel mbit Barcelona,Facilities,0,9,26,35,74.29,0.0,0.743
Hotel mbit Barcelona,Food,1,15,70,86,81.4,1.16,0.802
Hotel mbit Barcelona,Location,3,34,148,185,80.0,1.62,0.784
Hotel mbit Barcelona,Room,5,37,117,159,73.58,3.14,0.704
Hotel mbit Barcelona,Staff_Service,1,28,182,211,86.26,0.47,0.858
Hotel mbit Barcelona,Value,0,7,14,21,66.67,0.0,0.667
Hotel mbit Barcelona,Wellness,0,1,4,5,80.0,0.0,0.8
Hyatt Regency Amsterdam,Cleanliness,0,3,8,11,72.73,0.0,0.727
Hyatt Regency Amsterdam,Facilities,1,2,9,12,75.0,8.33,0.667
Hyatt Regency Amsterdam,Food,2,2,20,24,83.33,8.33,0.75
Hyatt Regency Amsterdam,Location,1,2,19,22,86.36,4.55,0.818
Hyatt Regency Amsterdam,Room,4,4,25,33,75.76,12.12,0.636
Hyatt Regency Amsterdam,Staff_Service,3,6,26,35,74.29,8.57,0.657
Hyatt Regency Amsterdam,Value,0,2,7,9,77.78,0.0,0.778
Hyatt Regency Amsterdam,Wellness,1,0,5,6,83.33,16.67,0.667
Hyatt Regency London The Churchill,Cleanliness,2,5,17,24,70.83,8.33,0.625
Hyatt Regency London The Churchill,Facilities,4,12,17,33,51.52,12.12,0.394
Hyatt Regency London The Churchill,Food,4,16,34,54,62.96,7.41,0.556
Hyatt Regency London The Churchill,Location,10,34,63,107,58.88,9.35,0.495
Hyatt Regency London The Churchill,Room,13,34,54,101,53.47,12.87,0.406
Hyatt Regency London The Churchill,Staff_Service,12,21,89,122,72.95,9.84,0.631
Hyatt Regency London The Churchill,Value,1,11,15,27,55.56,3.7,0.519
Hyatt Regency London The Churchill,Wellness,0,3,3,6,50.0,0.0,0.5
Hyatt Regency Paris Etoile,Cleanliness,48,30,29,107,27.1,44.86,-0.178
Hyatt Regency Paris Etoile,Facilities,38,56,31,125,24.8,30.4,-0.056
Hyatt Regency Paris Etoile,Food,35,52,67,154,43.51,22.73,0.208
Hyatt Regency Paris Etoile,Location,83,159,104,346,30.06,23.99,0.061
Hyatt Regency Paris Etoile,Room,130,173,116,419,27.68,31.03,-0.033
Hyatt Regency Paris Etoile,Staff_Service,93,90,135,318,42.45,29.25,0.132
Hyatt Regency Paris Etoile,Value,32,42,33,107,30.84,29.91,0.009
Hyatt Regency Paris Etoile,Wellness,8,2,6,16,37.5,50.0,-0.125
IH Hotels Milano Ambasciatori,Cleanliness,9,7,18,34,52.94,26.47,0.265
IH Hotels Milano Ambasciatori,Facilities,19,31,24,74,32.43,25.68,0.068
IH Hotels Milano Ambasciatori,Food,17,37,58,112,51.79,15.18,0.366
IH Hotels Milano Ambasciatori,Location,38,82,88,208,42.31,18.27,0.24
IH Hotels Milano Ambasciatori,Room,33,60,59,152,38.82,21.71,0.171
IH Hotels Milano Ambasciatori,Staff_Service,29,39,48,116,41.38,25.0,0.164
IH Hotels Milano Ambasciatori,Value,6,12,11,29,37.93,20.69,0.172
IH Hotels Milano Ambasciatori,Wellness,1,0,1,2,50.0,50.0,0.0
IH Hotels Milano Gioia,Cleanliness,27,42,61,130,46.92,20.77,0.262
IH Hotels Milano Gioia,Facilities,24,58,51,133,38.35,18.05,0.203
IH Hotels Milano Gioia,Food,54,97,112,263,42.59,20.53,0.221
IH Hotels Milano Gioia,Location,22,61,77,160,48.12,13.75,0.344
IH Hotels Milano Gioia,Room,58,89,73,220,33.18,26.36,0.068
IH Hotels Milano Gioia,Staff_Service,45,57,89,191,46.6,23.56,0.23
IH Hotels Milano Gioia,Value,13,27,31,71,43.66,18.31,0.254
IH Hotels Milano Lorenteggio,Cleanliness,12,15,14,41,34.15,29.27,0.049
IH Hotels Milano Lorenteggio,Facilities,10,23,17,50,34.0,20.0,0.14
IH Hotels Milano Lorenteggio,Food,19,33,31,83,37.35,22.89,0.145
IH Hotels Milano Lorenteggio,Location,9,25,20,54,37.04,16.67,0.204
IH Hotels Milano Lorenteggio,Room,26,32,21,79,26.58,32.91,-0.063
IH Hotels Milano Lorenteggio,Staff_Service,15,22,24,61,39.34,24.59,0.148
IH Hotels Milano Lorenteggio,Value,8,6,4,18,22.22,44.44,-0.222
IH Hotels Milano Lorenteggio,Wellness,2,3,1,6,16.67,33.33,-0.167
IH Hotels Milano Puccini,Cleanliness,6,15,16,37,43.24,16.22,0.27
IH Hotels Milano Puccini,Facilities,3,14,10,27,37.04,11.11,0.259
IH Hotels Milano Puccini,Food,12,36,37,85,43.53,14.12,0.294
IH Hotels Milano Puccini,Location,14,39,42,95,44.21,14.74,0.295
IH Hotels Milano Puccini,Room,14,34,33,81,40.74,17.28,0.235
IH Hotels Milano Puccini,Staff_Service,7,22,31,60,51.67,11.67,0.4
IH Hotels Milano Puccini,Value,2,8,6,16,37.5,12.5,0.25
IH Hotels Milano Watt 13,Cleanliness,6,25,23,54,42.59,11.11,0.315
IH Hotels Milano Watt 13,Facilities,4,25,20,49,40.82,8.16,0.327
IH Hotels Milano Watt 13,Food,12,38,44,94,46.81,12.77,0.34
IH Hotels Milano Watt 13,Location,7,25,34,66,51.52,10.61,0.409
IH Hotels Milano Watt 13,Room,21,29,34,84,40.48,25.0,0.155
IH Hotels Milano Watt 13,Staff_Service,14,25,29,68,42.65,20.59,0.221
IH Hotels Milano Watt 13,Value,6,10,13,29,44.83,20.69,0.241
INK Hotel Amsterdam MGallery by Sofitel,Cleanliness,5,26,95,126,75.4,3.97,0.714
INK Hotel Amsterdam MGallery by Sofitel,Facilities,1,18,40,59,67.8,1.69,0.661
INK Hotel Amsterdam MGallery by Sofitel,Food,9,60,234,303,77.23,2.97,0.743
INK Hotel Amsterdam MGallery by Sofitel,Location,10,92,332,434,76.5,2.3,0.742
INK Hotel Amsterdam MGallery by Sofitel,Room,20,130,302,452,66.81,4.42,0.624
INK Hotel Amsterdam MGallery by Sofitel,Staff_Service,16,78,402,496,81.05,3.23,0.778
INK Hotel Amsterdam MGallery by Sofitel,Value,7,43,87,137,63.5,5.11,0.584
INK Hotel Amsterdam MGallery by Sofitel,Wellness,0,2,6,8,75.0,0.0,0.75
Ibis Styles Milano Palmanova,Cleanliness,1,2,2,5,40.0,20.0,0.2
Ibis Styles Milano Palmanova,Facilities,0,3,0,3,0.0,0.0,0.0
Ibis Styles Milano Palmanova,Food,2,2,1,5,20.0,40.0,-0.2
Ibis Styles Milano Palmanova,Location,0,3,1,4,25.0,0.0,0.25
Ibis Styles Milano Palmanova,Room,2,4,1,7,14.29,28.57,-0.143
Ibis Styles Milano Palmanova,Staff_Service,1,2,1,4,25.0,25.0,0.0
Ibis Styles Milano Palmanova,Value,0,0,1,1,100.0,0.0,1.0
Ibis Styles Paris Gare Saint Lazare,Cleanliness,0,3,2,5,40.0,0.0,0.4
Ibis Styles Paris Gare Saint Lazare,Facilities,1,1,4,6,66.67,16.67,0.5
Ibis Styles Paris Gare Saint Lazare,Food,2,2,5,9,55.56,22.22,0.333
Ibis Styles Paris Gare Saint Lazare,Location,1,2,2,5,40.0,20.0,0.2
Ibis Styles Paris Gare Saint Lazare,Room,2,1,5,8,62.5,25.0,0.375
Ibis Styles Paris Gare Saint Lazare,Staff_Service,1,1,3,5,60.0,20.0,0.4
Ibis Styles Paris Gare Saint Lazare,Value,1,0,0,1,0.0,100.0,-1.0
Ibis Styles Paris Gare Saint Lazare,Wellness,1,0,0,1,0.0,100.0,-1.0
Idea Hotel Milano San Siro,Cleanliness,38,35,32,105,30.48,36.19,-0.057
Idea Hotel Milano San Siro,Facilities,35,73,45,153,29.41,22.88,0.065
Idea Hotel Milano San Siro,Food,73,103,77,253,30.43,28.85,0.016
Idea Hotel Milano San Siro,Location,45,54,50,149,33.56,30.2,0.034
Idea Hotel Milano San Siro,Room,82,76,58,216,26.85,37.96,-0.111
Idea Hotel Milano San Siro,Staff_Service,70,58,49,177,27.68,39.55,-0.119
Idea Hotel Milano San Siro,Value,36,39,30,105,28.57,34.29,-0.057
Idea Hotel Milano San Siro,Wellness,0,1,0,1,0.0,0.0,0.0
Idol Hotel,Cleanliness,1,1,12,14,85.71,7.14,0.786
Idol Hotel,Facilities,0,2,5,7,71.43,0.0,0.714
Idol Hotel,Food,1,6,23,30,76.67,3.33,0.733
Idol Hotel,Location,0,5,29,34,85.29,0.0,0.853
Idol Hotel,Room,2,8,54,64,84.38,3.12,0.812
Idol Hotel,Staff_Service,0,5,55,60,91.67,0.0,0.917
Idol Hotel,Value,0,3,10,13,76.92,0.0,0.769
Ilunion Almirante,Cleanliness,24,18,14,56,25.0,42.86,-0.179
Ilunion Almirante,Facilities,13,24,12,49,24.49,26.53,-0.02
Ilunion Almirante,Food,9,19,19,47,40.43,19.15,0.213
Ilunion Almirante,Location,35,64,64,163,39.26,21.47,0.178
Ilunion Almirante,Room,48,54,48,150,32.0,32.0,0.0
Ilunion Almirante,Staff_Service,21,19,49,89,55.06,23.6,0.315
Ilunion Almirante,Value,14,10,13,37,35.14,37.84,-0.027
Ilunion Almirante,Wellness,4,1,0,5,0.0,80.0,-0.8
Ilunion Barcelona,Cleanliness,19,46,79,144,54.86,13.19,0.417
Ilunion Barcelona,Facilities,13,44,62,119,52.1,10.92,0.412
Ilunion Barcelona,Food,29,45,90,164,54.88,17.68,0.372
Ilunion Barcelona,Location,20,89,155,264,58.71,7.58,0.511
Ilunion Barcelona,Room,50,96,156,302,51.66,16.56,0.351
Ilunion Barcelona,Staff_Service,44,66,121,231,52.38,19.05,0.333
Ilunion Barcelona,Value,23,39,37,99,37.37,23.23,0.141
Ilunion Barcelona,Wellness,11,31,53,95,55.79,11.58,0.442
Ilunion Bel Art,Cleanliness,3,5,13,21,61.9,14.29,0.476
Ilunion Bel Art,Facilities,1,3,5,9,55.56,11.11,0.444
Ilunion Bel Art,Food,2,4,2,8,25.0,25.0,0.0
Ilunion Bel Art,Location,2,7,13,22,59.09,9.09,0.5
Ilunion Bel Art,Room,6,6,15,27,55.56,22.22,0.333
Ilunion Bel Art,Staff_Service,3,7,12,22,54.55,13.64,0.409
Ilunion Bel Art,Value,2,5,3,10,30.0,20.0,0.1
Ilunion Bel Art,Wellness,0,0,1,1,100.0,0.0,1.0
Imperial Riding School Renaissance Vienna Hotel,Cleanliness,6,9,23,38,60.53,15.79,0.447
Imperial Riding School Renaissance Vienna Hotel,Facilities,14,27,47,88,53.41,15.91,0.375
Imperial Riding School Renaissance Vienna Hotel,Food,16,32,70,118,59.32,13.56,0.458
Imperial Riding School Renaissance Vienna Hotel,Location,6,31,55,92,59.78,6.52,0.533
Imperial Riding School Renaissance Vienna Hotel,Room,21,50,75,146,51.37,14.38,0.37
Imperial Riding School Renaissance Vienna Hotel,Staff_Service,17,34,69,120,57.5,14.17,0.433
Imperial Riding School Renaissance Vienna Hotel,Value,7,15,22,44,50.0,15.91,0.341
Imperial Riding School Renaissance Vienna Hotel,Wellness,4,25,39,68,57.35,5.88,0.515
Innkeeper s Lodge London Greenwich,Cleanliness,9,45,97,151,64.24,5.96,0.583
Innkeeper s Lodge London Greenwich,Facilities,13,46,56,115,48.7,11.3,0.374
Innkeeper s Lodge London Greenwich,Food,18,100,197,315,62.54,5.71,0.568
Innkeeper s Lodge London Greenwich,Location,15,110,222,347,63.98,4.32,0.597
Innkeeper s Lodge London Greenwich,Room,24,138,223,385,57.92,6.23,0.517
Innkeeper s Lodge London Greenwich,Staff_Service,13,77,195,285,68.42,4.56,0.639
Innkeeper s Lodge London Greenwich,Value,3,31,38,72,52.78,4.17,0.486
Innkeeper s Lodge London Greenwich,Wellness,0,0,2,2,100.0,0.0,1.0
Inntel Hotels Amsterdam Centre,Cleanliness,13,42,101,156,64.74,8.33,0.564
Inntel Hotels Amsterdam Centre,Facilities,13,29,45,87,51.72,14.94,0.368
Inntel Hotels Amsterdam Centre,Food,11,47,108,166,65.06,6.63,0.584
Inntel Hotels Amsterdam Centre,Location,41,156,329,526,62.55,7.79,0.548
Inntel Hotels Amsterdam Centre,Room,44,124,212,380,55.79,11.58,0.442
Inntel Hotels Amsterdam Centre,Staff_Service,31,72,228,331,68.88,9.37,0.595
Inntel Hotels Amsterdam Centre,Value,22,46,61,129,47.29,17.05,0.302
Inntel Hotels Amsterdam Centre,Wellness,0,4,5,9,55.56,0.0,0.556
InterContinental Amstel Amsterdam,Cleanliness,0,1,4,5,80.0,0.0,0.8
InterContinental Amstel Amsterdam,Facilities,0,0,2,2,100.0,0.0,1.0
InterContinental Amstel Amsterdam,Food,1,1,13,15,86.67,6.67,0.8
InterContinental Amstel Amsterdam,Location,0,4,9,13,69.23,0.0,0.692
InterContinental Amstel Amsterdam,Room,2,2,9,13,69.23,15.38,0.538
InterContinental Amstel Amsterdam,Staff_Service,1,0,16,17,94.12,5.88,0.882
InterContinental Amstel Amsterdam,Value,1,2,2,5,40.0,20.0,0.2
InterContinental Amstel Amsterdam,Wellness,1,1,3,5,60.0,20.0,0.4
InterContinental London Park Lane,Cleanliness,3,3,10,16,62.5,18.75,0.438
InterContinental London Park Lane,Facilities,0,3,11,14,78.57,0.0,0.786
InterContinental London Park Lane,Food,2,12,31,45,68.89,4.44,0.644
InterContinental London Park Lane,Location,1,29,37,67,55.22,1.49,0.537
InterContinental London Park Lane,Room,12,28,35,75,46.67,16.0,0.307
InterContinental London Park Lane,Staff_Service,7,25,49,81,60.49,8.64,0.519
InterContinental London Park Lane,Value,4,6,15,25,60.0,16.0,0.44
InterContinental London Park Lane,Wellness,0,3,6,9,66.67,0.0,0.667
InterContinental Paris Avenue Marceau,Cleanliness,3,0,1,4,25.0,75.0,-0.5
InterContinental Paris Avenue Marceau,Facilities,1,1,1,3,33.33,33.33,0.0
InterContinental Paris Avenue Marceau,Food,2,2,4,8,50.0,25.0,0.25
InterContinental Paris Avenue Marceau,Location,7,9,11,27,40.74,25.93,0.148
InterContinental Paris Avenue Marceau,Room,8,7,6,21,28.57,38.1,-0.095
InterContinental Paris Avenue Marceau,Staff_Service,9,5,14,28,50.0,32.14,0.179
InterContinental Paris Avenue Marceau,Value,2,0,1,3,33.33,66.67,-0.333
InterContinental Paris Avenue Marceau,Wellness,1,0,1,2,50.0,50.0,0.0
InterContinental Paris Le Grand,Cleanliness,0,4,3,7,42.86,0.0,0.429
InterContinental Paris Le Grand,Facilities,3,2,5,10,50.0,30.0,0.2
InterContinental Paris Le Grand,Food,5,11,33,49,67.35,10.2,0.571
InterContinental Paris Le Grand,Location,2,14,40,56,71.43,3.57,0.679
InterContinental Paris Le Grand,Room,9,22,30,61,49.18,14.75,0.344
InterContinental Paris Le Grand,Staff_Service,9,11,38,58,65.52,15.52,0.5
InterContinental Paris Le Grand,Value,3,0,9,12,75.0,25.0,0.5
InterContinental Paris Le Grand,Wellness,0,1,4,5,80.0,0.0,0.8
InterContinental Wien,Cleanliness,2,3,7,12,58.33,16.67,0.417
InterContinental Wien,Facilities,5,11,15,31,48.39,16.13,0.323
InterContinental Wien,Food,5,11,20,36,55.56,13.89,0.417
InterContinental Wien,Location,5,27,33,65,50.77,7.69,0.431
InterContinental Wien,Room,7,19,35,61,57.38,11.48,0.459
InterContinental Wien,Staff_Service,3,17,49,69,71.01,4.35,0.667
InterContinental Wien,Value,0,10,6,16,37.5,0.0,0.375
InterContinental Wien,Wellness,3,1,6,10,60.0,30.0,0.3
IntercityHotel Wien,Cleanliness,3,25,76,104,73.08,2.88,0.702
IntercityHotel Wien,Facilities,9,37,52,98,53.06,9.18,0.439
IntercityHotel Wien,Food,13,31,49,93,52.69,13.98,0.387
IntercityHotel Wien,Location,10,80,169,259,65.25,3.86,0.614
IntercityHotel Wien,Room,16,54,101,171,59.06,9.36,0.497
IntercityHotel Wien,Staff_Service,11,39,113,163,69.33,6.75,0.626
IntercityHotel Wien,Value,10,22,47,79,59.49,12.66,0.468
IntercityHotel Wien,Wellness,0,3,2,5,40.0,0.0,0.4
Intercontinental London The O2,Cleanliness,10,34,232,276,84.06,3.62,0.804
Intercontinental London The O2,Facilities,6,52,269,327,82.26,1.83,0.804
Intercontinental London The O2,Food,24,103,678,805,84.22,2.98,0.812
Intercontinental London The O2,Location,8,83,483,574,84.15,1.39,0.828
Intercontinental London The O2,Room,46,153,968,1167,82.95,3.94,0.79
Intercontinental London The O2,Staff_Service,42,137,1204,1383,87.06,3.04,0.84
Intercontinental London The O2,Value,15,52,278,345,80.58,4.35,0.762
Intercontinental London The O2,Wellness,5,31,196,232,84.48,2.16,0.823
JUFA Hotel Wien,Cleanliness,8,26,93,127,73.23,6.3,0.669
JUFA Hotel Wien,Facilities,12,41,77,130,59.23,9.23,0.5
JUFA Hotel Wien,Food,13,41,74,128,57.81,10.16,0.477
JUFA Hotel Wien,Location,6,44,81,131,61.83,4.58,0.573
JUFA Hotel Wien,Room,23,56,112,191,58.64,12.04,0.466
JUFA Hotel Wien,Staff_Service,16,34,93,143,65.03,11.19,0.538
JUFA Hotel Wien,Value,11,22,50,83,60.24,13.25,0.47
JUFA Hotel Wien,Wellness,0,0,3,3,100.0,0.0,1.0
Jaz Amsterdam,Cleanliness,7,36,141,184,76.63,3.8,0.728
Jaz Amsterdam,Facilities,6,35,140,181,77.35,3.31,0.74
Jaz Amsterdam,Food,14,83,463,560,82.68,2.5,0.802
Jaz Amsterdam,Location,10,66,338,414,81.64,2.42,0.792
Jaz Amsterdam,Room,21,97,450,568,79.23,3.7,0.755
Jaz Amsterdam,Staff_Service,25,64,355,444,79.95,5.63,0.743
Jaz Amsterdam,Value,9,15,84,108,77.78,8.33,0.694
Jaz Amsterdam,Wellness,1,5,47,53,88.68,1.89,0.868
Jumeirah Carlton Tower,Cleanliness,3,5,3,11,27.27,27.27,0.0
Jumeirah Carlton Tower,Facilities,1,4,2,7,28.57,14.29,0.143
Jumeirah Carlton Tower,Food,0,10,8,18,44.44,0.0,0.444
Jumeirah Carlton Tower,Location,6,11,14,31,45.16,19.35,0.258
Jumeirah Carlton Tower,Room,7,14,16,37,43.24,18.92,0.243
Jumeirah Carlton Tower,Staff_Service,5,8,23,36,63.89,13.89,0.5
Jumeirah Carlton Tower,Value,2,4,3,9,33.33,22.22,0.111
Jumeirah Carlton Tower,Wellness,0,3,6,9,66.67,0.0,0.667
Jumeirah Lowndes Hotel,Cleanliness,1,7,8,16,50.0,6.25,0.438
Jumeirah Lowndes Hotel,Facilities,0,6,9,15,60.0,0.0,0.6
Jumeirah Lowndes Hotel,Food,5,11,24,40,60.0,12.5,0.475
Jumeirah Lowndes Hotel,Location,5,27,44,76,57.89,6.58,0.513
Jumeirah Lowndes Hotel,Room,11,28,33,72,45.83,15.28,0.306
Jumeirah Lowndes Hotel,Staff_Service,8,21,66,95,69.47,8.42,0.611
Jumeirah Lowndes Hotel,Value,3,10,8,21,38.1,14.29,0.238
Jumeirah Lowndes Hotel,Wellness,1,3,10,14,71.43,7.14,0.643
K K H tel Cayr Saint Germain des Pr s,Cleanliness,5,22,33,60,55.0,8.33,0.467
K K H tel Cayr Saint Germain des Pr s,Facilities,5,17,14,36,38.89,13.89,0.25
K K H tel Cayr Saint Germain des Pr s,Food,1,24,64,89,71.91,1.12,0.708
K K H tel Cayr Saint Germain des Pr s,Location,8,63,113,184,61.41,4.35,0.571
K K H tel Cayr Saint Germain des Pr s,Room,16,76,99,191,51.83,8.38,0.435
K K H tel Cayr Saint Germain des Pr s,Staff_Service,10,48,104,162,64.2,6.17,0.58
K K H tel Cayr Saint Germain des Pr s,Value,2,17,23,42,54.76,4.76,0.5
K K H tel Cayr Saint Germain des Pr s,Wellness,1,3,5,9,55.56,11.11,0.444
K K Hotel George,Cleanliness,2,37,73,112,65.18,1.79,0.634
K K Hotel George,Facilities,7,27,43,77,55.84,9.09,0.468
K K Hotel George,Food,16,67,158,241,65.56,6.64,0.589
K K Hotel George,Location,16,96,201,313,64.22,5.11,0.591
K K Hotel George,Room,32,110,172,314,54.78,10.19,0.446
K K Hotel George,Staff_Service,19,64,188,271,69.37,7.01,0.624
K K Hotel George,Value,3,22,40,65,61.54,4.62,0.569
K K Hotel George,Wellness,0,3,11,14,78.57,0.0,0.786
K K Hotel Maria Theresia,Cleanliness,6,17,82,105,78.1,5.71,0.724
K K Hotel Maria Theresia,Facilities,8,23,57,88,64.77,9.09,0.557
K K Hotel Maria Theresia,Food,10,51,227,288,78.82,3.47,0.753
K K Hotel Maria Theresia,Location,14,68,232,314,73.89,4.46,0.694
K K Hotel Maria Theresia,Room,23,59,189,271,69.74,8.49,0.613
K K Hotel Maria Theresia,Staff_Service,19,45,211,275,76.73,6.91,0.698
K K Hotel Maria Theresia,Value,3,11,37,51,72.55,5.88,0.667
K K Hotel Maria Theresia,Wellness,1,6,16,23,69.57,4.35,0.652
K K Hotel Picasso,Cleanliness,1,4,60,65,92.31,1.54,0.908
K K Hotel Picasso,Facilities,1,1,37,39,94.87,2.56,0.923
K K Hotel Picasso,Food,4,25,144,173,83.24,2.31,0.809
K K Hotel Picasso,Location,3,31,226,260,86.92,1.15,0.858
K K Hotel Picasso,Room,9,25,152,186,81.72,4.84,0.769
K K Hotel Picasso,Staff_Service,7,27,233,267,87.27,2.62,0.846
K K Hotel Picasso,Value,5,6,22,33,66.67,15.15,0.515
K K Hotel Picasso,Wellness,3,6,71,80,88.75,3.75,0.85
K K Palais Hotel,Cleanliness,1,8,22,31,70.97,3.23,0.677
K K Palais Hotel,Facilities,1,12,25,38,65.79,2.63,0.632
K K Palais Hotel,Food,6,21,81,108,75.0,5.56,0.694
K K Palais Hotel,Location,2,27,84,113,74.34,1.77,0.726
K K Palais Hotel,Room,8,33,77,118,65.25,6.78,0.585
K K Palais Hotel,Staff_Service,4,23,84,111,75.68,3.6,0.721
K K Palais Hotel,Value,0,4,13,17,76.47,0.0,0.765
K K Palais Hotel,Wellness,0,1,4,5,80.0,0.0,0.8
K West Hotel Spa,Cleanliness,15,17,72,104,69.23,14.42,0.548
K West Hotel Spa,Facilities,13,29,85,127,66.93,10.24,0.567
K West Hotel Spa,Food,19,36,127,182,69.78,10.44,0.593
K West Hotel Spa,Location,23,52,132,207,63.77,11.11,0.527
K West Hotel Spa,Room,64,97,256,417,61.39,15.35,0.46
K West Hotel Spa,Staff_Service,51,70,277,398,69.6,12.81,0.568
K West Hotel Spa,Value,18,24,60,102,58.82,17.65,0.412
K West Hotel Spa,Wellness,29,37,124,190,65.26,15.26,0.5
Karma Sanctum Soho Hotel,Cleanliness,4,3,4,11,36.36,36.36,0.0
Karma Sanctum Soho Hotel,Facilities,6,15,11,32,34.38,18.75,0.156
Karma Sanctum Soho Hotel,Food,2,15,14,31,45.16,6.45,0.387
Karma Sanctum Soho Hotel,Location,16,32,49,97,50.52,16.49,0.34
Karma Sanctum Soho Hotel,Room,23,37,54,114,47.37,20.18,0.272
Karma Sanctum Soho Hotel,Staff_Service,12,22,41,75,54.67,16.0,0.387
Karma Sanctum Soho Hotel,Value,6,9,9,24,37.5,25.0,0.125
Karma Sanctum Soho Hotel,Wellness,1,0,1,2,50.0,50.0,0.0
Kensington House Hotel,Cleanliness,2,13,39,54,72.22,3.7,0.685
Kensington House Hotel,Facilities,2,9,20,31,64.52,6.45,0.581
Kensington House Hotel,Food,9,38,69,116,59.48,7.76,0.517
Kensington House Hotel,Location,8,47,91,146,62.33,5.48,0.568
Kensington House Hotel,Room,14,54,92,160,57.5,8.75,0.488
Kensington House Hotel,Staff_Service,9,38,99,146,67.81,6.16,0.616
Kensington House Hotel,Value,4,10,17,31,54.84,12.9,0.419
Kingsway Hall Hotel,Cleanliness,10,21,74,105,70.48,9.52,0.61
Kingsway Hall Hotel,Facilities,7,14,33,54,61.11,12.96,0.481
Kingsway Hall Hotel,Food,17,44,93,154,60.39,11.04,0.494
Kingsway Hall Hotel,Location,26,97,231,354,65.25,7.34,0.579
Kingsway Hall Hotel,Room,47,97,197,341,57.77,13.78,0.44
Kingsway Hall Hotel,Staff_Service,38,71,248,357,69.47,10.64,0.588
Kingsway Hall Hotel,Value,15,35,56,106,52.83,14.15,0.387
Kingsway Hall Hotel,Wellness,1,4,12,17,70.59,5.88,0.647
Klima Hotel Milano Fiere,Cleanliness,4,7,13,24,54.17,16.67,0.375
Klima Hotel Milano Fiere,Facilities,3,8,12,23,52.17,13.04,0.391
Klima Hotel Milano Fiere,Food,5,15,15,35,42.86,14.29,0.286
Klima Hotel Milano Fiere,Location,6,20,26,52,50.0,11.54,0.385
Klima Hotel Milano Fiere,Room,3,10,22,35,62.86,8.57,0.543
Klima Hotel Milano Fiere,Staff_Service,6,11,16,33,48.48,18.18,0.303
Klima Hotel Milano Fiere,Value,3,4,9,16,56.25,18.75,0.375
Klima Hotel Milano Fiere,Wellness,1,2,2,5,40.0,20.0,0.2
Knightsbridge Hotel,Cleanliness,1,3,11,15,73.33,6.67,0.667
Knightsbridge Hotel,Facilities,0,2,5,7,71.43,0.0,0.714
Knightsbridge Hotel,Food,2,6,30,38,78.95,5.26,0.737
Knightsbridge Hotel,Location,3,6,46,55,83.64,5.45,0.782
Knightsbridge Hotel,Room,7,15,55,77,71.43,9.09,0.623
Knightsbridge Hotel,Staff_Service,3,15,75,93,80.65,3.23,0.774
Knightsbridge Hotel,Value,0,5,12,17,70.59,0.0,0.706
Knightsbridge Hotel,Wellness,0,1,5,6,83.33,0.0,0.833
Kube Hotel Ice Bar,Cleanliness,2,2,0,4,0.0,50.0,-0.5
Kube Hotel Ice Bar,Facilities,1,0,0,1,0.0,100.0,-1.0
Kube Hotel Ice Bar,Food,1,2,2,5,40.0,20.0,0.2
Kube Hotel Ice Bar,Location,4,2,3,9,33.33,44.44,-0.111
Kube Hotel Ice Bar,Room,5,3,3,11,27.27,45.45,-0.182
Kube Hotel Ice Bar,Staff_Service,5,1,5,11,45.45,45.45,0.0
Kube Hotel Ice Bar,Value,1,0,1,2,50.0,50.0,0.0
Kube Hotel Ice Bar,Wellness,0,0,1,1,100.0,0.0,1.0
L Edmond H tel,Cleanliness,0,0,2,2,100.0,0.0,1.0
L Edmond H tel,Facilities,0,1,2,3,66.67,0.0,0.667
L Edmond H tel,Food,0,1,1,2,50.0,0.0,0.5
L Edmond H tel,Location,0,3,11,14,78.57,0.0,0.786
L Edmond H tel,Room,1,4,7,12,58.33,8.33,0.5
L Edmond H tel,Staff_Service,1,4,8,13,61.54,7.69,0.538
L Edmond H tel,Value,0,1,1,2,50.0,0.0,0.5
L Edmond H tel,Wellness,0,0,1,1,100.0,0.0,1.0
L Empire Paris,Cleanliness,2,4,14,20,70.0,10.0,0.6
L Empire Paris,Facilities,0,6,9,15,60.0,0.0,0.6
L Empire Paris,Food,4,7,28,39,71.79,10.26,0.615
L Empire Paris,Location,2,13,49,64,76.56,3.12,0.734
L Empire Paris,Room,4,14,45,63,71.43,6.35,0.651
L Empire Paris,Staff_Service,1,12,52,65,80.0,1.54,0.785
L Empire Paris,Value,1,1,6,8,75.0,12.5,0.625
L Empire Paris,Wellness,1,1,2,4,50.0,25.0,0.25
L H tel,Cleanliness,0,1,2,3,66.67,0.0,0.667
L H tel,Facilities,0,2,5,7,71.43,0.0,0.714
L H tel,Food,2,3,22,27,81.48,7.41,0.741
L H tel,Location,0,4,19,23,82.61,0.0,0.826
L H tel,Room,1,7,22,30,73.33,3.33,0.7
L H tel,Staff_Service,1,6,43,50,86.0,2.0,0.84
L H tel,Value,0,1,5,6,83.33,0.0,0.833
L H tel,Wellness,0,0,6,6,100.0,0.0,1.0
L Hotel Pergol se Paris,Cleanliness,2,12,20,34,58.82,5.88,0.529
L Hotel Pergol se Paris,Facilities,5,12,17,34,50.0,14.71,0.353
L Hotel Pergol se Paris,Food,3,9,26,38,68.42,7.89,0.605
L Hotel Pergol se Paris,Location,9,42,64,115,55.65,7.83,0.478
L Hotel Pergol se Paris,Room,11,34,56,101,55.45,10.89,0.446
L Hotel Pergol se Paris,Staff_Service,10,20,60,90,66.67,11.11,0.556
L Hotel Pergol se Paris,Value,6,18,19,43,44.19,13.95,0.302
L Hotel Pergol se Paris,Wellness,0,1,0,1,0.0,0.0,0.0
LHP Hotel Napoleon,Cleanliness,0,5,11,16,68.75,0.0,0.688
LHP Hotel Napoleon,Facilities,0,7,7,14,50.0,0.0,0.5
LHP Hotel Napoleon,Food,3,15,17,35,48.57,8.57,0.4
LHP Hotel Napoleon,Location,2,24,24,50,48.0,4.0,0.44
LHP Hotel Napoleon,Room,6,17,23,46,50.0,13.04,0.37
LHP Hotel Napoleon,Staff_Service,2,14,21,37,56.76,5.41,0.514
LHP Hotel Napoleon,Value,1,2,3,6,50.0,16.67,0.333
La Chambre du Marais,Cleanliness,0,1,22,23,95.65,0.0,0.957
La Chambre du Marais,Facilities,0,1,5,6,83.33,0.0,0.833
La Chambre du Marais,Food,1,2,17,20,85.0,5.0,0.8
La Chambre du Marais,Location,0,3,38,41,92.68,0.0,0.927
La Chambre du Marais,Room,1,4,45,50,90.0,2.0,0.88
La Chambre du Marais,Staff_Service,1,3,51,55,92.73,1.82,0.909
La Chambre du Marais,Value,0,1,4,5,80.0,0.0,0.8
La Clef Tour Eiffel,Cleanliness,2,7,46,55,83.64,3.64,0.8
La Clef Tour Eiffel,Facilities,1,10,28,39,71.79,2.56,0.692
La Clef Tour Eiffel,Food,2,19,35,56,62.5,3.57,0.589
La Clef Tour Eiffel,Location,5,37,129,171,75.44,2.92,0.725
La Clef Tour Eiffel,Room,11,34,114,159,71.7,6.92,0.648
La Clef Tour Eiffel,Staff_Service,11,21,130,162,80.25,6.79,0.735
La Clef Tour Eiffel,Value,0,13,15,28,53.57,0.0,0.536
La Clef Tour Eiffel,Wellness,0,2,8,10,80.0,0.0,0.8
La Maison Champs Elys es,Cleanliness,0,2,5,7,71.43,0.0,0.714
La Maison Champs Elys es,Facilities,0,1,6,7,85.71,0.0,0.857
La Maison Champs Elys es,Food,2,2,18,22,81.82,9.09,0.727
La Maison Champs Elys es,Location,2,13,25,40,62.5,5.0,0.575
La Maison Champs Elys es,Room,3,12,25,40,62.5,7.5,0.55
La Maison Champs Elys es,Staff_Service,3,10,36,49,73.47,6.12,0.673
La Maison Champs Elys es,Value,2,5,6,13,46.15,15.38,0.308
La Maison Champs Elys es,Wellness,0,0,3,3,100.0,0.0,1.0
La Maison Favart,Cleanliness,1,2,13,16,81.25,6.25,0.75
La Maison Favart,Facilities,2,3,6,11,54.55,18.18,0.364
La Maison Favart,Food,0,4,29,33,87.88,0.0,0.879
La Maison Favart,Location,1,8,54,63,85.71,1.59,0.841
La Maison Favart,Room,4,5,37,46,80.43,8.7,0.717
La Maison Favart,Staff_Service,3,8,74,85,87.06,3.53,0.835
La Maison Favart,Value,3,1,6,10,60.0,30.0,0.3
La Maison Favart,Wellness,0,5,26,31,83.87,0.0,0.839
La Suite West Hyde Park,Cleanliness,3,11,24,38,63.16,7.89,0.553
La Suite West Hyde Park,Facilities,2,4,19,25,76.0,8.0,0.68
La Suite West Hyde Park,Food,9,18,36,63,57.14,14.29,0.429
La Suite West Hyde Park,Location,17,41,57,115,49.57,14.78,0.348
La Suite West Hyde Park,Room,33,51,93,177,52.54,18.64,0.339
La Suite West Hyde Park,Staff_Service,26,23,62,111,55.86,23.42,0.324
La Suite West Hyde Park,Value,10,8,9,27,33.33,37.04,-0.037
La Suite West Hyde Park,Wellness,0,1,3,4,75.0,0.0,0.75
La Tremoille Paris,Cleanliness,0,3,0,3,0.0,0.0,0.0
La Tremoille Paris,Facilities,0,5,5,10,50.0,0.0,0.5
La Tremoille Paris,Food,1,7,8,16,50.0,6.25,0.438
La Tremoille Paris,Location,3,19,21,43,48.84,6.98,0.419
La Tremoille Paris,Room,3,11,13,27,48.15,11.11,0.37
La Tremoille Paris,Staff_Service,2,8,24,34,70.59,5.88,0.647
La Tremoille Paris,Value,1,5,3,9,33.33,11.11,0.222
La Villa Haussmann,Cleanliness,0,4,6,10,60.0,0.0,0.6
La Villa Haussmann,Facilities,1,2,3,6,50.0,16.67,0.333
La Villa Haussmann,Food,0,2,12,14,85.71,0.0,0.857
La Villa Haussmann,Location,0,3,14,17,82.35,0.0,0.824
La Villa Haussmann,Room,0,6,8,14,57.14,0.0,0.571
La Villa Haussmann,Staff_Service,0,5,23,28,82.14,0.0,0.821
La Villa Haussmann,Value,0,3,2,5,40.0,0.0,0.4
La Villa Haussmann,Wellness,1,3,12,16,75.0,6.25,0.688
La Villa Maillot,Cleanliness,1,4,14,19,73.68,5.26,0.684
La Villa Maillot,Facilities,0,0,9,9,100.0,0.0,1.0
La Villa Maillot,Food,1,2,19,22,86.36,4.55,0.818
La Villa Maillot,Location,0,7,20,27,74.07,0.0,0.741
La Villa Maillot,Room,2,12,30,44,68.18,4.55,0.636
La Villa Maillot,Staff_Service,2,3,40,45,88.89,4.44,0.844
La Villa Maillot,Value,0,3,13,16,81.25,0.0,0.812
La Villa Maillot,Wellness,0,1,6,7,85.71,0.0,0.857
La Villa Royale,Cleanliness,0,3,7,10,70.0,0.0,0.7
La Villa Royale,Facilities,4,5,9,18,50.0,22.22,0.278
La Villa Royale,Food,0,2,10,12,83.33,0.0,0.833
La Villa Royale,Location,4,9,26,39,66.67,10.26,0.564
La Villa Royale,Room,1,8,28,37,75.68,2.7,0.73
La Villa Royale,Staff_Service,3,7,31,41,75.61,7.32,0.683
La Villa Royale,Value,2,5,4,11,36.36,18.18,0.182
La Villa Royale,Wellness,0,0,3,3,100.0,0.0,1.0
La Villa des Ternes,Cleanliness,0,12,36,48,75.0,0.0,0.75
La Villa des Ternes,Facilities,1,9,14,24,58.33,4.17,0.542
La Villa des Ternes,Food,1,9,14,24,58.33,4.17,0.542
La Villa des Ternes,Location,1,22,58,81,71.6,1.23,0.704
La Villa des Ternes,Room,0,21,51,72,70.83,0.0,0.708
La Villa des Ternes,Staff_Service,2,11,49,62,79.03,3.23,0.758
La Villa des Ternes,Value,1,7,16,24,66.67,4.17,0.625
LaGare Hotel Milano Centrale MGallery by Sofitel,Cleanliness,2,23,82,107,76.64,1.87,0.748
LaGare Hotel Milano Centrale MGallery by Sofitel,Facilities,8,22,49,79,62.03,10.13,0.519
LaGare Hotel Milano Centrale MGallery by Sofitel,Food,18,39,98,155,63.23,11.61,0.516
LaGare Hotel Milano Centrale MGallery by Sofitel,Location,16,44,185,245,75.51,6.53,0.69
LaGare Hotel Milano Centrale MGallery by Sofitel,Room,26,59,160,245,65.31,10.61,0.547
LaGare Hotel Milano Centrale MGallery by Sofitel,Staff_Service,20,40,163,223,73.09,8.97,0.641
LaGare Hotel Milano Centrale MGallery by Sofitel,Value,13,12,29,54,53.7,24.07,0.296
LaGare Hotel Milano Centrale MGallery by Sofitel,Wellness,7,17,45,69,65.22,10.14,0.551
Lancaster London,Cleanliness,10,22,39,71,54.93,14.08,0.408
Lancaster London,Facilities,12,24,30,66,45.45,18.18,0.273
Lancaster London,Food,13,37,94,144,65.28,9.03,0.562
Lancaster London,Location,30,93,165,288,57.29,10.42,0.469
Lancaster London,Room,45,122,176,343,51.31,13.12,0.382
Lancaster London,Staff_Service,29,74,225,328,68.6,8.84,0.598
Lancaster London,Value,11,27,48,86,55.81,12.79,0.43
Lancaster London,Wellness,0,1,7,8,87.5,0.0,0.875
Landmark London,Cleanliness,3,6,26,35,74.29,8.57,0.657
Landmark London,Facilities,3,13,23,39,58.97,7.69,0.513
Landmark London,Food,8,31,91,130,70.0,6.15,0.638
Landmark London,Location,6,30,85,121,70.25,4.96,0.653
Landmark London,Room,14,39,123,176,69.89,7.95,0.619
Landmark London,Staff_Service,12,26,150,188,79.79,6.38,0.734
Landmark London,Value,5,16,30,51,58.82,9.8,0.49
Landmark London,Wellness,5,18,30,53,56.6,9.43,0.472
Lansbury Heritage Hotel,Cleanliness,0,1,6,7,85.71,0.0,0.857
Lansbury Heritage Hotel,Facilities,0,0,6,6,100.0,0.0,1.0
Lansbury Heritage Hotel,Food,0,1,8,9,88.89,0.0,0.889
Lansbury Heritage Hotel,Location,1,3,9,13,69.23,7.69,0.615
Lansbury Heritage Hotel,Room,0,1,19,20,95.0,0.0,0.95
Lansbury Heritage Hotel,Staff_Service,0,3,22,25,88.0,0.0,0.88
Lansbury Heritage Hotel,Value,0,1,4,5,80.0,0.0,0.8
Lansbury Heritage Hotel,Wellness,0,1,1,2,50.0,0.0,0.5
Le 123 Elysees Astotel,Cleanliness,0,1,7,8,87.5,0.0,0.875
Le 123 Elysees Astotel,Facilities,0,2,3,5,60.0,0.0,0.6
Le 123 Elysees Astotel,Food,0,2,15,17,88.24,0.0,0.882
Le 123 Elysees Astotel,Location,0,3,20,23,86.96,0.0,0.87
Le 123 Elysees Astotel,Room,0,6,19,25,76.0,0.0,0.76
Le 123 Elysees Astotel,Staff_Service,0,4,21,25,84.0,0.0,0.84
Le 123 Elysees Astotel,Value,0,0,3,3,100.0,0.0,1.0
Le 123 S bastopol Astotel,Cleanliness,1,1,21,23,91.3,4.35,0.87
Le 123 S bastopol Astotel,Facilities,0,0,12,12,100.0,0.0,1.0
Le 123 S bastopol Astotel,Food,1,2,52,55,94.55,1.82,0.927
Le 123 S bastopol Astotel,Location,0,4,42,46,91.3,0.0,0.913
Le 123 S bastopol Astotel,Room,1,3,52,56,92.86,1.79,0.911
Le 123 S bastopol Astotel,Staff_Service,1,5,92,98,93.88,1.02,0.929
Le 123 S bastopol Astotel,Value,0,3,4,7,57.14,0.0,0.571
Le 123 S bastopol Astotel,Wellness,0,0,2,2,100.0,0.0,1.0
Le 7 Eiffel Hotel,Cleanliness,1,4,6,11,54.55,9.09,0.455
Le 7 Eiffel Hotel,Facilities,1,3,9,13,69.23,7.69,0.615
Le 7 Eiffel Hotel,Food,1,6,10,17,58.82,5.88,0.529
Le 7 Eiffel Hotel,Location,2,10,36,48,75.0,4.17,0.708
Le 7 Eiffel Hotel,Room,3,12,21,36,58.33,8.33,0.5
Le 7 Eiffel Hotel,Staff_Service,3,8,23,34,67.65,8.82,0.588
Le 7 Eiffel Hotel,Value,1,3,2,6,33.33,16.67,0.167
Le 7 Eiffel Hotel,Wellness,0,0,1,1,100.0,0.0,1.0
Le A,Cleanliness,1,0,14,15,93.33,6.67,0.867
Le A,Facilities,0,1,7,8,87.5,0.0,0.875
Le A,Food,2,2,18,22,81.82,9.09,0.727
Le A,Location,1,6,38,45,84.44,2.22,0.822
Le A,Room,3,8,27,38,71.05,7.89,0.632
Le A,Staff_Service,3,6,60,69,86.96,4.35,0.826
Le A,Value,1,1,6,8,75.0,12.5,0.625
Le A,Wellness,0,0,1,1,100.0,0.0,1.0
Le Belmont Champs Elys es,Cleanliness,1,3,3,7,42.86,14.29,0.286
Le Belmont Champs Elys es,Facilities,1,6,5,12,41.67,8.33,0.333
Le Belmont Champs Elys es,Food,1,8,13,22,59.09,4.55,0.545
Le Belmont Champs Elys es,Location,3,18,32,53,60.38,5.66,0.547
Le Belmont Champs Elys es,Room,4,18,24,46,52.17,8.7,0.435
Le Belmont Champs Elys es,Staff_Service,4,10,23,37,62.16,10.81,0.514
Le Belmont Champs Elys es,Value,0,10,5,15,33.33,0.0,0.333
Le Belmont Champs Elys es,Wellness,1,4,3,8,37.5,12.5,0.25
Le Burgundy Paris,Cleanliness,1,6,16,23,69.57,4.35,0.652
Le Burgundy Paris,Facilities,1,2,7,10,70.0,10.0,0.6
Le Burgundy Paris,Food,3,9,37,49,75.51,6.12,0.694
Le Burgundy Paris,Location,3,14,59,76,77.63,3.95,0.737
Le Burgundy Paris,Room,4,18,48,70,68.57,5.71,0.629
Le Burgundy Paris,Staff_Service,6,12,73,91,80.22,6.59,0.736
Le Burgundy Paris,Value,2,3,5,10,50.0,20.0,0.3
Le Burgundy Paris,Wellness,2,5,16,23,69.57,8.7,0.609
Le Cinq Codet,Cleanliness,2,8,30,40,75.0,5.0,0.7
Le Cinq Codet,Facilities,1,3,24,28,85.71,3.57,0.821
Le Cinq Codet,Food,6,14,44,64,68.75,9.38,0.594
Le Cinq Codet,Location,6,14,76,96,79.17,6.25,0.729
Le Cinq Codet,Room,14,22,89,125,71.2,11.2,0.6
Le Cinq Codet,Staff_Service,11,26,127,164,77.44,6.71,0.707
Le Cinq Codet,Value,3,8,15,26,57.69,11.54,0.462
Le Cinq Codet,Wellness,1,6,16,23,69.57,4.35,0.652
Le Dokhan s a Tribute Portfolio Hotel,Cleanliness,1,1,4,6,66.67,16.67,0.5
Le Dokhan s a Tribute Portfolio Hotel,Facilities,6,1,8,15,53.33,40.0,0.133
Le Dokhan s a Tribute Portfolio Hotel,Food,1,4,9,14,64.29,7.14,0.571
Le Dokhan s a Tribute Portfolio Hotel,Location,4,5,15,24,62.5,16.67,0.458
Le Dokhan s a Tribute Portfolio Hotel,Room,11,7,22,40,55.0,27.5,0.275
Le Dokhan s a Tribute Portfolio Hotel,Staff_Service,4,6,19,29,65.52,13.79,0.517
Le Dokhan s a Tribute Portfolio Hotel,Value,5,3,3,11,27.27,45.45,-0.182
Le Dokhan s a Tribute Portfolio Hotel,Wellness,0,0,1,1,100.0,0.0,1.0
Le G n ral H tel,Cleanliness,0,7,22,29,75.86,0.0,0.759
Le G n ral H tel,Facilities,0,3,23,26,88.46,0.0,0.885
Le G n ral H tel,Food,0,5,20,25,80.0,0.0,0.8
Le G n ral H tel,Location,1,5,50,56,89.29,1.79,0.875
Le G n ral H tel,Room,2,11,50,63,79.37,3.17,0.762
Le G n ral H tel,Staff_Service,0,7,69,76,90.79,0.0,0.908
Le G n ral H tel,Value,0,6,10,16,62.5,0.0,0.625
Le G n ral H tel,Wellness,0,1,1,2,50.0,0.0,0.5
Le Grand H tel de Normandie,Cleanliness,1,2,0,3,0.0,33.33,-0.333
Le Grand H tel de Normandie,Facilities,1,0,3,4,75.0,25.0,0.5
Le Grand H tel de Normandie,Food,3,3,3,9,33.33,33.33,0.0
Le Grand H tel de Normandie,Location,4,5,8,17,47.06,23.53,0.235
Le Grand H tel de Normandie,Room,5,3,7,15,46.67,33.33,0.133
Le Grand H tel de Normandie,Staff_Service,5,5,7,17,41.18,29.41,0.118
Le Grand H tel de Normandie,Value,2,2,0,4,0.0,50.0,-0.5
Le Grey Hotel,Cleanliness,0,2,15,17,88.24,0.0,0.882
Le Grey Hotel,Facilities,0,2,3,5,60.0,0.0,0.6
Le Grey Hotel,Food,0,4,9,13,69.23,0.0,0.692
Le Grey Hotel,Location,0,8,22,30,73.33,0.0,0.733
Le Grey Hotel,Room,2,9,22,33,66.67,6.06,0.606
Le Grey Hotel,Staff_Service,0,7,38,45,84.44,0.0,0.844
Le Grey Hotel,Value,0,3,4,7,57.14,0.0,0.571
Le Grey Hotel,Wellness,0,0,1,1,100.0,0.0,1.0
Le Lavoisier,Facilities,1,0,0,1,0.0,100.0,-1.0
Le Lavoisier,Food,1,0,1,2,50.0,50.0,0.0
Le Lavoisier,Location,1,0,4,5,80.0,20.0,0.6
Le Lavoisier,Room,3,0,3,6,50.0,50.0,0.0
Le Lavoisier,Staff_Service,1,0,4,5,80.0,20.0,0.6
Le Lavoisier,Value,1,0,1,2,50.0,50.0,0.0
Le Littr ,Cleanliness,1,3,5,9,55.56,11.11,0.444
Le Littr ,Facilities,0,1,5,6,83.33,0.0,0.833
Le Littr ,Food,1,4,13,18,72.22,5.56,0.667
Le Littr ,Location,0,3,12,15,80.0,0.0,0.8
Le Littr ,Room,3,7,12,22,54.55,13.64,0.409
Le Littr ,Staff_Service,0,6,20,26,76.92,0.0,0.769
Le Littr ,Value,0,0,2,2,100.0,0.0,1.0
Le M ridien Barcelona,Cleanliness,2,4,10,16,62.5,12.5,0.5
Le M ridien Barcelona,Facilities,4,2,5,11,45.45,36.36,0.091
Le M ridien Barcelona,Food,3,2,14,19,73.68,15.79,0.579
Le M ridien Barcelona,Location,8,13,36,57,63.16,14.04,0.491
Le M ridien Barcelona,Room,9,13,21,43,48.84,20.93,0.279
Le M ridien Barcelona,Staff_Service,6,10,36,52,69.23,11.54,0.577
Le M ridien Barcelona,Value,4,1,6,11,54.55,36.36,0.182
Le M ridien Barcelona,Wellness,1,1,3,5,60.0,20.0,0.4
Le M ridien Etoile,Cleanliness,0,2,7,9,77.78,0.0,0.778
Le M ridien Etoile,Facilities,2,3,6,11,54.55,18.18,0.364
Le M ridien Etoile,Food,2,7,15,24,62.5,8.33,0.542
Le M ridien Etoile,Location,1,15,18,34,52.94,2.94,0.5
Le M ridien Etoile,Room,6,17,16,39,41.03,15.38,0.256
Le M ridien Etoile,Staff_Service,4,6,16,26,61.54,15.38,0.462
Le M ridien Etoile,Value,0,5,4,9,44.44,0.0,0.444
Le M ridien Etoile,Wellness,0,0,1,1,100.0,0.0,1.0
Le Marceau Bastille,Cleanliness,1,6,33,40,82.5,2.5,0.8
Le Marceau Bastille,Facilities,1,13,27,41,65.85,2.44,0.634
Le Marceau Bastille,Food,2,13,55,70,78.57,2.86,0.757
Le Marceau Bastille,Location,1,10,47,58,81.03,1.72,0.793
Le Marceau Bastille,Room,4,21,52,77,67.53,5.19,0.623
Le Marceau Bastille,Staff_Service,5,11,51,67,76.12,7.46,0.687
Le Marceau Bastille,Value,2,3,7,12,58.33,16.67,0.417
Le Marceau Bastille,Wellness,0,0,2,2,100.0,0.0,1.0
Le Marcel,Cleanliness,0,6,13,19,68.42,0.0,0.684
Le Marcel,Facilities,0,0,4,4,100.0,0.0,1.0
Le Marcel,Food,0,4,9,13,69.23,0.0,0.692
Le Marcel,Location,1,12,26,39,66.67,2.56,0.641
Le Marcel,Room,1,15,22,38,57.89,2.63,0.553
Le Marcel,Staff_Service,1,11,32,44,72.73,2.27,0.705
Le Marcel,Value,0,0,3,3,100.0,0.0,1.0
Le Marquis Eiffel,Cleanliness,0,5,24,29,82.76,0.0,0.828
Le Marquis Eiffel,Facilities,1,6,18,25,72.0,4.0,0.68
Le Marquis Eiffel,Food,0,8,26,34,76.47,0.0,0.765
Le Marquis Eiffel,Location,2,10,50,62,80.65,3.23,0.774
Le Marquis Eiffel,Room,3,11,42,56,75.0,5.36,0.696
Le Marquis Eiffel,Staff_Service,3,10,50,63,79.37,4.76,0.746
Le Marquis Eiffel,Value,0,3,14,17,82.35,0.0,0.824
Le Marquis Eiffel,Wellness,0,0,1,1,100.0,0.0,1.0
Le Mathurin Hotel Spa,Cleanliness,1,6,16,23,69.57,4.35,0.652
Le Mathurin Hotel Spa,Facilities,2,7,16,25,64.0,8.0,0.56
Le Mathurin Hotel Spa,Food,2,11,34,47,72.34,4.26,0.681
Le Mathurin Hotel Spa,Location,1,18,51,70,72.86,1.43,0.714
Le Mathurin Hotel Spa,Room,6,31,55,92,59.78,6.52,0.533
Le Mathurin Hotel Spa,Staff_Service,3,16,47,66,71.21,4.55,0.667
Le Mathurin Hotel Spa,Value,1,6,14,21,66.67,4.76,0.619
Le Mathurin Hotel Spa,Wellness,0,6,6,12,50.0,0.0,0.5
Le Meridien Piccadilly,Cleanliness,9,9,4,22,18.18,40.91,-0.227
Le Meridien Piccadilly,Facilities,6,12,15,33,45.45,18.18,0.273
Le Meridien Piccadilly,Food,8,18,29,55,52.73,14.55,0.382
Le Meridien Piccadilly,Location,24,55,49,128,38.28,18.75,0.195
Le Meridien Piccadilly,Room,35,59,49,143,34.27,24.48,0.098
Le Meridien Piccadilly,Staff_Service,20,34,44,98,44.9,20.41,0.245
Le Meridien Piccadilly,Value,8,18,11,37,29.73,21.62,0.081
Le Meridien Piccadilly,Wellness,4,8,14,26,53.85,15.38,0.385
Le Meridien Vienna,Cleanliness,14,19,22,55,40.0,25.45,0.145
Le Meridien Vienna,Facilities,10,26,34,70,48.57,14.29,0.343
Le Meridien Vienna,Food,17,41,80,138,57.97,12.32,0.457
Le Meridien Vienna,Location,30,107,147,284,51.76,10.56,0.412
Le Meridien Vienna,Room,42,98,105,245,42.86,17.14,0.257
Le Meridien Vienna,Staff_Service,36,69,132,237,55.7,15.19,0.405
Le Meridien Vienna,Value,11,21,20,52,38.46,21.15,0.173
Le Meridien Vienna,Wellness,6,17,28,51,54.9,11.76,0.431
Le Metropolitan a Tribute Portfolio Hotel,Cleanliness,0,2,2,4,50.0,0.0,0.5
Le Metropolitan a Tribute Portfolio Hotel,Facilities,0,4,5,9,55.56,0.0,0.556
Le Metropolitan a Tribute Portfolio Hotel,Food,4,6,13,23,56.52,17.39,0.391
Le Metropolitan a Tribute Portfolio Hotel,Location,4,11,20,35,57.14,11.43,0.457
Le Metropolitan a Tribute Portfolio Hotel,Room,3,12,15,30,50.0,10.0,0.4
Le Metropolitan a Tribute Portfolio Hotel,Staff_Service,2,10,24,36,66.67,5.56,0.611
Le Metropolitan a Tribute Portfolio Hotel,Value,1,7,4,12,33.33,8.33,0.25
Le Metropolitan a Tribute Portfolio Hotel,Wellness,1,5,8,14,57.14,7.14,0.5
Le Meurice,Cleanliness,0,0,3,3,100.0,0.0,1.0
Le Meurice,Facilities,0,0,2,2,100.0,0.0,1.0
Le Meurice,Food,1,0,9,10,90.0,10.0,0.8
Le Meurice,Location,1,1,8,10,80.0,10.0,0.7
Le Meurice,Room,1,4,8,13,61.54,7.69,0.538
Le Meurice,Staff_Service,1,2,20,23,86.96,4.35,0.826
Le Meurice,Value,0,2,5,7,71.43,0.0,0.714
Le Meurice,Wellness,0,0,1,1,100.0,0.0,1.0
Le Narcisse Blanc Spa,Cleanliness,0,2,4,6,66.67,0.0,0.667
Le Narcisse Blanc Spa,Facilities,0,0,7,7,100.0,0.0,1.0
Le Narcisse Blanc Spa,Food,0,1,14,15,93.33,0.0,0.933
Le Narcisse Blanc Spa,Location,0,1,16,17,94.12,0.0,0.941
Le Narcisse Blanc Spa,Room,0,2,18,20,90.0,0.0,0.9
Le Narcisse Blanc Spa,Staff_Service,0,2,37,39,94.87,0.0,0.949
Le Narcisse Blanc Spa,Value,0,1,10,11,90.91,0.0,0.909
Le Narcisse Blanc Spa,Wellness,0,2,10,12,83.33,0.0,0.833
Le Parisis Paris Tour Eiffel,Cleanliness,5,17,63,85,74.12,5.88,0.682
Le Parisis Paris Tour Eiffel,Facilities,4,19,27,50,54.0,8.0,0.46
Le Parisis Paris Tour Eiffel,Food,4,16,71,91,78.02,4.4,0.736
Le Parisis Paris Tour Eiffel,Location,7,39,137,183,74.86,3.83,0.71
Le Parisis Paris Tour Eiffel,Room,25,45,178,248,71.77,10.08,0.617
Le Parisis Paris Tour Eiffel,Staff_Service,15,36,171,222,77.03,6.76,0.703
Le Parisis Paris Tour Eiffel,Value,6,15,34,55,61.82,10.91,0.509
Le Parisis Paris Tour Eiffel,Wellness,0,2,7,9,77.78,0.0,0.778
Le Pavillon de la Reine Spa,Cleanliness,0,0,4,4,100.0,0.0,1.0
Le Pavillon de la Reine Spa,Facilities,0,2,10,12,83.33,0.0,0.833
Le Pavillon de la Reine Spa,Food,2,5,27,34,79.41,5.88,0.735
Le Pavillon de la Reine Spa,Location,1,7,55,63,87.3,1.59,0.857
Le Pavillon de la Reine Spa,Room,2,8,38,48,79.17,4.17,0.75
Le Pavillon de la Reine Spa,Staff_Service,2,4,69,75,92.0,2.67,0.893
Le Pavillon de la Reine Spa,Value,1,2,11,14,78.57,7.14,0.714
Le Pavillon de la Reine Spa,Wellness,0,1,6,7,85.71,0.0,0.857
Le Pavillon des Lettres,Cleanliness,0,0,1,1,100.0,0.0,1.0
Le Pavillon des Lettres,Facilities,0,1,1,2,50.0,0.0,0.5
Le Pavillon des Lettres,Food,0,1,8,9,88.89,0.0,0.889
Le Pavillon des Lettres,Location,0,4,18,22,81.82,0.0,0.818
Le Pavillon des Lettres,Room,1,2,17,20,85.0,5.0,0.8
Le Pavillon des Lettres,Staff_Service,0,3,19,22,86.36,0.0,0.864
Le Pavillon des Lettres,Value,0,1,1,2,50.0,0.0,0.5
Le Pigalle Hotel,Cleanliness,1,1,1,3,33.33,33.33,0.0
Le Pigalle Hotel,Facilities,0,0,8,8,100.0,0.0,1.0
Le Pigalle Hotel,Food,2,1,11,14,78.57,14.29,0.643
Le Pigalle Hotel,Location,1,1,9,11,81.82,9.09,0.727
Le Pigalle Hotel,Room,0,3,16,19,84.21,0.0,0.842
Le Pigalle Hotel,Staff_Service,0,3,20,23,86.96,0.0,0.87
Le Pigalle Hotel,Value,1,0,0,1,0.0,100.0,-1.0
Le Pradey,Cleanliness,0,2,6,8,75.0,0.0,0.75
Le Pradey,Facilities,0,2,3,5,60.0,0.0,0.6
Le Pradey,Food,2,5,12,19,63.16,10.53,0.526
Le Pradey,Location,1,7,30,38,78.95,2.63,0.763
Le Pradey,Room,1,9,20,30,66.67,3.33,0.633
Le Pradey,Staff_Service,0,4,27,31,87.1,0.0,0.871
Le Pradey,Value,0,2,7,9,77.78,0.0,0.778
Le Relais M dicis,Cleanliness,1,1,1,3,33.33,33.33,0.0
Le Relais M dicis,Facilities,0,1,2,3,66.67,0.0,0.667
Le Relais M dicis,Food,1,3,11,15,73.33,6.67,0.667
Le Relais M dicis,Location,1,4,11,16,68.75,6.25,0.625
Le Relais M dicis,Room,2,5,11,18,61.11,11.11,0.5
Le Relais M dicis,Staff_Service,3,1,10,14,71.43,21.43,0.5
Le Relais M dicis,Value,0,1,0,1,0.0,0.0,0.0
Le Relais Madeleine,Cleanliness,1,1,13,15,86.67,6.67,0.8
Le Relais Madeleine,Facilities,0,3,3,6,50.0,0.0,0.5
Le Relais Madeleine,Food,2,2,16,20,80.0,10.0,0.7
Le Relais Madeleine,Location,2,11,39,52,75.0,3.85,0.712
Le Relais Madeleine,Room,3,10,27,40,67.5,7.5,0.6
Le Relais Madeleine,Staff_Service,1,9,39,49,79.59,2.04,0.776
Le Relais Madeleine,Value,2,1,6,9,66.67,22.22,0.444
Le Relais Montmartre,Cleanliness,1,6,38,45,84.44,2.22,0.822
Le Relais Montmartre,Facilities,0,3,13,16,81.25,0.0,0.812
Le Relais Montmartre,Food,0,4,31,35,88.57,0.0,0.886
Le Relais Montmartre,Location,2,11,102,115,88.7,1.74,0.87
Le Relais Montmartre,Room,3,12,80,95,84.21,3.16,0.811
Le Relais Montmartre,Staff_Service,2,9,114,125,91.2,1.6,0.896
Le Relais Montmartre,Value,0,6,19,25,76.0,0.0,0.76
Le Roch Hotel Spa,Cleanliness,0,0,1,1,100.0,0.0,1.0
Le Roch Hotel Spa,Facilities,0,0,2,2,100.0,0.0,1.0
Le Roch Hotel Spa,Food,0,1,7,8,87.5,0.0,0.875
Le Roch Hotel Spa,Location,0,2,9,11,81.82,0.0,0.818
Le Roch Hotel Spa,Room,0,1,8,9,88.89,0.0,0.889
Le Roch Hotel Spa,Staff_Service,0,2,17,19,89.47,0.0,0.895
Le Roch Hotel Spa,Value,0,0,1,1,100.0,0.0,1.0
Le Roch Hotel Spa,Wellness,0,2,6,8,75.0,0.0,0.75
Le Saint Hotel Paris,Facilities,0,0,2,2,100.0,0.0,1.0
Le Saint Hotel Paris,Food,3,3,10,16,62.5,18.75,0.438
Le Saint Hotel Paris,Location,2,3,17,22,77.27,9.09,0.682
Le Saint Hotel Paris,Room,2,6,19,27,70.37,7.41,0.63
Le Saint Hotel Paris,Staff_Service,2,3,17,22,77.27,9.09,0.682
Le Saint Hotel Paris,Value,0,0,4,4,100.0,0.0,1.0
Le Saint Hotel Paris,Wellness,0,0,1,1,100.0,0.0,1.0
Le Senat,Cleanliness,0,5,14,19,73.68,0.0,0.737
Le Senat,Facilities,1,9,14,24,58.33,4.17,0.542
Le Senat,Food,1,9,19,29,65.52,3.45,0.621
Le Senat,Location,8,22,40,70,57.14,11.43,0.457
Le Senat,Room,5,16,39,60,65.0,8.33,0.567
Le Senat,Staff_Service,4,12,36,52,69.23,7.69,0.615
Le Senat,Value,0,1,8,9,88.89,0.0,0.889
Le Tourville Eiffel,Cleanliness,1,5,15,21,71.43,4.76,0.667
Le Tourville Eiffel,Facilities,1,3,12,16,75.0,6.25,0.688
Le Tourville Eiffel,Food,2,5,20,27,74.07,7.41,0.667
Le Tourville Eiffel,Location,3,8,62,73,84.93,4.11,0.808
Le Tourville Eiffel,Room,5,11,43,59,72.88,8.47,0.644
Le Tourville Eiffel,Staff_Service,6,11,79,96,82.29,6.25,0.76
Le Tourville Eiffel,Value,3,1,5,9,55.56,33.33,0.222
Le Tourville Eiffel,Wellness,0,1,0,1,0.0,0.0,0.0
Le Tsuba Hotel,Cleanliness,1,2,7,10,70.0,10.0,0.6
Le Tsuba Hotel,Facilities,0,0,6,6,100.0,0.0,1.0
Le Tsuba Hotel,Food,2,2,17,21,80.95,9.52,0.714
Le Tsuba Hotel,Location,0,6,18,24,75.0,0.0,0.75
Le Tsuba Hotel,Room,2,6,11,19,57.89,10.53,0.474
Le Tsuba Hotel,Staff_Service,0,4,23,27,85.19,0.0,0.852
Le Tsuba Hotel,Value,0,0,5,5,100.0,0.0,1.0
Le Tsuba Hotel,Wellness,0,1,6,7,85.71,0.0,0.857
Legend Saint Germain by Elegancia,Cleanliness,0,1,12,13,92.31,0.0,0.923
Legend Saint Germain by Elegancia,Facilities,1,0,3,4,75.0,25.0,0.5
Legend Saint Germain by Elegancia,Food,0,4,14,18,77.78,0.0,0.778
Legend Saint Germain by Elegancia,Location,2,4,28,34,82.35,5.88,0.765
Legend Saint Germain by Elegancia,Room,3,8,43,54,79.63,5.56,0.741
Legend Saint Germain by Elegancia,Staff_Service,0,3,43,46,93.48,0.0,0.935
Legend Saint Germain by Elegancia,Value,1,2,6,9,66.67,11.11,0.556
Legend Saint Germain by Elegancia,Wellness,0,0,1,1,100.0,0.0,1.0
Leonardo Hotel Milan City Center,Cleanliness,0,6,24,30,80.0,0.0,0.8
Leonardo Hotel Milan City Center,Facilities,6,8,14,28,50.0,21.43,0.286
Leonardo Hotel Milan City Center,Food,5,13,28,46,60.87,10.87,0.5
Leonardo Hotel Milan City Center,Location,4,8,23,35,65.71,11.43,0.543
Leonardo Hotel Milan City Center,Room,9,23,44,76,57.89,11.84,0.461
Leonardo Hotel Milan City Center,Staff_Service,9,13,36,58,62.07,15.52,0.466
Leonardo Hotel Milan City Center,Value,4,10,15,29,51.72,13.79,0.379
Leonardo Hotel Milan City Center,Wellness,0,1,1,2,50.0,0.0,0.5
Leonardo Hotel Vienna,Cleanliness,10,69,81,160,50.62,6.25,0.444
Leonardo Hotel Vienna,Facilities,27,120,145,292,49.66,9.25,0.404
Leonardo Hotel Vienna,Food,17,84,156,257,60.7,6.61,0.541
Leonardo Hotel Vienna,Location,20,168,209,397,52.64,5.04,0.476
Leonardo Hotel Vienna,Room,40,148,172,360,47.78,11.11,0.367
Leonardo Hotel Vienna,Staff_Service,29,107,150,286,52.45,10.14,0.423
Leonardo Hotel Vienna,Value,9,56,55,120,45.83,7.5,0.383
Leonardo Hotel Vienna,Wellness,0,6,8,14,57.14,0.0,0.571
Les Jardins De La Villa Spa,Cleanliness,1,2,17,20,85.0,5.0,0.8
Les Jardins De La Villa Spa,Facilities,2,2,9,13,69.23,15.38,0.538
Les Jardins De La Villa Spa,Food,1,4,20,25,80.0,4.0,0.76
Les Jardins De La Villa Spa,Location,3,6,28,37,75.68,8.11,0.676
Les Jardins De La Villa Spa,Room,7,6,45,58,77.59,12.07,0.655
Les Jardins De La Villa Spa,Staff_Service,4,6,49,59,83.05,6.78,0.763
Les Jardins De La Villa Spa,Value,2,1,4,7,57.14,28.57,0.286
Les Jardins De La Villa Spa,Wellness,1,0,12,13,92.31,7.69,0.846
Les Jardins Du Marais,Cleanliness,1,6,8,15,53.33,6.67,0.467
Les Jardins Du Marais,Facilities,1,13,9,23,39.13,4.35,0.348
Les Jardins Du Marais,Food,3,18,16,37,43.24,8.11,0.351
Les Jardins Du Marais,Location,5,28,46,79,58.23,6.33,0.519
Les Jardins Du Marais,Room,8,35,42,85,49.41,9.41,0.4
Les Jardins Du Marais,Staff_Service,8,20,45,73,61.64,10.96,0.507
Les Jardins Du Marais,Value,4,9,10,23,43.48,17.39,0.261
Les Jardins Du Marais,Wellness,1,6,4,11,36.36,9.09,0.273
Les Matins de Paris Spa,Cleanliness,2,4,12,18,66.67,11.11,0.556
Les Matins de Paris Spa,Facilities,2,5,7,14,50.0,14.29,0.357
Les Matins de Paris Spa,Food,2,3,9,14,64.29,14.29,0.5
Les Matins de Paris Spa,Location,5,7,18,30,60.0,16.67,0.433
Les Matins de Paris Spa,Room,5,9,21,35,60.0,14.29,0.457
Les Matins de Paris Spa,Staff_Service,6,6,23,35,65.71,17.14,0.486
Les Matins de Paris Spa,Value,2,2,4,8,50.0,25.0,0.25
Les Matins de Paris Spa,Wellness,4,4,11,19,57.89,21.05,0.368
Les Plumes Hotel,Cleanliness,1,3,13,17,76.47,5.88,0.706
Les Plumes Hotel,Facilities,2,12,14,28,50.0,7.14,0.429
Les Plumes Hotel,Food,2,4,28,34,82.35,5.88,0.765
Les Plumes Hotel,Location,2,14,43,59,72.88,3.39,0.695
Les Plumes Hotel,Room,2,20,42,64,65.62,3.12,0.625
Les Plumes Hotel,Staff_Service,1,12,53,66,80.3,1.52,0.788
Les Plumes Hotel,Value,0,5,9,14,64.29,0.0,0.643
Lindner Hotel Am Belvedere,Cleanliness,4,4,8,16,50.0,25.0,0.25
Lindner Hotel Am Belvedere,Facilities,3,8,8,19,42.11,15.79,0.263
Lindner Hotel Am Belvedere,Food,3,16,23,42,54.76,7.14,0.476
Lindner Hotel Am Belvedere,Location,6,12,13,31,41.94,19.35,0.226
Lindner Hotel Am Belvedere,Room,11,17,23,51,45.1,21.57,0.235
Lindner Hotel Am Belvedere,Staff_Service,3,7,16,26,61.54,11.54,0.5
Lindner Hotel Am Belvedere,Value,1,6,9,16,56.25,6.25,0.5
Lindner Hotel Am Belvedere,Wellness,2,3,6,11,54.55,18.18,0.364
Little Palace Hotel,Cleanliness,3,26,39,68,57.35,4.41,0.529
Little Palace Hotel,Facilities,4,33,35,72,48.61,5.56,0.431
Little Palace Hotel,Food,4,15,47,66,71.21,6.06,0.652
Little Palace Hotel,Location,4,61,115,180,63.89,2.22,0.617
Little Palace Hotel,Room,11,77,117,205,57.07,5.37,0.517
Little Palace Hotel,Staff_Service,5,42,98,145,67.59,3.45,0.641
Little Palace Hotel,Value,6,13,14,33,42.42,18.18,0.242
Little Palace Hotel,Wellness,0,0,1,1,100.0,0.0,1.0
London Bridge Hotel,Cleanliness,0,3,14,17,82.35,0.0,0.824
London Bridge Hotel,Facilities,2,5,9,16,56.25,12.5,0.438
London Bridge Hotel,Food,3,9,28,40,70.0,7.5,0.625
London Bridge Hotel,Location,5,25,57,87,65.52,5.75,0.598
London Bridge Hotel,Room,10,30,47,87,54.02,11.49,0.425
London Bridge Hotel,Staff_Service,2,12,67,81,82.72,2.47,0.802
London Bridge Hotel,Value,2,4,12,18,66.67,11.11,0.556
London Bridge Hotel,Wellness,0,0,2,2,100.0,0.0,1.0
London City Suites,Cleanliness,3,20,76,99,76.77,3.03,0.737
London City Suites,Facilities,6,14,75,95,78.95,6.32,0.726
London City Suites,Food,9,30,94,133,70.68,6.77,0.639
London City Suites,Location,10,43,195,248,78.63,4.03,0.746
London City Suites,Room,28,96,331,455,72.75,6.15,0.666
London City Suites,Staff_Service,20,57,349,426,81.92,4.69,0.772
London City Suites,Value,5,26,62,93,66.67,5.38,0.613
London City Suites,Wellness,3,2,4,9,44.44,33.33,0.111
London Elizabeth Hotel,Cleanliness,14,14,9,37,24.32,37.84,-0.135
London Elizabeth Hotel,Facilities,14,25,24,63,38.1,22.22,0.159
London Elizabeth Hotel,Food,29,36,44,109,40.37,26.61,0.138
London Elizabeth Hotel,Location,39,52,46,137,33.58,28.47,0.051
London Elizabeth Hotel,Room,47,55,45,147,30.61,31.97,-0.014
London Elizabeth Hotel,Staff_Service,25,38,49,112,43.75,22.32,0.214
London Elizabeth Hotel,Value,13,3,13,29,44.83,44.83,0.0
London Hilton on Park Lane,Cleanliness,12,16,11,39,28.21,30.77,-0.026
London Hilton on Park Lane,Facilities,10,17,20,47,42.55,21.28,0.213
London Hilton on Park Lane,Food,15,26,36,77,46.75,19.48,0.273
London Hilton on Park Lane,Location,21,57,50,128,39.06,16.41,0.227
London Hilton on Park Lane,Room,36,62,51,149,34.23,24.16,0.101
London Hilton on Park Lane,Staff_Service,29,34,60,123,48.78,23.58,0.252
London Hilton on Park Lane,Value,11,15,9,35,25.71,31.43,-0.057
London Hilton on Park Lane,Wellness,0,0,1,1,100.0,0.0,1.0
London Marriott Hotel County Hall,Cleanliness,2,4,16,22,72.73,9.09,0.636
London Marriott Hotel County Hall,Facilities,4,8,13,25,52.0,16.0,0.36
London Marriott Hotel County Hall,Food,8,17,54,79,68.35,10.13,0.582
London Marriott Hotel County Hall,Location,9,31,54,94,57.45,9.57,0.479
London Marriott Hotel County Hall,Room,20,33,75,128,58.59,15.62,0.43
London Marriott Hotel County Hall,Staff_Service,11,25,86,122,70.49,9.02,0.615
London Marriott Hotel County Hall,Value,3,9,11,23,47.83,13.04,0.348
London Marriott Hotel County Hall,Wellness,2,5,15,22,68.18,9.09,0.591
London Marriott Hotel Grosvenor Square,Cleanliness,3,7,12,22,54.55,13.64,0.409
London Marriott Hotel Grosvenor Square,Facilities,6,28,8,42,19.05,14.29,0.048
London Marriott Hotel Grosvenor Square,Food,10,37,27,74,36.49,13.51,0.23
London Marriott Hotel Grosvenor Square,Location,12,64,55,131,41.98,9.16,0.328
London Marriott Hotel Grosvenor Square,Room,25,68,50,143,34.97,17.48,0.175
London Marriott Hotel Grosvenor Square,Staff_Service,14,43,58,115,50.43,12.17,0.383
London Marriott Hotel Grosvenor Square,Value,3,19,3,25,12.0,12.0,0.0
London Marriott Hotel Grosvenor Square,Wellness,0,0,1,1,100.0,0.0,1.0
London Marriott Hotel Kensington,Cleanliness,0,7,17,24,70.83,0.0,0.708
London Marriott Hotel Kensington,Facilities,2,10,12,24,50.0,8.33,0.417
London Marriott Hotel Kensington,Food,7,20,35,62,56.45,11.29,0.452
London Marriott Hotel Kensington,Location,5,27,40,72,55.56,6.94,0.486
London Marriott Hotel Kensington,Room,10,37,50,97,51.55,10.31,0.412
London Marriott Hotel Kensington,Staff_Service,8,33,71,112,63.39,7.14,0.562
London Marriott Hotel Kensington,Value,3,10,12,25,48.0,12.0,0.36
London Marriott Hotel Kensington,Wellness,0,1,1,2,50.0,0.0,0.5
London Marriott Hotel Marble Arch,Cleanliness,6,11,31,48,64.58,12.5,0.521
London Marriott Hotel Marble Arch,Facilities,9,24,38,71,53.52,12.68,0.408
London Marriott Hotel Marble Arch,Food,12,42,131,185,70.81,6.49,0.643
London Marriott Hotel Marble Arch,Location,20,60,100,180,55.56,11.11,0.444
London Marriott Hotel Marble Arch,Room,26,51,107,184,58.15,14.13,0.44
London Marriott Hotel Marble Arch,Staff_Service,24,57,200,281,71.17,8.54,0.626
London Marriott Hotel Marble Arch,Value,8,19,27,54,50.0,14.81,0.352
London Marriott Hotel Marble Arch,Wellness,6,11,28,45,62.22,13.33,0.489
London Marriott Hotel Park Lane,Cleanliness,0,2,5,7,71.43,0.0,0.714
London Marriott Hotel Park Lane,Facilities,2,5,8,15,53.33,13.33,0.4
London Marriott Hotel Park Lane,Food,2,4,8,14,57.14,14.29,0.429
London Marriott Hotel Park Lane,Location,1,13,22,36,61.11,2.78,0.583
London Marriott Hotel Park Lane,Room,3,12,20,35,57.14,8.57,0.486
London Marriott Hotel Park Lane,Staff_Service,1,7,26,34,76.47,2.94,0.735
London Marriott Hotel Park Lane,Value,1,3,2,6,33.33,16.67,0.167
London Marriott Hotel Park Lane,Wellness,1,1,3,5,60.0,20.0,0.4
London Marriott Hotel Regents Park,Cleanliness,10,29,62,101,61.39,9.9,0.515
London Marriott Hotel Regents Park,Facilities,22,38,82,142,57.75,15.49,0.423
London Marriott Hotel Regents Park,Food,29,75,172,276,62.32,10.51,0.518
London Marriott Hotel Regents Park,Location,19,70,115,204,56.37,9.31,0.471
London Marriott Hotel Regents Park,Room,55,120,173,348,49.71,15.8,0.339
London Marriott Hotel Regents Park,Staff_Service,40,95,270,405,66.67,9.88,0.568
London Marriott Hotel Regents Park,Value,12,31,55,98,56.12,12.24,0.439
London Marriott Hotel Regents Park,Wellness,6,40,85,131,64.89,4.58,0.603
London Marriott Hotel West India Quay,Cleanliness,16,40,119,175,68.0,9.14,0.589
London Marriott Hotel West India Quay,Facilities,14,34,106,154,68.83,9.09,0.597
London Marriott Hotel West India Quay,Food,20,112,391,523,74.76,3.82,0.709
London Marriott Hotel West India Quay,Location,23,118,358,499,71.74,4.61,0.671
London Marriott Hotel West India Quay,Room,54,172,497,723,68.74,7.47,0.613
London Marriott Hotel West India Quay,Staff_Service,30,128,666,824,80.83,3.64,0.772
London Marriott Hotel West India Quay,Value,12,49,137,198,69.19,6.06,0.631
London Marriott Hotel West India Quay,Wellness,3,10,18,31,58.06,9.68,0.484
London Marriott Maida Vale,Cleanliness,10,21,54,85,63.53,11.76,0.518
London Marriott Maida Vale,Facilities,7,27,53,87,60.92,8.05,0.529
London Marriott Maida Vale,Food,20,40,85,145,58.62,13.79,0.448
London Marriott Maida Vale,Location,13,37,67,117,57.26,11.11,0.462
London Marriott Maida Vale,Room,35,77,141,253,55.73,13.83,0.419
London Marriott Maida Vale,Staff_Service,28,52,136,216,62.96,12.96,0.5
London Marriott Maida Vale,Value,9,23,30,62,48.39,14.52,0.339
London Marriott Maida Vale,Wellness,11,16,27,54,50.0,20.37,0.296
London Suites,Cleanliness,7,27,15,49,30.61,14.29,0.163
London Suites,Facilities,4,18,9,31,29.03,12.9,0.161
London Suites,Food,4,4,7,15,46.67,26.67,0.2
London Suites,Location,5,28,20,53,37.74,9.43,0.283
London Suites,Room,14,31,13,58,22.41,24.14,-0.017
London Suites,Staff_Service,3,12,6,21,28.57,14.29,0.143
London Suites,Value,0,4,5,9,55.56,0.0,0.556
Luxury Suites Amsterdam,Cleanliness,2,2,29,33,87.88,6.06,0.818
Luxury Suites Amsterdam,Facilities,3,3,15,21,71.43,14.29,0.571
Luxury Suites Amsterdam,Food,4,5,26,35,74.29,11.43,0.629
Luxury Suites Amsterdam,Location,4,14,76,94,80.85,4.26,0.766
Luxury Suites Amsterdam,Room,7,15,80,102,78.43,6.86,0.716
Luxury Suites Amsterdam,Staff_Service,6,12,131,149,87.92,4.03,0.839
Luxury Suites Amsterdam,Value,3,2,16,21,76.19,14.29,0.619
Luxury Suites Amsterdam,Wellness,0,0,6,6,100.0,0.0,1.0
Lyric H tel Paris,Cleanliness,0,6,16,22,72.73,0.0,0.727
Lyric H tel Paris,Facilities,0,1,10,11,90.91,0.0,0.909
Lyric H tel Paris,Food,0,4,24,28,85.71,0.0,0.857
Lyric H tel Paris,Location,0,8,37,45,82.22,0.0,0.822
Lyric H tel Paris,Room,0,11,36,47,76.6,0.0,0.766
Lyric H tel Paris,Staff_Service,0,3,44,47,93.62,0.0,0.936
Lyric H tel Paris,Value,0,0,7,7,100.0,0.0,1.0
Lyric H tel Paris,Wellness,0,1,21,22,95.45,0.0,0.955
M by Montcalm Shoreditch London Tech City,Cleanliness,12,60,225,297,75.76,4.04,0.717
M by Montcalm Shoreditch London Tech City,Facilities,16,51,282,349,80.8,4.58,0.762
M by Montcalm Shoreditch London Tech City,Food,28,89,344,461,74.62,6.07,0.685
M by Montcalm Shoreditch London Tech City,Location,24,102,349,475,73.47,5.05,0.684
M by Montcalm Shoreditch London Tech City,Room,59,222,854,1135,75.24,5.2,0.7
M by Montcalm Shoreditch London Tech City,Staff_Service,56,146,780,982,79.43,5.7,0.737
M by Montcalm Shoreditch London Tech City,Value,10,49,158,217,72.81,4.61,0.682
M by Montcalm Shoreditch London Tech City,Wellness,16,86,375,477,78.62,3.35,0.753
M venpick Hotel Amsterdam City Centre,Cleanliness,13,20,49,82,59.76,15.85,0.439
M venpick Hotel Amsterdam City Centre,Facilities,5,14,47,66,71.21,7.58,0.636
M venpick Hotel Amsterdam City Centre,Food,16,34,124,174,71.26,9.2,0.621
M venpick Hotel Amsterdam City Centre,Location,18,51,163,232,70.26,7.76,0.625
M venpick Hotel Amsterdam City Centre,Room,30,62,159,251,63.35,11.95,0.514
M venpick Hotel Amsterdam City Centre,Staff_Service,19,43,144,206,69.9,9.22,0.607
M venpick Hotel Amsterdam City Centre,Value,8,24,50,82,60.98,9.76,0.512
M venpick Hotel Amsterdam City Centre,Wellness,3,5,13,21,61.9,14.29,0.476
MARQUIS Faubourg St Honor Relais Ch teaux,Cleanliness,0,0,1,1,100.0,0.0,1.0
MARQUIS Faubourg St Honor Relais Ch teaux,Facilities,1,0,0,1,0.0,100.0,-1.0
MARQUIS Faubourg St Honor Relais Ch teaux,Food,1,1,2,4,50.0,25.0,0.25
MARQUIS Faubourg St Honor Relais Ch teaux,Location,1,1,3,5,60.0,20.0,0.4
MARQUIS Faubourg St Honor Relais Ch teaux,Room,2,2,4,8,50.0,25.0,0.25
MARQUIS Faubourg St Honor Relais Ch teaux,Staff_Service,2,0,4,6,66.67,33.33,0.333
MARQUIS Faubourg St Honor Relais Ch teaux,Value,1,1,2,4,50.0,25.0,0.25
MARQUIS Faubourg St Honor Relais Ch teaux,Wellness,1,0,0,1,0.0,100.0,-1.0
ME London by Melia,Cleanliness,3,3,24,30,80.0,10.0,0.7
ME London by Melia,Facilities,1,6,29,36,80.56,2.78,0.778
ME London by Melia,Food,2,19,70,91,76.92,2.2,0.747
ME London by Melia,Location,6,19,109,134,81.34,4.48,0.769
ME London by Melia,Room,16,32,151,199,75.88,8.04,0.678
ME London by Melia,Staff_Service,8,25,215,248,86.69,3.23,0.835
ME London by Melia,Value,6,9,28,43,65.12,13.95,0.512
ME London by Melia,Wellness,0,5,11,16,68.75,0.0,0.688
ME Milan Il Duca,Cleanliness,1,2,20,23,86.96,4.35,0.826
ME Milan Il Duca,Facilities,0,1,11,12,91.67,0.0,0.917
ME Milan Il Duca,Food,1,3,27,31,87.1,3.23,0.839
ME Milan Il Duca,Location,0,3,24,27,88.89,0.0,0.889
ME Milan Il Duca,Room,4,7,41,52,78.85,7.69,0.712
ME Milan Il Duca,Staff_Service,3,5,74,82,90.24,3.66,0.866
ME Milan Il Duca,Value,0,5,8,13,61.54,0.0,0.615
ME Milan Il Duca,Wellness,2,0,7,9,77.78,22.22,0.556
Madeleine Plaza,Cleanliness,1,2,9,12,75.0,8.33,0.667
Madeleine Plaza,Facilities,1,4,5,10,50.0,10.0,0.4
Madeleine Plaza,Food,0,9,15,24,62.5,0.0,0.625
Madeleine Plaza,Location,2,26,68,96,70.83,2.08,0.688
Madeleine Plaza,Room,2,21,42,65,64.62,3.08,0.615
Madeleine Plaza,Staff_Service,2,13,44,59,74.58,3.39,0.712
Madeleine Plaza,Value,1,7,11,19,57.89,5.26,0.526
Madeleine Plaza,Wellness,0,1,1,2,50.0,0.0,0.5
Maison Albar H tel Paris Champs Elys es ex Mac Mahon ,Cleanliness,5,5,8,18,44.44,27.78,0.167
Maison Albar H tel Paris Champs Elys es ex Mac Mahon ,Facilities,4,5,5,14,35.71,28.57,0.071
Maison Albar H tel Paris Champs Elys es ex Mac Mahon ,Food,2,6,9,17,52.94,11.76,0.412
Maison Albar H tel Paris Champs Elys es ex Mac Mahon ,Location,9,26,49,84,58.33,10.71,0.476
Maison Albar H tel Paris Champs Elys es ex Mac Mahon ,Room,12,23,30,65,46.15,18.46,0.277
Maison Albar H tel Paris Champs Elys es ex Mac Mahon ,Staff_Service,12,17,37,66,56.06,18.18,0.379
Maison Albar H tel Paris Champs Elys es ex Mac Mahon ,Value,6,4,7,17,41.18,35.29,0.059
Maison Albar H tel Paris Champs Elys es ex Mac Mahon ,Wellness,1,2,2,5,40.0,20.0,0.2
Maison Albar Hotel Paris C line,Cleanliness,2,2,9,13,69.23,15.38,0.538
Maison Albar Hotel Paris C line,Facilities,0,2,5,7,71.43,0.0,0.714
Maison Albar Hotel Paris C line,Food,5,9,21,35,60.0,14.29,0.457
Maison Albar Hotel Paris C line,Location,4,5,23,32,71.88,12.5,0.594
Maison Albar Hotel Paris C line,Room,5,7,22,34,64.71,14.71,0.5
Maison Albar Hotel Paris C line,Staff_Service,5,6,31,42,73.81,11.9,0.619
Maison Albar Hotel Paris C line,Value,4,2,2,8,25.0,50.0,-0.25
Maison Albar Hotel Paris C line,Wellness,1,2,14,17,82.35,5.88,0.765
Maison Albar Hotel Paris Op ra Diamond,Cleanliness,2,10,38,50,76.0,4.0,0.72
Maison Albar Hotel Paris Op ra Diamond,Facilities,0,11,25,36,69.44,0.0,0.694
Maison Albar Hotel Paris Op ra Diamond,Food,6,11,61,78,78.21,7.69,0.705
Maison Albar Hotel Paris Op ra Diamond,Location,6,28,94,128,73.44,4.69,0.688
Maison Albar Hotel Paris Op ra Diamond,Room,12,32,104,148,70.27,8.11,0.622
Maison Albar Hotel Paris Op ra Diamond,Staff_Service,12,25,119,156,76.28,7.69,0.686
Maison Albar Hotel Paris Op ra Diamond,Value,1,11,21,33,63.64,3.03,0.606
Maison Albar Hotel Paris Op ra Diamond,Wellness,0,2,5,7,71.43,0.0,0.714
Maison Borella,Cleanliness,0,1,19,20,95.0,0.0,0.95
Maison Borella,Facilities,0,1,9,10,90.0,0.0,0.9
Maison Borella,Food,0,7,53,60,88.33,0.0,0.883
Maison Borella,Location,0,6,72,78,92.31,0.0,0.923
Maison Borella,Room,0,10,43,53,81.13,0.0,0.811
Maison Borella,Staff_Service,0,2,63,65,96.92,0.0,0.969
Maison Borella,Value,0,2,5,7,71.43,0.0,0.714
Maison Borella,Wellness,0,0,1,1,100.0,0.0,1.0
Maison Souquet,Cleanliness,0,0,3,3,100.0,0.0,1.0
Maison Souquet,Facilities,1,2,5,8,62.5,12.5,0.5
Maison Souquet,Food,1,1,14,16,87.5,6.25,0.812
Maison Souquet,Location,2,4,21,27,77.78,7.41,0.704
Maison Souquet,Room,2,4,20,26,76.92,7.69,0.692
Maison Souquet,Staff_Service,1,5,53,59,89.83,1.69,0.881
Maison Souquet,Value,0,3,4,7,57.14,0.0,0.571
Maison Souquet,Wellness,0,2,26,28,92.86,0.0,0.929
Majestic Hotel Spa,Cleanliness,0,2,2,4,50.0,0.0,0.5
Majestic Hotel Spa,Facilities,1,0,3,4,75.0,25.0,0.5
Majestic Hotel Spa,Food,1,0,6,7,85.71,14.29,0.714
Majestic Hotel Spa,Location,2,5,10,17,58.82,11.76,0.471
Majestic Hotel Spa,Room,1,2,11,14,78.57,7.14,0.714
Majestic Hotel Spa,Staff_Service,1,3,15,19,78.95,5.26,0.737
Majestic Hotel Spa,Value,2,2,4,8,50.0,25.0,0.25
Majestic Hotel Spa,Wellness,0,2,10,12,83.33,0.0,0.833
Majestic Hotel Spa Barcelona GL,Cleanliness,2,10,33,45,73.33,4.44,0.689
Majestic Hotel Spa Barcelona GL,Facilities,6,14,29,49,59.18,12.24,0.469
Majestic Hotel Spa Barcelona GL,Food,3,17,53,73,72.6,4.11,0.685
Majestic Hotel Spa Barcelona GL,Location,18,57,153,228,67.11,7.89,0.592
Majestic Hotel Spa Barcelona GL,Room,22,53,100,175,57.14,12.57,0.446
Majestic Hotel Spa Barcelona GL,Staff_Service,9,36,180,225,80.0,4.0,0.76
Majestic Hotel Spa Barcelona GL,Value,7,13,25,45,55.56,15.56,0.4
Majestic Hotel Spa Barcelona GL,Wellness,3,13,31,47,65.96,6.38,0.596
Malmaison London,Cleanliness,10,12,44,66,66.67,15.15,0.515
Malmaison London,Facilities,5,10,55,70,78.57,7.14,0.714
Malmaison London,Food,16,37,145,198,73.23,8.08,0.652
Malmaison London,Location,13,54,178,245,72.65,5.31,0.673
Malmaison London,Room,40,110,360,510,70.59,7.84,0.627
Malmaison London,Staff_Service,15,59,261,335,77.91,4.48,0.734
Malmaison London,Value,6,21,53,80,66.25,7.5,0.588
Malmaison London,Wellness,0,3,7,10,70.0,0.0,0.7
Mandarin Oriental Barcelona,Cleanliness,0,2,3,5,60.0,0.0,0.6
Mandarin Oriental Barcelona,Facilities,0,4,11,15,73.33,0.0,0.733
Mandarin Oriental Barcelona,Food,0,6,10,16,62.5,0.0,0.625
Mandarin Oriental Barcelona,Location,1,9,19,29,65.52,3.45,0.621
Mandarin Oriental Barcelona,Room,1,12,15,28,53.57,3.57,0.5
Mandarin Oriental Barcelona,Staff_Service,1,7,23,31,74.19,3.23,0.71
Mandarin Oriental Barcelona,Value,0,5,5,10,50.0,0.0,0.5
Mandarin Oriental Barcelona,Wellness,0,3,5,8,62.5,0.0,0.625
Mandarin Oriental Hyde Park London,Cleanliness,1,0,2,3,66.67,33.33,0.333
Mandarin Oriental Hyde Park London,Facilities,3,2,5,10,50.0,30.0,0.2
Mandarin Oriental Hyde Park London,Food,4,4,15,23,65.22,17.39,0.478
Mandarin Oriental Hyde Park London,Location,7,15,12,34,35.29,20.59,0.147
Mandarin Oriental Hyde Park London,Room,5,11,16,32,50.0,15.62,0.344
Mandarin Oriental Hyde Park London,Staff_Service,6,11,30,47,63.83,12.77,0.511
Mandarin Oriental Hyde Park London,Value,0,4,2,6,33.33,0.0,0.333
Mandarin Oriental Hyde Park London,Wellness,1,1,2,4,50.0,25.0,0.25
Mandarin Oriental Milan,Cleanliness,0,2,1,3,33.33,0.0,0.333
Mandarin Oriental Milan,Facilities,0,2,6,8,75.0,0.0,0.75
Mandarin Oriental Milan,Food,0,5,8,13,61.54,0.0,0.615
Mandarin Oriental Milan,Location,0,3,4,7,57.14,0.0,0.571
Mandarin Oriental Milan,Room,1,4,6,11,54.55,9.09,0.455
Mandarin Oriental Milan,Staff_Service,1,4,10,15,66.67,6.67,0.6
Mandarin Oriental Milan,Value,0,3,2,5,40.0,0.0,0.4
Mandarin Oriental Milan,Wellness,1,1,1,3,33.33,33.33,0.0
Mandarin Oriental Paris,Cleanliness,0,1,1,2,50.0,0.0,0.5
Mandarin Oriental Paris,Food,0,2,4,6,66.67,0.0,0.667
Mandarin Oriental Paris,Location,1,0,7,8,87.5,12.5,0.75
Mandarin Oriental Paris,Room,0,3,6,9,66.67,0.0,0.667
Mandarin Oriental Paris,Staff_Service,1,2,9,12,75.0,8.33,0.667
Mandarin Oriental Paris,Value,0,0,2,2,100.0,0.0,1.0
Mandarin Oriental Paris,Wellness,0,1,2,3,66.67,0.0,0.667
Marlin Waterloo,Cleanliness,3,4,13,20,65.0,15.0,0.5
Marlin Waterloo,Facilities,1,3,14,18,77.78,5.56,0.722
Marlin Waterloo,Food,0,1,9,10,90.0,0.0,0.9
Marlin Waterloo,Location,7,6,25,38,65.79,18.42,0.474
Marlin Waterloo,Room,10,10,28,48,58.33,20.83,0.375
Marlin Waterloo,Staff_Service,8,9,19,36,52.78,22.22,0.306
Marlin Waterloo,Value,5,4,2,11,18.18,45.45,-0.273
Marlin Waterloo,Wellness,1,0,2,3,66.67,33.33,0.333
Maxim Op ra,Cleanliness,3,3,8,14,57.14,21.43,0.357
Maxim Op ra,Facilities,0,3,3,6,50.0,0.0,0.5
Maxim Op ra,Food,1,1,5,7,71.43,14.29,0.571
Maxim Op ra,Location,1,6,11,18,61.11,5.56,0.556
Maxim Op ra,Room,4,6,14,24,58.33,16.67,0.417
Maxim Op ra,Staff_Service,4,3,10,17,58.82,23.53,0.353
Maxim Op ra,Value,0,3,6,9,66.67,0.0,0.667
Mayflower Hotel Apartments,Cleanliness,30,73,88,191,46.07,15.71,0.304
Mayflower Hotel Apartments,Facilities,19,64,38,121,31.4,15.7,0.157
Mayflower Hotel Apartments,Food,56,129,148,333,44.44,16.82,0.276
Mayflower Hotel Apartments,Location,57,211,186,454,40.97,12.56,0.284
Mayflower Hotel Apartments,Room,108,223,212,543,39.04,19.89,0.192
Mayflower Hotel Apartments,Staff_Service,65,121,139,325,42.77,20.0,0.228
Mayflower Hotel Apartments,Value,20,47,48,115,41.74,17.39,0.243
Mayflower Hotel Apartments,Wellness,1,0,2,3,66.67,33.33,0.333
Medinaceli,Cleanliness,1,2,7,10,70.0,10.0,0.6
Medinaceli,Facilities,4,6,9,19,47.37,21.05,0.263
Medinaceli,Food,2,1,5,8,62.5,25.0,0.375
Medinaceli,Location,6,17,34,57,59.65,10.53,0.491
Medinaceli,Room,7,20,17,44,38.64,15.91,0.227
Medinaceli,Staff_Service,7,10,22,39,56.41,17.95,0.385
Medinaceli,Value,2,5,5,12,41.67,16.67,0.25
Medinaceli,Wellness,0,1,0,1,0.0,0.0,0.0
Megaro Hotel,Cleanliness,4,18,84,106,79.25,3.77,0.755
Megaro Hotel,Facilities,6,25,70,101,69.31,5.94,0.634
Megaro Hotel,Food,2,28,150,180,83.33,1.11,0.822
Megaro Hotel,Location,13,89,335,437,76.66,2.97,0.737
Megaro Hotel,Room,23,90,327,440,74.32,5.23,0.691
Megaro Hotel,Staff_Service,9,64,358,431,83.06,2.09,0.81
Megaro Hotel,Value,4,14,58,76,76.32,5.26,0.711
Megaro Hotel,Wellness,0,1,0,1,0.0,0.0,0.0
Meli Milano,Cleanliness,6,8,3,17,17.65,35.29,-0.176
Meli Milano,Facilities,3,8,8,19,42.11,15.79,0.263
Meli Milano,Food,13,14,16,43,37.21,30.23,0.07
Meli Milano,Location,6,12,15,33,45.45,18.18,0.273
Meli Milano,Room,15,16,17,48,35.42,31.25,0.042
Meli Milano,Staff_Service,11,18,23,52,44.23,21.15,0.231
Meli Milano,Value,5,5,6,16,37.5,31.25,0.062
Meli Milano,Wellness,3,2,5,10,50.0,30.0,0.2
Melia Barcelona Sarri ,Cleanliness,1,4,4,9,44.44,11.11,0.333
Melia Barcelona Sarri ,Facilities,3,7,4,14,28.57,21.43,0.071
Melia Barcelona Sarri ,Food,3,9,28,40,70.0,7.5,0.625
Melia Barcelona Sarri ,Location,2,8,14,24,58.33,8.33,0.5
Melia Barcelona Sarri ,Room,11,13,29,53,54.72,20.75,0.34
Melia Barcelona Sarri ,Staff_Service,3,10,33,46,71.74,6.52,0.652
Melia Barcelona Sarri ,Value,2,5,7,14,50.0,14.29,0.357
Melia Barcelona Sarri ,Wellness,1,8,6,15,40.0,6.67,0.333
Melia Barcelona Sky 4 Sup,Cleanliness,0,2,2,4,50.0,0.0,0.5
Melia Barcelona Sky 4 Sup,Facilities,0,4,3,7,42.86,0.0,0.429
Melia Barcelona Sky 4 Sup,Food,3,6,7,16,43.75,18.75,0.25
Melia Barcelona Sky 4 Sup,Location,0,6,9,15,60.0,0.0,0.6
Melia Barcelona Sky 4 Sup,Room,4,8,14,26,53.85,15.38,0.385
Melia Barcelona Sky 4 Sup,Staff_Service,3,5,17,25,68.0,12.0,0.56
Melia Barcelona Sky 4 Sup,Value,1,4,5,10,50.0,10.0,0.4
Melia Barcelona Sky 4 Sup,Wellness,2,6,9,17,52.94,11.76,0.412
Melia Paris Champs Elys es,Cleanliness,0,0,1,1,100.0,0.0,1.0
Melia Paris Champs Elys es,Facilities,0,0,1,1,100.0,0.0,1.0
Melia Paris Champs Elys es,Food,1,0,0,1,0.0,100.0,-1.0
Melia Paris Champs Elys es,Location,0,1,3,4,75.0,0.0,0.75
Melia Paris Champs Elys es,Room,0,2,3,5,60.0,0.0,0.6
Melia Paris Champs Elys es,Staff_Service,0,1,7,8,87.5,0.0,0.875
Melia Paris Champs Elys es,Value,1,1,0,2,0.0,50.0,-0.5
Melia Paris Notre Dame,Cleanliness,0,2,2,4,50.0,0.0,0.5
Melia Paris Notre Dame,Facilities,0,3,5,8,62.5,0.0,0.625
Melia Paris Notre Dame,Food,0,5,9,14,64.29,0.0,0.643
Melia Paris Notre Dame,Location,2,8,29,39,74.36,5.13,0.692
Melia Paris Notre Dame,Room,3,6,18,27,66.67,11.11,0.556
Melia Paris Notre Dame,Staff_Service,3,5,23,31,74.19,9.68,0.645
Melia Paris Notre Dame,Value,1,2,3,6,50.0,16.67,0.333
Melia Paris Tour Eiffel,Cleanliness,0,6,4,10,40.0,0.0,0.4
Melia Paris Tour Eiffel,Facilities,0,2,3,5,60.0,0.0,0.6
Melia Paris Tour Eiffel,Food,0,3,5,8,62.5,0.0,0.625
Melia Paris Tour Eiffel,Location,4,13,11,28,39.29,14.29,0.25
Melia Paris Tour Eiffel,Room,5,7,12,24,50.0,20.83,0.292
Melia Paris Tour Eiffel,Staff_Service,3,6,14,23,60.87,13.04,0.478
Melia Paris Tour Eiffel,Value,0,4,2,6,33.33,0.0,0.333
Melia Paris Vendome,Cleanliness,0,0,5,5,100.0,0.0,1.0
Melia Paris Vendome,Facilities,0,3,4,7,57.14,0.0,0.571
Melia Paris Vendome,Food,2,6,5,13,38.46,15.38,0.231
Melia Paris Vendome,Location,2,9,17,28,60.71,7.14,0.536
Melia Paris Vendome,Room,2,7,13,22,59.09,9.09,0.5
Melia Paris Vendome,Staff_Service,0,5,12,17,70.59,0.0,0.706
Melia Paris Vendome,Value,1,3,2,6,33.33,16.67,0.167
Melia Vienna,Cleanliness,9,21,47,77,61.04,11.69,0.494
Melia Vienna,Facilities,11,21,65,97,67.01,11.34,0.557
Melia Vienna,Food,15,35,116,166,69.88,9.04,0.608
Melia Vienna,Location,10,36,74,120,61.67,8.33,0.533
Melia Vienna,Room,29,70,155,254,61.02,11.42,0.496
Melia Vienna,Staff_Service,30,50,107,187,57.22,16.04,0.412
Melia Vienna,Value,7,16,54,77,70.13,9.09,0.61
Melia Vienna,Wellness,2,6,19,27,70.37,7.41,0.63
Melia White House Hotel,Cleanliness,11,28,44,83,53.01,13.25,0.398
Melia White House Hotel,Facilities,10,27,32,69,46.38,14.49,0.319
Melia White House Hotel,Food,15,64,128,207,61.84,7.25,0.546
Melia White House Hotel,Location,24,102,133,259,51.35,9.27,0.421
Melia White House Hotel,Room,49,144,171,364,46.98,13.46,0.335
Melia White House Hotel,Staff_Service,40,83,231,354,65.25,11.3,0.54
Melia White House Hotel,Value,8,38,43,89,48.31,8.99,0.393
Melia White House Hotel,Wellness,3,4,6,13,46.15,23.08,0.231
Mercer Hotel Barcelona,Cleanliness,0,1,6,7,85.71,0.0,0.857
Mercer Hotel Barcelona,Facilities,0,0,5,5,100.0,0.0,1.0
Mercer Hotel Barcelona,Food,1,5,50,56,89.29,1.79,0.875
Mercer Hotel Barcelona,Location,0,6,63,69,91.3,0.0,0.913
Mercer Hotel Barcelona,Room,0,7,45,52,86.54,0.0,0.865
Mercer Hotel Barcelona,Staff_Service,1,6,100,107,93.46,0.93,0.925
Mercer Hotel Barcelona,Value,1,3,12,16,75.0,6.25,0.688
Mercer Hotel Barcelona,Wellness,0,1,15,16,93.75,0.0,0.938
Mercer House B ria BCN,Cleanliness,0,4,7,11,63.64,0.0,0.636
Mercer House B ria BCN,Facilities,1,0,9,10,90.0,10.0,0.8
Mercer House B ria BCN,Food,3,3,24,30,80.0,10.0,0.7
Mercer House B ria BCN,Location,4,7,50,61,81.97,6.56,0.754
Mercer House B ria BCN,Room,3,8,34,45,75.56,6.67,0.689
Mercer House B ria BCN,Staff_Service,5,7,38,50,76.0,10.0,0.66
Mercer House B ria BCN,Value,1,2,6,9,66.67,11.11,0.556
Mercure Amsterdam Sloterdijk Station,Cleanliness,9,36,145,190,76.32,4.74,0.716
Mercure Amsterdam Sloterdijk Station,Facilities,8,20,73,101,72.28,7.92,0.644
Mercure Amsterdam Sloterdijk Station,Food,21,53,163,237,68.78,8.86,0.599
Mercure Amsterdam Sloterdijk Station,Location,19,97,319,435,73.33,4.37,0.69
Mercure Amsterdam Sloterdijk Station,Room,35,108,287,430,66.74,8.14,0.586
Mercure Amsterdam Sloterdijk Station,Staff_Service,23,68,284,375,75.73,6.13,0.696
Mercure Amsterdam Sloterdijk Station,Value,11,26,69,106,65.09,10.38,0.547
Mercure Amsterdam Sloterdijk Station,Wellness,2,3,12,17,70.59,11.76,0.588
Mercure Barcelona Condor,Cleanliness,3,4,6,13,46.15,23.08,0.231
Mercure Barcelona Condor,Facilities,2,3,4,9,44.44,22.22,0.222
Mercure Barcelona Condor,Food,1,3,15,19,78.95,5.26,0.737
Mercure Barcelona Condor,Location,1,6,7,14,50.0,7.14,0.429
Mercure Barcelona Condor,Room,5,10,13,28,46.43,17.86,0.286
Mercure Barcelona Condor,Staff_Service,4,7,15,26,57.69,15.38,0.423
Mercure Barcelona Condor,Value,1,4,2,7,28.57,14.29,0.143
Mercure Barcelona Condor,Wellness,0,1,0,1,0.0,0.0,0.0
Mercure Grand Hotel Biedermeier Wien,Cleanliness,1,7,20,28,71.43,3.57,0.679
Mercure Grand Hotel Biedermeier Wien,Facilities,3,6,15,24,62.5,12.5,0.5
Mercure Grand Hotel Biedermeier Wien,Food,4,13,48,65,73.85,6.15,0.677
Mercure Grand Hotel Biedermeier Wien,Location,4,19,59,82,71.95,4.88,0.671
Mercure Grand Hotel Biedermeier Wien,Room,8,18,57,83,68.67,9.64,0.59
Mercure Grand Hotel Biedermeier Wien,Staff_Service,5,11,35,51,68.63,9.8,0.588
Mercure Grand Hotel Biedermeier Wien,Value,2,9,11,22,50.0,9.09,0.409
Mercure Grand Hotel Biedermeier Wien,Wellness,0,2,2,4,50.0,0.0,0.5
Mercure Hotel Amsterdam Centre Canal District,Cleanliness,4,17,31,52,59.62,7.69,0.519
Mercure Hotel Amsterdam Centre Canal District,Facilities,5,8,18,31,58.06,16.13,0.419
Mercure Hotel Amsterdam Centre Canal District,Food,9,18,53,80,66.25,11.25,0.55
Mercure Hotel Amsterdam Centre Canal District,Location,10,43,84,137,61.31,7.3,0.54
Mercure Hotel Amsterdam Centre Canal District,Room,14,45,76,135,56.3,10.37,0.459
Mercure Hotel Amsterdam Centre Canal District,Staff_Service,13,33,94,140,67.14,9.29,0.579
Mercure Hotel Amsterdam Centre Canal District,Value,3,6,30,39,76.92,7.69,0.692
Mercure Hotel Amsterdam Centre Canal District,Wellness,0,0,2,2,100.0,0.0,1.0
Mercure Hotel Amsterdam City South,Cleanliness,11,49,127,187,67.91,5.88,0.62
Mercure Hotel Amsterdam City South,Facilities,10,28,53,91,58.24,10.99,0.473
Mercure Hotel Amsterdam City South,Food,20,76,158,254,62.2,7.87,0.543
Mercure Hotel Amsterdam City South,Location,18,74,174,266,65.41,6.77,0.586
Mercure Hotel Amsterdam City South,Room,36,109,213,358,59.5,10.06,0.494
Mercure Hotel Amsterdam City South,Staff_Service,32,79,285,396,71.97,8.08,0.639
Mercure Hotel Amsterdam City South,Value,19,42,84,145,57.93,13.1,0.448
Mercure Hotel Amsterdam City South,Wellness,3,7,21,31,67.74,9.68,0.581
Mercure Hotel Amsterdam West,Cleanliness,8,31,67,106,63.21,7.55,0.557
Mercure Hotel Amsterdam West,Facilities,6,17,31,54,57.41,11.11,0.463
Mercure Hotel Amsterdam West,Food,11,44,82,137,59.85,8.03,0.518
Mercure Hotel Amsterdam West,Location,9,38,83,130,63.85,6.92,0.569
Mercure Hotel Amsterdam West,Room,27,63,107,197,54.31,13.71,0.406
Mercure Hotel Amsterdam West,Staff_Service,18,45,125,188,66.49,9.57,0.569
Mercure Hotel Amsterdam West,Value,12,39,48,99,48.48,12.12,0.364
Mercure Hotel Amsterdam West,Wellness,0,1,7,8,87.5,0.0,0.875
Mercure Hotel Raphael Wien,Cleanliness,5,11,29,45,64.44,11.11,0.533
Mercure Hotel Raphael Wien,Facilities,3,13,15,31,48.39,9.68,0.387
Mercure Hotel Raphael Wien,Food,4,16,27,47,57.45,8.51,0.489
Mercure Hotel Raphael Wien,Location,2,16,39,57,68.42,3.51,0.649
Mercure Hotel Raphael Wien,Room,12,29,55,96,57.29,12.5,0.448
Mercure Hotel Raphael Wien,Staff_Service,8,19,32,59,54.24,13.56,0.407
Mercure Hotel Raphael Wien,Value,4,7,8,19,42.11,21.05,0.211
Mercure Hotel Raphael Wien,Wellness,0,0,4,4,100.0,0.0,1.0
Mercure Josefshof Wien,Cleanliness,5,22,50,77,64.94,6.49,0.584
Mercure Josefshof Wien,Facilities,10,38,46,94,48.94,10.64,0.383
Mercure Josefshof Wien,Food,10,54,117,181,64.64,5.52,0.591
Mercure Josefshof Wien,Location,18,72,120,210,57.14,8.57,0.486
Mercure Josefshof Wien,Room,26,79,132,237,55.7,10.97,0.447
Mercure Josefshof Wien,Staff_Service,18,53,113,184,61.41,9.78,0.516
Mercure Josefshof Wien,Value,6,20,32,58,55.17,10.34,0.448
Mercure Josefshof Wien,Wellness,0,0,2,2,100.0,0.0,1.0
Mercure London Bloomsbury Hotel,Cleanliness,4,26,86,116,74.14,3.45,0.707
Mercure London Bloomsbury Hotel,Facilities,7,26,42,75,56.0,9.33,0.467
Mercure London Bloomsbury Hotel,Food,12,62,133,207,64.25,5.8,0.585
Mercure London Bloomsbury Hotel,Location,19,78,170,267,63.67,7.12,0.566
Mercure London Bloomsbury Hotel,Room,33,123,206,362,56.91,9.12,0.478
Mercure London Bloomsbury Hotel,Staff_Service,16,66,221,303,72.94,5.28,0.677
Mercure London Bloomsbury Hotel,Value,6,30,37,73,50.68,8.22,0.425
Mercure London Bridge,Cleanliness,4,13,49,66,74.24,6.06,0.682
Mercure London Bridge,Facilities,3,17,29,49,59.18,6.12,0.531
Mercure London Bridge,Food,8,35,86,129,66.67,6.2,0.605
Mercure London Bridge,Location,9,57,115,181,63.54,4.97,0.586
Mercure London Bridge,Room,25,74,134,233,57.51,10.73,0.468
Mercure London Bridge,Staff_Service,16,56,135,207,65.22,7.73,0.575
Mercure London Bridge,Value,5,14,24,43,55.81,11.63,0.442
Mercure London Bridge,Wellness,0,2,4,6,66.67,0.0,0.667
Mercure London Hyde Park,Cleanliness,2,18,25,45,55.56,4.44,0.511
Mercure London Hyde Park,Facilities,1,10,19,30,63.33,3.33,0.6
Mercure London Hyde Park,Food,2,23,42,67,62.69,2.99,0.597
Mercure London Hyde Park,Location,5,33,63,101,62.38,4.95,0.574
Mercure London Hyde Park,Room,11,50,88,149,59.06,7.38,0.517
Mercure London Hyde Park,Staff_Service,5,23,86,114,75.44,4.39,0.711
Mercure London Hyde Park,Value,3,11,11,25,44.0,12.0,0.32
Mercure London Hyde Park,Wellness,0,0,2,2,100.0,0.0,1.0
Mercure London Kensington Hotel,Cleanliness,8,22,32,62,51.61,12.9,0.387
Mercure London Kensington Hotel,Facilities,16,45,29,90,32.22,17.78,0.144
Mercure London Kensington Hotel,Food,18,59,88,165,53.33,10.91,0.424
Mercure London Kensington Hotel,Location,20,84,69,173,39.88,11.56,0.283
Mercure London Kensington Hotel,Room,48,117,112,277,40.43,17.33,0.231
Mercure London Kensington Hotel,Staff_Service,27,64,136,227,59.91,11.89,0.48
Mercure London Kensington Hotel,Value,8,15,24,47,51.06,17.02,0.34
Mercure London Kensington Hotel,Wellness,1,2,2,5,40.0,20.0,0.2
Mercure London Paddington Hotel,Cleanliness,12,25,39,76,51.32,15.79,0.355
Mercure London Paddington Hotel,Facilities,14,37,32,83,38.55,16.87,0.217
Mercure London Paddington Hotel,Food,22,52,51,125,40.8,17.6,0.232
Mercure London Paddington Hotel,Location,58,154,177,389,45.5,14.91,0.306
Mercure London Paddington Hotel,Room,74,153,134,361,37.12,20.5,0.166
Mercure London Paddington Hotel,Staff_Service,32,72,121,225,53.78,14.22,0.396
Mercure London Paddington Hotel,Value,26,26,30,82,36.59,31.71,0.049
Mercure London Paddington Hotel,Wellness,0,2,2,4,50.0,0.0,0.5
Mercure Milano Regency,Cleanliness,0,2,4,6,66.67,0.0,0.667
Mercure Milano Regency,Facilities,0,1,1,2,50.0,0.0,0.5
Mercure Milano Regency,Food,0,3,9,12,75.0,0.0,0.75
Mercure Milano Regency,Location,0,6,7,13,53.85,0.0,0.538
Mercure Milano Regency,Room,1,4,8,13,61.54,7.69,0.538
Mercure Milano Regency,Staff_Service,1,2,10,13,76.92,7.69,0.692
Mercure Milano Regency,Value,0,2,1,3,33.33,0.0,0.333
Mercure Milano Regency,Wellness,0,0,3,3,100.0,0.0,1.0
Mercure Paris 15 Porte de Versailles,Cleanliness,0,5,5,10,50.0,0.0,0.5
Mercure Paris 15 Porte de Versailles,Facilities,0,0,3,3,100.0,0.0,1.0
Mercure Paris 15 Porte de Versailles,Food,1,3,5,9,55.56,11.11,0.444
Mercure Paris 15 Porte de Versailles,Location,0,5,3,8,37.5,0.0,0.375
Mercure Paris 15 Porte de Versailles,Room,1,6,5,12,41.67,8.33,0.333
Mercure Paris 15 Porte de Versailles,Staff_Service,0,4,6,10,60.0,0.0,0.6
Mercure Paris 15 Porte de Versailles,Value,0,1,3,4,75.0,0.0,0.75
Mercure Paris 17 me Saint Lazare Monceau,Cleanliness,0,1,3,4,75.0,0.0,0.75
Mercure Paris 17 me Saint Lazare Monceau,Facilities,1,1,1,3,33.33,33.33,0.0
Mercure Paris 17 me Saint Lazare Monceau,Food,1,0,4,5,80.0,20.0,0.6
Mercure Paris 17 me Saint Lazare Monceau,Location,0,0,4,4,100.0,0.0,1.0
Mercure Paris 17 me Saint Lazare Monceau,Room,2,1,6,9,66.67,22.22,0.444
Mercure Paris 17 me Saint Lazare Monceau,Staff_Service,0,0,7,7,100.0,0.0,1.0
Mercure Paris 17 me Saint Lazare Monceau,Value,1,0,2,3,66.67,33.33,0.333
Mercure Paris 19 Philharmonie La Villette,Cleanliness,2,1,5,8,62.5,25.0,0.375
Mercure Paris 19 Philharmonie La Villette,Facilities,2,4,5,11,45.45,18.18,0.273
Mercure Paris 19 Philharmonie La Villette,Food,4,2,7,13,53.85,30.77,0.231
Mercure Paris 19 Philharmonie La Villette,Location,4,9,13,26,50.0,15.38,0.346
Mercure Paris 19 Philharmonie La Villette,Room,7,8,10,25,40.0,28.0,0.12
Mercure Paris 19 Philharmonie La Villette,Staff_Service,6,8,8,22,36.36,27.27,0.091
Mercure Paris 19 Philharmonie La Villette,Value,2,3,3,8,37.5,25.0,0.125
Mercure Paris 19 Philharmonie La Villette,Wellness,0,0,2,2,100.0,0.0,1.0
Mercure Paris Alesia,Cleanliness,1,7,18,26,69.23,3.85,0.654
Mercure Paris Alesia,Facilities,1,3,8,12,66.67,8.33,0.583
Mercure Paris Alesia,Food,2,5,9,16,56.25,12.5,0.438
Mercure Paris Alesia,Location,2,7,17,26,65.38,7.69,0.577
Mercure Paris Alesia,Room,4,15,23,42,54.76,9.52,0.452
Mercure Paris Alesia,Staff_Service,6,11,27,44,61.36,13.64,0.477
Mercure Paris Alesia,Value,1,0,6,7,85.71,14.29,0.714
Mercure Paris Arc de Triomphe Etoile,Cleanliness,1,1,3,5,60.0,20.0,0.4
Mercure Paris Arc de Triomphe Etoile,Facilities,0,4,2,6,33.33,0.0,0.333
Mercure Paris Arc de Triomphe Etoile,Food,0,1,2,3,66.67,0.0,0.667
Mercure Paris Arc de Triomphe Etoile,Location,1,5,5,11,45.45,9.09,0.364
Mercure Paris Arc de Triomphe Etoile,Room,2,5,5,12,41.67,16.67,0.25
Mercure Paris Arc de Triomphe Etoile,Staff_Service,2,3,4,9,44.44,22.22,0.222
Mercure Paris Arc de Triomphe Etoile,Value,0,1,0,1,0.0,0.0,0.0
Mercure Paris Bastille Marais,Cleanliness,1,4,2,7,28.57,14.29,0.143
Mercure Paris Bastille Marais,Facilities,1,1,2,4,50.0,25.0,0.25
Mercure Paris Bastille Marais,Food,2,1,2,5,40.0,40.0,0.0
Mercure Paris Bastille Marais,Location,3,7,7,17,41.18,17.65,0.235
Mercure Paris Bastille Marais,Room,5,10,9,24,37.5,20.83,0.167
Mercure Paris Bastille Marais,Staff_Service,2,7,8,17,47.06,11.76,0.353
Mercure Paris Bastille Marais,Value,2,1,1,4,25.0,50.0,-0.25
Mercure Paris Bastille Saint Antoine,Cleanliness,0,0,3,3,100.0,0.0,1.0
Mercure Paris Bastille Saint Antoine,Facilities,1,3,4,8,50.0,12.5,0.375
Mercure Paris Bastille Saint Antoine,Food,0,2,4,6,66.67,0.0,0.667
Mercure Paris Bastille Saint Antoine,Location,0,2,5,7,71.43,0.0,0.714
Mercure Paris Bastille Saint Antoine,Room,0,4,9,13,69.23,0.0,0.692
Mercure Paris Bastille Saint Antoine,Staff_Service,0,6,8,14,57.14,0.0,0.571
Mercure Paris Bastille Saint Antoine,Value,0,0,2,2,100.0,0.0,1.0
Mercure Paris Bercy Biblioth que,Cleanliness,2,11,17,30,56.67,6.67,0.5
Mercure Paris Bercy Biblioth que,Facilities,3,8,7,18,38.89,16.67,0.222
Mercure Paris Bercy Biblioth que,Food,1,14,31,46,67.39,2.17,0.652
Mercure Paris Bercy Biblioth que,Location,1,16,41,58,70.69,1.72,0.69
Mercure Paris Bercy Biblioth que,Room,7,18,35,60,58.33,11.67,0.467
Mercure Paris Bercy Biblioth que,Staff_Service,4,13,42,59,71.19,6.78,0.644
Mercure Paris Bercy Biblioth que,Value,1,6,10,17,58.82,5.88,0.529
Mercure Paris Bercy Biblioth que,Wellness,1,0,1,2,50.0,50.0,0.0
Mercure Paris Centre Tour Eiffel,Cleanliness,17,37,67,121,55.37,14.05,0.413
Mercure Paris Centre Tour Eiffel,Facilities,8,32,29,69,42.03,11.59,0.304
Mercure Paris Centre Tour Eiffel,Food,32,71,105,208,50.48,15.38,0.351
Mercure Paris Centre Tour Eiffel,Location,63,149,221,433,51.04,14.55,0.365
Mercure Paris Centre Tour Eiffel,Room,72,147,154,373,41.29,19.3,0.22
Mercure Paris Centre Tour Eiffel,Staff_Service,45,81,174,300,58.0,15.0,0.43
Mercure Paris Centre Tour Eiffel,Value,19,45,39,103,37.86,18.45,0.194
Mercure Paris Centre Tour Eiffel,Wellness,0,3,3,6,50.0,0.0,0.5
Mercure Paris Champs Elys es,Cleanliness,2,4,5,11,45.45,18.18,0.273
Mercure Paris Champs Elys es,Facilities,1,1,4,6,66.67,16.67,0.5
Mercure Paris Champs Elys es,Food,1,1,0,2,0.0,50.0,-0.5
Mercure Paris Champs Elys es,Location,4,12,6,22,27.27,18.18,0.091
Mercure Paris Champs Elys es,Room,6,13,9,28,32.14,21.43,0.107
Mercure Paris Champs Elys es,Staff_Service,4,5,4,13,30.77,30.77,0.0
Mercure Paris Champs Elys es,Value,0,2,1,3,33.33,0.0,0.333
Mercure Paris Gare De Lyon TGV,Cleanliness,4,14,21,39,53.85,10.26,0.436
Mercure Paris Gare De Lyon TGV,Facilities,5,15,22,42,52.38,11.9,0.405
Mercure Paris Gare De Lyon TGV,Food,7,38,57,102,55.88,6.86,0.49
Mercure Paris Gare De Lyon TGV,Location,17,91,143,251,56.97,6.77,0.502
Mercure Paris Gare De Lyon TGV,Room,24,76,82,182,45.05,13.19,0.319
Mercure Paris Gare De Lyon TGV,Staff_Service,16,48,90,154,58.44,10.39,0.481
Mercure Paris Gare De Lyon TGV,Value,7,20,11,38,28.95,18.42,0.105
Mercure Paris Gare De Lyon TGV,Wellness,0,0,1,1,100.0,0.0,1.0
Mercure Paris Gare Montparnasse,Cleanliness,1,1,2,4,50.0,25.0,0.25
Mercure Paris Gare Montparnasse,Facilities,0,4,0,4,0.0,0.0,0.0
Mercure Paris Gare Montparnasse,Food,1,3,6,10,60.0,10.0,0.5
Mercure Paris Gare Montparnasse,Location,2,8,11,21,52.38,9.52,0.429
Mercure Paris Gare Montparnasse,Room,2,4,11,17,64.71,11.76,0.529
Mercure Paris Gare Montparnasse,Staff_Service,2,0,7,9,77.78,22.22,0.556
Mercure Paris Gare Montparnasse,Value,0,5,0,5,0.0,0.0,0.0
Mercure Paris Gare Montparnasse,Wellness,0,0,1,1,100.0,0.0,1.0
Mercure Paris Gobelins Place d Italie,Cleanliness,0,1,1,2,50.0,0.0,0.5
Mercure Paris Gobelins Place d Italie,Facilities,1,0,2,3,66.67,33.33,0.333
Mercure Paris Gobelins Place d Italie,Food,0,2,3,5,60.0,0.0,0.6
Mercure Paris Gobelins Place d Italie,Location,1,1,10,12,83.33,8.33,0.75
Mercure Paris Gobelins Place d Italie,Room,1,2,9,12,75.0,8.33,0.667
Mercure Paris Gobelins Place d Italie,Staff_Service,0,2,5,7,71.43,0.0,0.714
Mercure Paris Gobelins Place d Italie,Value,0,1,1,2,50.0,0.0,0.5
Mercure Paris Montmartre Sacr Coeur,Cleanliness,7,10,30,47,63.83,14.89,0.489
Mercure Paris Montmartre Sacr Coeur,Facilities,3,8,13,24,54.17,12.5,0.417
Mercure Paris Montmartre Sacr Coeur,Food,7,17,55,79,69.62,8.86,0.608
Mercure Paris Montmartre Sacr Coeur,Location,15,41,94,150,62.67,10.0,0.527
Mercure Paris Montmartre Sacr Coeur,Room,17,46,82,145,56.55,11.72,0.448
Mercure Paris Montmartre Sacr Coeur,Staff_Service,17,28,74,119,62.18,14.29,0.479
Mercure Paris Montmartre Sacr Coeur,Value,5,9,22,36,61.11,13.89,0.472
Mercure Paris Montmartre Sacr Coeur,Wellness,0,1,4,5,80.0,0.0,0.8
Mercure Paris Montparnasse Raspail,Cleanliness,0,5,17,22,77.27,0.0,0.773
Mercure Paris Montparnasse Raspail,Facilities,1,7,8,16,50.0,6.25,0.438
Mercure Paris Montparnasse Raspail,Food,0,9,16,25,64.0,0.0,0.64
Mercure Paris Montparnasse Raspail,Location,3,11,31,45,68.89,6.67,0.622
Mercure Paris Montparnasse Raspail,Room,2,18,28,48,58.33,4.17,0.542
Mercure Paris Montparnasse Raspail,Staff_Service,2,10,29,41,70.73,4.88,0.659
Mercure Paris Montparnasse Raspail,Value,0,1,3,4,75.0,0.0,0.75
Mercure Paris Notre Dame Saint Germain des Pr s,Cleanliness,0,3,9,12,75.0,0.0,0.75
Mercure Paris Notre Dame Saint Germain des Pr s,Facilities,2,5,5,12,41.67,16.67,0.25
Mercure Paris Notre Dame Saint Germain des Pr s,Food,1,4,7,12,58.33,8.33,0.5
Mercure Paris Notre Dame Saint Germain des Pr s,Location,7,18,31,56,55.36,12.5,0.429
Mercure Paris Notre Dame Saint Germain des Pr s,Room,8,15,22,45,48.89,17.78,0.311
Mercure Paris Notre Dame Saint Germain des Pr s,Staff_Service,4,11,21,36,58.33,11.11,0.472
Mercure Paris Notre Dame Saint Germain des Pr s,Value,1,2,6,9,66.67,11.11,0.556
Mercure Paris Op ra Faubourg Montmartre,Cleanliness,0,3,2,5,40.0,0.0,0.4
Mercure Paris Op ra Faubourg Montmartre,Facilities,2,2,2,6,33.33,33.33,0.0
Mercure Paris Op ra Faubourg Montmartre,Food,2,4,2,8,25.0,25.0,0.0
Mercure Paris Op ra Faubourg Montmartre,Location,3,8,8,19,42.11,15.79,0.263
Mercure Paris Op ra Faubourg Montmartre,Room,5,5,5,15,33.33,33.33,0.0
Mercure Paris Op ra Faubourg Montmartre,Staff_Service,2,3,8,13,61.54,15.38,0.462
Mercure Paris Op ra Faubourg Montmartre,Value,0,1,1,2,50.0,0.0,0.5
Mercure Paris Opera Garnier,Cleanliness,3,3,13,19,68.42,15.79,0.526
Mercure Paris Opera Garnier,Facilities,2,6,5,13,38.46,15.38,0.231
Mercure Paris Opera Garnier,Food,3,6,13,22,59.09,13.64,0.455
Mercure Paris Opera Garnier,Location,5,20,32,57,56.14,8.77,0.474
Mercure Paris Opera Garnier,Room,6,19,28,53,52.83,11.32,0.415
Mercure Paris Opera Garnier,Staff_Service,2,10,27,39,69.23,5.13,0.641
Mercure Paris Opera Garnier,Value,2,3,1,6,16.67,33.33,-0.167
Mercure Paris Opera Grands Boulevards,Cleanliness,0,4,12,16,75.0,0.0,0.75
Mercure Paris Opera Grands Boulevards,Facilities,1,2,6,9,66.67,11.11,0.556
Mercure Paris Opera Grands Boulevards,Food,2,2,18,22,81.82,9.09,0.727
Mercure Paris Opera Grands Boulevards,Location,0,6,16,22,72.73,0.0,0.727
Mercure Paris Opera Grands Boulevards,Room,3,12,29,44,65.91,6.82,0.591
Mercure Paris Opera Grands Boulevards,Staff_Service,2,3,23,28,82.14,7.14,0.75
Mercure Paris Opera Grands Boulevards,Value,2,3,7,12,58.33,16.67,0.417
Mercure Paris Opera Louvre,Cleanliness,1,7,11,19,57.89,5.26,0.526
Mercure Paris Opera Louvre,Facilities,2,9,7,18,38.89,11.11,0.278
Mercure Paris Opera Louvre,Food,3,10,22,35,62.86,8.57,0.543
Mercure Paris Opera Louvre,Location,3,19,28,50,56.0,6.0,0.5
Mercure Paris Opera Louvre,Room,4,29,26,59,44.07,6.78,0.373
Mercure Paris Opera Louvre,Staff_Service,6,19,22,47,46.81,12.77,0.34
Mercure Paris Opera Louvre,Value,1,3,4,8,50.0,12.5,0.375
Mercure Paris Opera Louvre,Wellness,0,2,0,2,0.0,0.0,0.0
Mercure Paris Pigalle Sacre Coeur,Cleanliness,3,6,6,15,40.0,20.0,0.2
Mercure Paris Pigalle Sacre Coeur,Facilities,0,1,4,5,80.0,0.0,0.8
Mercure Paris Pigalle Sacre Coeur,Food,2,1,6,9,66.67,22.22,0.444
Mercure Paris Pigalle Sacre Coeur,Location,6,10,25,41,60.98,14.63,0.463
Mercure Paris Pigalle Sacre Coeur,Room,6,12,23,41,56.1,14.63,0.415
Mercure Paris Pigalle Sacre Coeur,Staff_Service,6,9,12,27,44.44,22.22,0.222
Mercure Paris Pigalle Sacre Coeur,Value,1,0,4,5,80.0,20.0,0.6
Mercure Paris Place d Italie,Cleanliness,0,3,3,6,50.0,0.0,0.5
Mercure Paris Place d Italie,Facilities,1,1,3,5,60.0,20.0,0.4
Mercure Paris Place d Italie,Food,0,1,3,4,75.0,0.0,0.75
Mercure Paris Place d Italie,Location,0,5,9,14,64.29,0.0,0.643
Mercure Paris Place d Italie,Room,1,6,3,10,30.0,10.0,0.2
Mercure Paris Place d Italie,Staff_Service,0,4,7,11,63.64,0.0,0.636
Mercure Paris Place d Italie,Value,0,2,0,2,0.0,0.0,0.0
Mercure Paris Place d Italie,Wellness,0,0,1,1,100.0,0.0,1.0
Mercure Paris Porte De Versailles Expo,Cleanliness,3,2,5,10,50.0,30.0,0.2
Mercure Paris Porte De Versailles Expo,Facilities,1,0,2,3,66.67,33.33,0.333
Mercure Paris Porte De Versailles Expo,Food,4,5,7,16,43.75,25.0,0.188
Mercure Paris Porte De Versailles Expo,Location,2,2,4,8,50.0,25.0,0.25
Mercure Paris Porte De Versailles Expo,Room,6,0,10,16,62.5,37.5,0.25
Mercure Paris Porte De Versailles Expo,Staff_Service,4,3,7,14,50.0,28.57,0.214
Mercure Paris Porte De Versailles Expo,Value,4,1,3,8,37.5,50.0,-0.125
Mercure Paris Porte De Versailles Expo,Wellness,0,1,0,1,0.0,0.0,0.0
Mercure Paris Porte d Orleans,Cleanliness,0,1,5,6,83.33,0.0,0.833
Mercure Paris Porte d Orleans,Food,1,0,5,6,83.33,16.67,0.667
Mercure Paris Porte d Orleans,Location,0,0,1,1,100.0,0.0,1.0
Mercure Paris Porte d Orleans,Room,0,1,3,4,75.0,0.0,0.75
Mercure Paris Porte d Orleans,Staff_Service,1,1,3,5,60.0,20.0,0.4
Mercure Paris Porte d Orleans,Value,1,0,1,2,50.0,50.0,0.0
Mercure Paris Terminus Nord,Cleanliness,68,83,81,232,34.91,29.31,0.056
Mercure Paris Terminus Nord,Facilities,33,63,65,161,40.37,20.5,0.199
Mercure Paris Terminus Nord,Food,27,87,146,260,56.15,10.38,0.458
Mercure Paris Terminus Nord,Location,131,336,372,839,44.34,15.61,0.287
Mercure Paris Terminus Nord,Room,175,314,299,788,37.94,22.21,0.157
Mercure Paris Terminus Nord,Staff_Service,94,139,242,475,50.95,19.79,0.312
Mercure Paris Terminus Nord,Value,22,64,74,160,46.25,13.75,0.325
Mercure Paris Terminus Nord,Wellness,2,1,2,5,40.0,40.0,0.0
Mercure Paris Tour Eiffel Pont Mirabeau,Cleanliness,1,4,10,15,66.67,6.67,0.6
Mercure Paris Tour Eiffel Pont Mirabeau,Facilities,3,2,7,12,58.33,25.0,0.333
Mercure Paris Tour Eiffel Pont Mirabeau,Food,4,6,11,21,52.38,19.05,0.333
Mercure Paris Tour Eiffel Pont Mirabeau,Location,3,13,20,36,55.56,8.33,0.472
Mercure Paris Tour Eiffel Pont Mirabeau,Room,6,13,18,37,48.65,16.22,0.324
Mercure Paris Tour Eiffel Pont Mirabeau,Staff_Service,4,9,26,39,66.67,10.26,0.564
Mercure Paris Tour Eiffel Pont Mirabeau,Value,1,4,0,5,0.0,20.0,-0.2
Mercure Paris Tour Eiffel Pont Mirabeau,Wellness,0,0,1,1,100.0,0.0,1.0
Mercure Secession Wien,Cleanliness,1,2,8,11,72.73,9.09,0.636
Mercure Secession Wien,Facilities,3,6,10,19,52.63,15.79,0.368
Mercure Secession Wien,Food,1,8,31,40,77.5,2.5,0.75
Mercure Secession Wien,Location,4,17,43,64,67.19,6.25,0.609
Mercure Secession Wien,Room,1,16,27,44,61.36,2.27,0.591
Mercure Secession Wien,Staff_Service,4,10,29,43,67.44,9.3,0.581
Mercure Secession Wien,Value,1,5,8,14,57.14,7.14,0.5
Mercure Tour Eiffel Grenelle,Cleanliness,0,4,3,7,42.86,0.0,0.429
Mercure Tour Eiffel Grenelle,Facilities,1,4,1,6,16.67,16.67,0.0
Mercure Tour Eiffel Grenelle,Food,1,2,1,4,25.0,25.0,0.0
Mercure Tour Eiffel Grenelle,Location,1,5,14,20,70.0,5.0,0.65
Mercure Tour Eiffel Grenelle,Room,2,6,13,21,61.9,9.52,0.524
Mercure Tour Eiffel Grenelle,Staff_Service,2,4,12,18,66.67,11.11,0.556
Mercure Tour Eiffel Grenelle,Value,1,2,3,6,50.0,16.67,0.333
Mercure Tour Eiffel Grenelle,Wellness,0,1,1,2,50.0,0.0,0.5
Mercure Vaugirard Paris Porte De Versailles,Cleanliness,0,6,16,22,72.73,0.0,0.727
Mercure Vaugirard Paris Porte De Versailles,Facilities,1,11,13,25,52.0,4.0,0.48
Mercure Vaugirard Paris Porte De Versailles,Food,4,5,23,32,71.88,12.5,0.594
Mercure Vaugirard Paris Porte De Versailles,Location,2,16,34,52,65.38,3.85,0.615
Mercure Vaugirard Paris Porte De Versailles,Room,3,10,34,47,72.34,6.38,0.66
Mercure Vaugirard Paris Porte De Versailles,Staff_Service,3,4,32,39,82.05,7.69,0.744
Mercure Vaugirard Paris Porte De Versailles,Value,1,5,12,18,66.67,5.56,0.611
Mercure Vienna First,Cleanliness,0,1,15,16,93.75,0.0,0.938
Mercure Vienna First,Facilities,0,0,11,11,100.0,0.0,1.0
Mercure Vienna First,Food,3,0,35,38,92.11,7.89,0.842
Mercure Vienna First,Location,1,2,47,50,94.0,2.0,0.92
Mercure Vienna First,Room,3,4,29,36,80.56,8.33,0.722
Mercure Vienna First,Staff_Service,2,3,45,50,90.0,4.0,0.86
Mercure Vienna First,Value,0,0,2,2,100.0,0.0,1.0
Mercure Vienna First,Wellness,0,0,1,1,100.0,0.0,1.0
Mercure Wien Zentrum,Cleanliness,1,12,20,33,60.61,3.03,0.576
Mercure Wien Zentrum,Facilities,4,13,20,37,54.05,10.81,0.432
Mercure Wien Zentrum,Food,5,18,31,54,57.41,9.26,0.481
Mercure Wien Zentrum,Location,4,33,61,98,62.24,4.08,0.582
Mercure Wien Zentrum,Room,7,28,39,74,52.7,9.46,0.432
Mercure Wien Zentrum,Staff_Service,6,25,35,66,53.03,9.09,0.439
Mercure Wien Zentrum,Value,1,9,14,24,58.33,4.17,0.542
MiHotel,Cleanliness,0,4,2,6,33.33,0.0,0.333
MiHotel,Facilities,1,1,0,2,0.0,50.0,-0.5
MiHotel,Food,1,6,6,13,46.15,7.69,0.385
MiHotel,Location,1,4,1,6,16.67,16.67,0.0
MiHotel,Room,2,1,2,5,40.0,40.0,0.0
MiHotel,Staff_Service,2,5,7,14,50.0,14.29,0.357
MiHotel,Value,1,1,1,3,33.33,33.33,0.0
Milan Marriott Hotel,Cleanliness,1,2,3,6,50.0,16.67,0.333
Milan Marriott Hotel,Facilities,3,7,10,20,50.0,15.0,0.35
Milan Marriott Hotel,Food,1,2,12,15,80.0,6.67,0.733
Milan Marriott Hotel,Location,2,7,7,16,43.75,12.5,0.312
Milan Marriott Hotel,Room,12,12,12,36,33.33,33.33,0.0
Milan Marriott Hotel,Staff_Service,4,10,23,37,62.16,10.81,0.514
Milan Marriott Hotel,Value,3,4,6,13,46.15,23.08,0.231
Milan Marriott Hotel,Wellness,0,0,1,1,100.0,0.0,1.0
Milan Suite Hotel,Cleanliness,4,4,21,29,72.41,13.79,0.586
Milan Suite Hotel,Facilities,3,7,23,33,69.7,9.09,0.606
Milan Suite Hotel,Food,1,10,27,38,71.05,2.63,0.684
Milan Suite Hotel,Location,2,11,30,43,69.77,4.65,0.651
Milan Suite Hotel,Room,4,16,54,74,72.97,5.41,0.676
Milan Suite Hotel,Staff_Service,1,8,41,50,82.0,2.0,0.8
Milan Suite Hotel,Value,1,6,13,20,65.0,5.0,0.6
Milan Suite Hotel,Wellness,0,2,2,4,50.0,0.0,0.5
Milestone Hotel Kensington,Cleanliness,0,1,5,6,83.33,0.0,0.833
Milestone Hotel Kensington,Facilities,0,1,5,6,83.33,0.0,0.833
Milestone Hotel Kensington,Food,0,2,13,15,86.67,0.0,0.867
Milestone Hotel Kensington,Location,0,2,20,22,90.91,0.0,0.909
Milestone Hotel Kensington,Room,0,3,22,25,88.0,0.0,0.88
Milestone Hotel Kensington,Staff_Service,0,4,57,61,93.44,0.0,0.934
Milestone Hotel Kensington,Value,0,3,7,10,70.0,0.0,0.7
Milestone Hotel Kensington,Wellness,0,0,4,4,100.0,0.0,1.0
Mill sime H tel,Cleanliness,1,2,30,33,90.91,3.03,0.879
Mill sime H tel,Facilities,0,1,13,14,92.86,0.0,0.929
Mill sime H tel,Food,0,3,29,32,90.62,0.0,0.906
Mill sime H tel,Location,1,13,93,107,86.92,0.93,0.86
Mill sime H tel,Room,1,8,69,78,88.46,1.28,0.872
Mill sime H tel,Staff_Service,1,7,90,98,91.84,1.02,0.908
Mill sime H tel,Value,0,1,18,19,94.74,0.0,0.947
Mill sime H tel,Wellness,0,0,2,2,100.0,0.0,1.0
Millennium Copthorne Hotels at Chelsea Football Club,Cleanliness,15,46,80,141,56.74,10.64,0.461
Millennium Copthorne Hotels at Chelsea Football Club,Facilities,19,45,55,119,46.22,15.97,0.303
Millennium Copthorne Hotels at Chelsea Football Club,Food,27,65,122,214,57.01,12.62,0.444
Millennium Copthorne Hotels at Chelsea Football Club,Location,40,108,172,320,53.75,12.5,0.412
Millennium Copthorne Hotels at Chelsea Football Club,Room,92,162,208,462,45.02,19.91,0.251
Millennium Copthorne Hotels at Chelsea Football Club,Staff_Service,54,94,208,356,58.43,15.17,0.433
Millennium Copthorne Hotels at Chelsea Football Club,Value,23,47,69,139,49.64,16.55,0.331
Millennium Copthorne Hotels at Chelsea Football Club,Wellness,0,2,4,6,66.67,0.0,0.667
Millennium Gloucester Hotel London,Cleanliness,78,121,145,344,42.15,22.67,0.195
Millennium Gloucester Hotel London,Facilities,88,183,140,411,34.06,21.41,0.127
Millennium Gloucester Hotel London,Food,92,211,300,603,49.75,15.26,0.345
Millennium Gloucester Hotel London,Location,213,528,562,1303,43.13,16.35,0.268
Millennium Gloucester Hotel London,Room,326,567,496,1389,35.71,23.47,0.122
Millennium Gloucester Hotel London,Staff_Service,206,352,520,1078,48.24,19.11,0.291
Millennium Gloucester Hotel London,Value,70,126,140,336,41.67,20.83,0.208
Millennium Gloucester Hotel London,Wellness,6,9,13,28,46.43,21.43,0.25
Millennium Hotel London Knightsbridge,Cleanliness,37,34,28,99,28.28,37.37,-0.091
Millennium Hotel London Knightsbridge,Facilities,27,44,26,97,26.8,27.84,-0.01
Millennium Hotel London Knightsbridge,Food,28,75,97,200,48.5,14.0,0.345
Millennium Hotel London Knightsbridge,Location,109,236,189,534,35.39,20.41,0.15
Millennium Hotel London Knightsbridge,Room,140,218,132,490,26.94,28.57,-0.016
Millennium Hotel London Knightsbridge,Staff_Service,79,136,224,439,51.03,18.0,0.33
Millennium Hotel London Knightsbridge,Value,35,40,25,100,25.0,35.0,-0.1
Millennium Hotel London Knightsbridge,Wellness,1,6,5,12,41.67,8.33,0.333
Millennium Hotel London Mayfair,Cleanliness,31,44,44,119,36.97,26.05,0.109
Millennium Hotel London Mayfair,Facilities,41,76,75,192,39.06,21.35,0.177
Millennium Hotel London Mayfair,Food,39,111,158,308,51.3,12.66,0.386
Millennium Hotel London Mayfair,Location,109,233,264,606,43.56,17.99,0.256
Millennium Hotel London Mayfair,Room,138,231,245,614,39.9,22.48,0.174
Millennium Hotel London Mayfair,Staff_Service,95,157,271,523,51.82,18.16,0.337
Millennium Hotel London Mayfair,Value,32,69,57,158,36.08,20.25,0.158
Millennium Hotel London Mayfair,Wellness,1,5,7,13,53.85,7.69,0.462
Millennium Hotel Paris Opera,Cleanliness,2,5,7,14,50.0,14.29,0.357
Millennium Hotel Paris Opera,Facilities,2,11,6,19,31.58,10.53,0.211
Millennium Hotel Paris Opera,Food,4,14,18,36,50.0,11.11,0.389
Millennium Hotel Paris Opera,Location,5,28,33,66,50.0,7.58,0.424
Millennium Hotel Paris Opera,Room,11,22,34,67,50.75,16.42,0.343
Millennium Hotel Paris Opera,Staff_Service,7,20,33,60,55.0,11.67,0.433
Millennium Hotel Paris Opera,Value,1,5,7,13,53.85,7.69,0.462
Millennium Hotel Paris Opera,Wellness,0,0,1,1,100.0,0.0,1.0
Mimi s Hotel Soho,Cleanliness,3,21,35,59,59.32,5.08,0.542
Mimi s Hotel Soho,Facilities,8,7,15,30,50.0,26.67,0.233
Mimi s Hotel Soho,Food,2,12,24,38,63.16,5.26,0.579
Mimi s Hotel Soho,Location,17,65,134,216,62.04,7.87,0.542
Mimi s Hotel Soho,Room,40,100,152,292,52.05,13.7,0.384
Mimi s Hotel Soho,Staff_Service,18,42,121,181,66.85,9.94,0.569
Mimi s Hotel Soho,Value,12,13,12,37,32.43,32.43,0.0
Mimi s Hotel Soho,Wellness,1,0,3,4,75.0,25.0,0.5
Mokinba Hotels Baviera,Cleanliness,7,15,17,39,43.59,17.95,0.256
Mokinba Hotels Baviera,Facilities,5,14,10,29,34.48,17.24,0.172
Mokinba Hotels Baviera,Food,5,13,17,35,48.57,14.29,0.343
Mokinba Hotels Baviera,Location,11,25,27,63,42.86,17.46,0.254
Mokinba Hotels Baviera,Room,19,35,29,83,34.94,22.89,0.12
Mokinba Hotels Baviera,Staff_Service,15,18,26,59,44.07,25.42,0.186
Mokinba Hotels Baviera,Value,2,11,8,21,38.1,9.52,0.286
Mokinba Hotels Baviera,Wellness,0,0,1,1,100.0,0.0,1.0
Mokinba Hotels King,Cleanliness,5,6,4,15,26.67,33.33,-0.067
Mokinba Hotels King,Facilities,12,12,6,30,20.0,40.0,-0.2
Mokinba Hotels King,Food,10,8,10,28,35.71,35.71,0.0
Mokinba Hotels King,Location,18,50,28,96,29.17,18.75,0.104
Mokinba Hotels King,Room,17,23,11,51,21.57,33.33,-0.118
Mokinba Hotels King,Staff_Service,27,27,17,71,23.94,38.03,-0.141
Mokinba Hotels King,Value,6,8,4,18,22.22,33.33,-0.111
Mokinba Hotels Montebianco,Cleanliness,1,4,5,10,50.0,10.0,0.4
Mokinba Hotels Montebianco,Facilities,1,4,4,9,44.44,11.11,0.333
Mokinba Hotels Montebianco,Food,3,2,2,7,28.57,42.86,-0.143
Mokinba Hotels Montebianco,Location,4,6,14,24,58.33,16.67,0.417
Mokinba Hotels Montebianco,Room,5,10,7,22,31.82,22.73,0.091
Mokinba Hotels Montebianco,Staff_Service,3,5,8,16,50.0,18.75,0.312
Mokinba Hotels Montebianco,Value,0,2,2,4,50.0,0.0,0.5
Molitor Paris MGallery by Sofitel,Cleanliness,0,0,2,2,100.0,0.0,1.0
Molitor Paris MGallery by Sofitel,Facilities,0,1,9,10,90.0,0.0,0.9
Molitor Paris MGallery by Sofitel,Food,1,3,19,23,82.61,4.35,0.783
Molitor Paris MGallery by Sofitel,Location,0,3,8,11,72.73,0.0,0.727
Molitor Paris MGallery by Sofitel,Room,0,3,16,19,84.21,0.0,0.842
Molitor Paris MGallery by Sofitel,Staff_Service,1,4,22,27,81.48,3.7,0.778
Molitor Paris MGallery by Sofitel,Value,0,1,2,3,66.67,0.0,0.667
Molitor Paris MGallery by Sofitel,Wellness,2,4,34,40,85.0,5.0,0.8
Mondrian London,Cleanliness,11,26,134,171,78.36,6.43,0.719
Mondrian London,Facilities,8,32,108,148,72.97,5.41,0.676
Mondrian London,Food,13,65,336,414,81.16,3.14,0.78
Mondrian London,Location,16,110,507,633,80.09,2.53,0.776
Mondrian London,Room,37,123,560,720,77.78,5.14,0.726
Mondrian London,Staff_Service,33,98,700,831,84.24,3.97,0.803
Mondrian London,Value,15,49,164,228,71.93,6.58,0.654
Mondrian London,Wellness,5,14,84,103,81.55,4.85,0.767
Monhotel Lounge SPA,Cleanliness,0,0,1,1,100.0,0.0,1.0
Monhotel Lounge SPA,Facilities,0,1,7,8,87.5,0.0,0.875
Monhotel Lounge SPA,Food,1,1,6,8,75.0,12.5,0.625
Monhotel Lounge SPA,Location,0,3,17,20,85.0,0.0,0.85
Monhotel Lounge SPA,Room,1,7,10,18,55.56,5.56,0.5
Monhotel Lounge SPA,Staff_Service,1,5,16,22,72.73,4.55,0.682
Monhotel Lounge SPA,Value,0,3,4,7,57.14,0.0,0.571
Monhotel Lounge SPA,Wellness,0,1,3,4,75.0,0.0,0.75
Monsieur Cadet Hotel Spa Ex Meyerhold Spa ,Cleanliness,0,1,7,8,87.5,0.0,0.875
Monsieur Cadet Hotel Spa Ex Meyerhold Spa ,Facilities,0,3,9,12,75.0,0.0,0.75
Monsieur Cadet Hotel Spa Ex Meyerhold Spa ,Food,2,4,9,15,60.0,13.33,0.467
Monsieur Cadet Hotel Spa Ex Meyerhold Spa ,Location,2,5,19,26,73.08,7.69,0.654
Monsieur Cadet Hotel Spa Ex Meyerhold Spa ,Room,2,6,30,38,78.95,5.26,0.737
Monsieur Cadet Hotel Spa Ex Meyerhold Spa ,Staff_Service,1,5,29,35,82.86,2.86,0.8
Monsieur Cadet Hotel Spa Ex Meyerhold Spa ,Value,1,4,4,9,44.44,11.11,0.333
Monsieur Cadet Hotel Spa Ex Meyerhold Spa ,Wellness,1,3,10,14,71.43,7.14,0.643
Montagu Place Hotel,Cleanliness,1,2,16,19,84.21,5.26,0.789
Montagu Place Hotel,Facilities,1,2,10,13,76.92,7.69,0.692
Montagu Place Hotel,Food,0,2,28,30,93.33,0.0,0.933
Montagu Place Hotel,Location,1,4,38,43,88.37,2.33,0.86
Montagu Place Hotel,Room,3,5,45,53,84.91,5.66,0.792
Montagu Place Hotel,Staff_Service,2,4,72,78,92.31,2.56,0.897
Montagu Place Hotel,Value,1,2,11,14,78.57,7.14,0.714
Montagu Place Hotel,Wellness,0,0,1,1,100.0,0.0,1.0
Montcalm Royal London House City of London,Cleanliness,9,14,80,103,77.67,8.74,0.689
Montcalm Royal London House City of London,Facilities,5,13,82,100,82.0,5.0,0.77
Montcalm Royal London House City of London,Food,11,27,128,166,77.11,6.63,0.705
Montcalm Royal London House City of London,Location,11,25,114,150,76.0,7.33,0.687
Montcalm Royal London House City of London,Room,24,57,301,382,78.8,6.28,0.725
Montcalm Royal London House City of London,Staff_Service,21,44,360,425,84.71,4.94,0.798
Montcalm Royal London House City of London,Value,6,10,51,67,76.12,8.96,0.672
Montcalm Royal London House City of London,Wellness,3,13,60,76,78.95,3.95,0.75
Montfleuri,Cleanliness,3,15,19,37,51.35,8.11,0.432
Montfleuri,Facilities,2,6,8,16,50.0,12.5,0.375
Montfleuri,Food,8,20,47,75,62.67,10.67,0.52
Montfleuri,Location,10,47,86,143,60.14,6.99,0.531
Montfleuri,Room,11,36,57,104,54.81,10.58,0.442
Montfleuri,Staff_Service,9,23,77,109,70.64,8.26,0.624
Montfleuri,Value,2,15,17,34,50.0,5.88,0.441
Montfleuri,Wellness,1,2,5,8,62.5,12.5,0.5
Monument Hotel,Cleanliness,0,2,29,31,93.55,0.0,0.935
Monument Hotel,Facilities,1,3,12,16,75.0,6.25,0.688
Monument Hotel,Food,3,8,65,76,85.53,3.95,0.816
Monument Hotel,Location,2,19,97,118,82.2,1.69,0.805
Monument Hotel,Room,5,16,86,107,80.37,4.67,0.757
Monument Hotel,Staff_Service,3,10,127,140,90.71,2.14,0.886
Monument Hotel,Value,1,3,14,18,77.78,5.56,0.722
Monument Hotel,Wellness,1,4,20,25,80.0,4.0,0.76
Morgan Mees,Cleanliness,0,3,12,15,80.0,0.0,0.8
Morgan Mees,Facilities,0,7,15,22,68.18,0.0,0.682
Morgan Mees,Food,1,13,66,80,82.5,1.25,0.812
Morgan Mees,Location,1,9,45,55,81.82,1.82,0.8
Morgan Mees,Room,2,18,72,92,78.26,2.17,0.761
Morgan Mees,Staff_Service,2,9,69,80,86.25,2.5,0.838
Morgan Mees,Value,0,3,9,12,75.0,0.0,0.75
Morgan Mees,Wellness,0,0,1,1,100.0,0.0,1.0
My Bloomsbury,Cleanliness,6,31,51,88,57.95,6.82,0.511
My Bloomsbury,Facilities,11,28,29,68,42.65,16.18,0.265
My Bloomsbury,Food,11,45,59,115,51.3,9.57,0.417
My Bloomsbury,Location,24,101,128,253,50.59,9.49,0.411
My Bloomsbury,Room,45,124,153,322,47.52,13.98,0.335
My Bloomsbury,Staff_Service,23,63,129,215,60.0,10.7,0.493
My Bloomsbury,Value,11,26,21,58,36.21,18.97,0.172
My Bloomsbury,Wellness,1,2,0,3,0.0,33.33,-0.333
My Chelsea,Cleanliness,9,15,45,69,65.22,13.04,0.522
My Chelsea,Facilities,5,27,23,55,41.82,9.09,0.327
My Chelsea,Food,6,30,71,107,66.36,5.61,0.607
My Chelsea,Location,21,72,135,228,59.21,9.21,0.5
My Chelsea,Room,34,87,141,262,53.82,12.98,0.408
My Chelsea,Staff_Service,20,40,106,166,63.86,12.05,0.518
My Chelsea,Value,2,17,37,56,66.07,3.57,0.625
My Chelsea,Wellness,2,0,2,4,50.0,50.0,0.0
My Home In Paris,Cleanliness,1,2,29,32,90.62,3.12,0.875
My Home In Paris,Facilities,0,2,9,11,81.82,0.0,0.818
My Home In Paris,Food,1,5,32,38,84.21,2.63,0.816
My Home In Paris,Location,0,5,30,35,85.71,0.0,0.857
My Home In Paris,Room,2,4,38,44,86.36,4.55,0.818
My Home In Paris,Staff_Service,1,3,37,41,90.24,2.44,0.878
My Home In Paris,Value,0,1,7,8,87.5,0.0,0.875
My Home In Paris,Wellness,0,0,4,4,100.0,0.0,1.0
NH Amsterdam Caransa,Cleanliness,6,13,25,44,56.82,13.64,0.432
NH Amsterdam Caransa,Facilities,15,16,20,51,39.22,29.41,0.098
NH Amsterdam Caransa,Food,12,15,35,62,56.45,19.35,0.371
NH Amsterdam Caransa,Location,18,48,88,154,57.14,11.69,0.455
NH Amsterdam Caransa,Room,29,40,67,136,49.26,21.32,0.279
NH Amsterdam Caransa,Staff_Service,16,28,72,116,62.07,13.79,0.483
NH Amsterdam Caransa,Value,8,8,9,25,36.0,32.0,0.04
NH Amsterdam Caransa,Wellness,1,1,0,2,0.0,50.0,-0.5
NH Amsterdam Centre,Cleanliness,17,18,28,63,44.44,26.98,0.175
NH Amsterdam Centre,Facilities,6,23,24,53,45.28,11.32,0.34
NH Amsterdam Centre,Food,19,30,60,109,55.05,17.43,0.376
NH Amsterdam Centre,Location,26,72,99,197,50.25,13.2,0.371
NH Amsterdam Centre,Room,53,69,78,200,39.0,26.5,0.125
NH Amsterdam Centre,Staff_Service,38,54,90,182,49.45,20.88,0.286
NH Amsterdam Centre,Value,20,24,15,59,25.42,33.9,-0.085
NH Amsterdam Centre,Wellness,4,8,8,20,40.0,20.0,0.2
NH Amsterdam Museum Quarter,Cleanliness,7,12,16,35,45.71,20.0,0.257
NH Amsterdam Museum Quarter,Facilities,5,8,12,25,48.0,20.0,0.28
NH Amsterdam Museum Quarter,Food,11,23,52,86,60.47,12.79,0.477
NH Amsterdam Museum Quarter,Location,6,38,62,106,58.49,5.66,0.528
NH Amsterdam Museum Quarter,Room,21,46,62,129,48.06,16.28,0.318
NH Amsterdam Museum Quarter,Staff_Service,10,27,68,105,64.76,9.52,0.552
NH Amsterdam Museum Quarter,Value,7,9,14,30,46.67,23.33,0.233
NH Amsterdam Museum Quarter,Wellness,0,0,3,3,100.0,0.0,1.0
NH Amsterdam Noord,Cleanliness,4,12,17,33,51.52,12.12,0.394
NH Amsterdam Noord,Facilities,0,7,15,22,68.18,0.0,0.682
NH Amsterdam Noord,Food,1,10,30,41,73.17,2.44,0.707
NH Amsterdam Noord,Location,2,12,28,42,66.67,4.76,0.619
NH Amsterdam Noord,Room,6,21,32,59,54.24,10.17,0.441
NH Amsterdam Noord,Staff_Service,7,19,63,89,70.79,7.87,0.629
NH Amsterdam Noord,Value,2,4,8,14,57.14,14.29,0.429
NH Amsterdam Noord,Wellness,1,1,1,3,33.33,33.33,0.0
NH Amsterdam Schiller,Cleanliness,9,21,31,61,50.82,14.75,0.361
NH Amsterdam Schiller,Facilities,17,20,29,66,43.94,25.76,0.182
NH Amsterdam Schiller,Food,18,22,70,110,63.64,16.36,0.473
NH Amsterdam Schiller,Location,39,105,157,301,52.16,12.96,0.392
NH Amsterdam Schiller,Room,46,94,105,245,42.86,18.78,0.241
NH Amsterdam Schiller,Staff_Service,19,54,145,218,66.51,8.72,0.578
NH Amsterdam Schiller,Value,13,19,27,59,45.76,22.03,0.237
NH Amsterdam Schiller,Wellness,1,0,2,3,66.67,33.33,0.333
NH Amsterdam Zuid,Cleanliness,5,16,25,46,54.35,10.87,0.435
NH Amsterdam Zuid,Facilities,6,15,16,37,43.24,16.22,0.27
NH Amsterdam Zuid,Food,10,33,51,94,54.26,10.64,0.436
NH Amsterdam Zuid,Location,7,21,35,63,55.56,11.11,0.444
NH Amsterdam Zuid,Room,15,46,49,110,44.55,13.64,0.309
NH Amsterdam Zuid,Staff_Service,13,35,50,98,51.02,13.27,0.378
NH Amsterdam Zuid,Value,4,18,10,32,31.25,12.5,0.188
NH Amsterdam Zuid,Wellness,1,4,3,8,37.5,12.5,0.25
NH Barcelona Stadium,Cleanliness,4,19,28,51,54.9,7.84,0.471
NH Barcelona Stadium,Facilities,1,7,9,17,52.94,5.88,0.471
NH Barcelona Stadium,Food,7,10,34,51,66.67,13.73,0.529
NH Barcelona Stadium,Location,4,26,28,58,48.28,6.9,0.414
NH Barcelona Stadium,Room,13,17,41,71,57.75,18.31,0.394
NH Barcelona Stadium,Staff_Service,6,14,41,61,67.21,9.84,0.574
NH Barcelona Stadium,Value,6,7,12,25,48.0,24.0,0.24
NH Barcelona Stadium,Wellness,3,10,21,34,61.76,8.82,0.529
NH Carlton Amsterdam,Cleanliness,96,73,67,236,28.39,40.68,-0.123
NH Carlton Amsterdam,Facilities,34,36,30,100,30.0,34.0,-0.04
NH Carlton Amsterdam,Food,62,78,107,247,43.32,25.1,0.182
NH Carlton Amsterdam,Location,143,235,238,616,38.64,23.21,0.154
NH Carlton Amsterdam,Room,198,230,197,625,31.52,31.68,-0.002
NH Carlton Amsterdam,Staff_Service,121,143,195,459,42.48,26.36,0.161
NH Carlton Amsterdam,Value,55,49,35,139,25.18,39.57,-0.144
NH Carlton Amsterdam,Wellness,1,3,6,10,60.0,10.0,0.5
NH City Centre Amsterdam,Cleanliness,17,48,110,175,62.86,9.71,0.531
NH City Centre Amsterdam,Facilities,10,33,58,101,57.43,9.9,0.475
NH City Centre Amsterdam,Food,27,68,162,257,63.04,10.51,0.525
NH City Centre Amsterdam,Location,44,131,239,414,57.73,10.63,0.471
NH City Centre Amsterdam,Room,69,159,207,435,47.59,15.86,0.317
NH City Centre Amsterdam,Staff_Service,52,69,201,322,62.42,16.15,0.463
NH City Centre Amsterdam,Value,26,49,45,120,37.5,21.67,0.158
NH City Centre Amsterdam,Wellness,1,3,5,9,55.56,11.11,0.444
NH Collection Amsterdam Barbizon Palace,Cleanliness,18,39,100,157,63.69,11.46,0.522
NH Collection Amsterdam Barbizon Palace,Facilities,12,23,60,95,63.16,12.63,0.505
NH Collection Amsterdam Barbizon Palace,Food,10,53,122,185,65.95,5.41,0.605
NH Collection Amsterdam Barbizon Palace,Location,33,110,321,464,69.18,7.11,0.621
NH Collection Amsterdam Barbizon Palace,Room,54,101,239,394,60.66,13.71,0.47
NH Collection Amsterdam Barbizon Palace,Staff_Service,27,74,224,325,68.92,8.31,0.606
NH Collection Amsterdam Barbizon Palace,Value,20,32,67,119,56.3,16.81,0.395
NH Collection Amsterdam Barbizon Palace,Wellness,4,5,10,19,52.63,21.05,0.316
NH Collection Amsterdam Doelen,Cleanliness,1,14,33,48,68.75,2.08,0.667
NH Collection Amsterdam Doelen,Facilities,3,10,11,24,45.83,12.5,0.333
NH Collection Amsterdam Doelen,Food,3,24,88,115,76.52,2.61,0.739
NH Collection Amsterdam Doelen,Location,6,39,101,146,69.18,4.11,0.651
NH Collection Amsterdam Doelen,Room,8,45,104,157,66.24,5.1,0.611
NH Collection Amsterdam Doelen,Staff_Service,8,29,139,176,78.98,4.55,0.744
NH Collection Amsterdam Doelen,Value,2,14,23,39,58.97,5.13,0.538
NH Collection Amsterdam Doelen,Wellness,1,3,2,6,33.33,16.67,0.167
NH Collection Amsterdam Grand Hotel Krasnapolsky,Cleanliness,17,46,89,152,58.55,11.18,0.474
NH Collection Amsterdam Grand Hotel Krasnapolsky,Facilities,11,53,65,129,50.39,8.53,0.419
NH Collection Amsterdam Grand Hotel Krasnapolsky,Food,33,87,221,341,64.81,9.68,0.551
NH Collection Amsterdam Grand Hotel Krasnapolsky,Location,68,216,375,659,56.9,10.32,0.466
NH Collection Amsterdam Grand Hotel Krasnapolsky,Room,99,191,321,611,52.54,16.2,0.363
NH Collection Amsterdam Grand Hotel Krasnapolsky,Staff_Service,80,144,303,527,57.5,15.18,0.423
NH Collection Amsterdam Grand Hotel Krasnapolsky,Value,38,76,86,200,43.0,19.0,0.24
NH Collection Amsterdam Grand Hotel Krasnapolsky,Wellness,2,9,20,31,64.52,6.45,0.581
NH Collection Barcelona Constanza,Cleanliness,5,8,23,36,63.89,13.89,0.5
NH Collection Barcelona Constanza,Facilities,4,12,15,31,48.39,12.9,0.355
NH Collection Barcelona Constanza,Food,6,16,57,79,72.15,7.59,0.646
NH Collection Barcelona Constanza,Location,4,20,42,66,63.64,6.06,0.576
NH Collection Barcelona Constanza,Room,10,21,50,81,61.73,12.35,0.494
NH Collection Barcelona Constanza,Staff_Service,9,19,45,73,61.64,12.33,0.493
NH Collection Barcelona Constanza,Value,3,5,9,17,52.94,17.65,0.353
NH Collection Barcelona Constanza,Wellness,4,10,22,36,61.11,11.11,0.5
NH Collection Barcelona Gran Hotel Calder n,Cleanliness,2,7,24,33,72.73,6.06,0.667
NH Collection Barcelona Gran Hotel Calder n,Facilities,1,11,13,25,52.0,4.0,0.48
NH Collection Barcelona Gran Hotel Calder n,Food,3,13,46,62,74.19,4.84,0.694
NH Collection Barcelona Gran Hotel Calder n,Location,6,30,81,117,69.23,5.13,0.641
NH Collection Barcelona Gran Hotel Calder n,Room,8,34,50,92,54.35,8.7,0.457
NH Collection Barcelona Gran Hotel Calder n,Staff_Service,2,22,70,94,74.47,2.13,0.723
NH Collection Barcelona Gran Hotel Calder n,Value,1,9,14,24,58.33,4.17,0.542
NH Collection Barcelona Gran Hotel Calder n,Wellness,1,6,28,35,80.0,2.86,0.771
NH Collection Barcelona Podium,Cleanliness,0,7,31,38,81.58,0.0,0.816
NH Collection Barcelona Podium,Facilities,1,4,9,14,64.29,7.14,0.571
NH Collection Barcelona Podium,Food,2,6,44,52,84.62,3.85,0.808
NH Collection Barcelona Podium,Location,3,11,57,71,80.28,4.23,0.761
NH Collection Barcelona Podium,Room,1,11,55,67,82.09,1.49,0.806
NH Collection Barcelona Podium,Staff_Service,2,12,66,80,82.5,2.5,0.8
NH Collection Barcelona Podium,Value,0,2,8,10,80.0,0.0,0.8
NH Collection Barcelona Podium,Wellness,0,5,36,41,87.8,0.0,0.878
NH Collection Milano President,Cleanliness,10,28,71,109,65.14,9.17,0.56
NH Collection Milano President,Facilities,10,37,72,119,60.5,8.4,0.521
NH Collection Milano President,Food,19,52,172,243,70.78,7.82,0.63
NH Collection Milano President,Location,23,92,215,330,65.15,6.97,0.582
NH Collection Milano President,Room,32,84,161,277,58.12,11.55,0.466
NH Collection Milano President,Staff_Service,20,69,258,347,74.35,5.76,0.686
NH Collection Milano President,Value,7,27,42,76,55.26,9.21,0.461
NH Collection Milano President,Wellness,0,3,12,15,80.0,0.0,0.8
NH Collection Wien Zentrum,Cleanliness,0,16,58,74,78.38,0.0,0.784
NH Collection Wien Zentrum,Facilities,6,19,37,62,59.68,9.68,0.5
NH Collection Wien Zentrum,Food,1,21,72,94,76.6,1.06,0.755
NH Collection Wien Zentrum,Location,5,41,134,180,74.44,2.78,0.717
NH Collection Wien Zentrum,Room,7,34,121,162,74.69,4.32,0.704
NH Collection Wien Zentrum,Staff_Service,7,25,84,116,72.41,6.03,0.664
NH Collection Wien Zentrum,Value,3,10,26,39,66.67,7.69,0.59
NH Collection Wien Zentrum,Wellness,0,2,10,12,83.33,0.0,0.833
NH Danube City,Cleanliness,4,14,20,38,52.63,10.53,0.421
NH Danube City,Facilities,1,16,26,43,60.47,2.33,0.581
NH Danube City,Food,3,31,62,96,64.58,3.12,0.615
NH Danube City,Location,5,20,39,64,60.94,7.81,0.531
NH Danube City,Room,11,28,40,79,50.63,13.92,0.367
NH Danube City,Staff_Service,9,22,48,79,60.76,11.39,0.494
NH Danube City,Value,4,5,17,26,65.38,15.38,0.5
NH Danube City,Wellness,2,6,10,18,55.56,11.11,0.444
NH Hesperia Barcelona Presidente,Cleanliness,2,7,19,28,67.86,7.14,0.607
NH Hesperia Barcelona Presidente,Facilities,2,5,19,26,73.08,7.69,0.654
NH Hesperia Barcelona Presidente,Food,1,10,34,45,75.56,2.22,0.733
NH Hesperia Barcelona Presidente,Location,1,14,39,54,72.22,1.85,0.704
NH Hesperia Barcelona Presidente,Room,6,15,40,61,65.57,9.84,0.557
NH Hesperia Barcelona Presidente,Staff_Service,3,10,48,61,78.69,4.92,0.738
NH Hesperia Barcelona Presidente,Value,0,6,8,14,57.14,0.0,0.571
NH Hesperia Barcelona Presidente,Wellness,0,1,1,2,50.0,0.0,0.5
NH Hesperia Barcelona del Mar,Cleanliness,3,13,14,30,46.67,10.0,0.367
NH Hesperia Barcelona del Mar,Facilities,3,8,8,19,42.11,15.79,0.263
NH Hesperia Barcelona del Mar,Food,2,18,35,55,63.64,3.64,0.6
NH Hesperia Barcelona del Mar,Location,4,24,37,65,56.92,6.15,0.508
NH Hesperia Barcelona del Mar,Room,8,24,34,66,51.52,12.12,0.394
NH Hesperia Barcelona del Mar,Staff_Service,2,20,39,61,63.93,3.28,0.607
NH Hesperia Barcelona del Mar,Value,6,11,7,24,29.17,25.0,0.042
NH Hesperia Barcelona del Mar,Wellness,0,2,3,5,60.0,0.0,0.6
NH London Kensington,Cleanliness,2,6,22,30,73.33,6.67,0.667
NH London Kensington,Facilities,2,17,15,34,44.12,5.88,0.382
NH London Kensington,Food,10,18,50,78,64.1,12.82,0.513
NH London Kensington,Location,5,28,65,98,66.33,5.1,0.612
NH London Kensington,Room,16,42,72,130,55.38,12.31,0.431
NH London Kensington,Staff_Service,12,35,67,114,58.77,10.53,0.482
NH London Kensington,Value,2,8,13,23,56.52,8.7,0.478
NH London Kensington,Wellness,0,1,0,1,0.0,0.0,0.0
NH Milano Grand Hotel Verdi,Cleanliness,2,6,15,23,65.22,8.7,0.565
NH Milano Grand Hotel Verdi,Facilities,4,7,12,23,52.17,17.39,0.348
NH Milano Grand Hotel Verdi,Food,7,28,43,78,55.13,8.97,0.462
NH Milano Grand Hotel Verdi,Location,2,25,35,62,56.45,3.23,0.532
NH Milano Grand Hotel Verdi,Room,9,33,63,105,60.0,8.57,0.514
NH Milano Grand Hotel Verdi,Staff_Service,3,22,41,66,62.12,4.55,0.576
NH Milano Grand Hotel Verdi,Value,3,5,4,12,33.33,25.0,0.083
NH Milano Grand Hotel Verdi,Wellness,0,1,2,3,66.67,0.0,0.667
NH Milano Machiavelli,Cleanliness,1,9,25,35,71.43,2.86,0.686
NH Milano Machiavelli,Facilities,3,10,26,39,66.67,7.69,0.59
NH Milano Machiavelli,Food,6,18,76,100,76.0,6.0,0.7
NH Milano Machiavelli,Location,3,16,58,77,75.32,3.9,0.714
NH Milano Machiavelli,Room,9,15,50,74,67.57,12.16,0.554
NH Milano Machiavelli,Staff_Service,9,17,66,92,71.74,9.78,0.62
NH Milano Machiavelli,Value,2,0,16,18,88.89,11.11,0.778
NH Milano Machiavelli,Wellness,0,2,1,3,33.33,0.0,0.333
NH Milano Palazzo Moscova,Cleanliness,1,3,10,14,71.43,7.14,0.643
NH Milano Palazzo Moscova,Facilities,1,6,7,14,50.0,7.14,0.429
NH Milano Palazzo Moscova,Food,8,11,32,51,62.75,15.69,0.471
NH Milano Palazzo Moscova,Location,5,17,32,54,59.26,9.26,0.5
NH Milano Palazzo Moscova,Room,11,16,24,51,47.06,21.57,0.255
NH Milano Palazzo Moscova,Staff_Service,10,13,43,66,65.15,15.15,0.5
NH Milano Palazzo Moscova,Value,1,1,2,4,50.0,25.0,0.25
NH Milano Palazzo Moscova,Wellness,2,3,2,7,28.57,28.57,0.0
NH Milano Touring,Cleanliness,5,36,87,128,67.97,3.91,0.641
NH Milano Touring,Facilities,10,46,65,121,53.72,8.26,0.455
NH Milano Touring,Food,26,68,206,300,68.67,8.67,0.6
NH Milano Touring,Location,18,92,189,299,63.21,6.02,0.572
NH Milano Touring,Room,28,97,154,279,55.2,10.04,0.452
NH Milano Touring,Staff_Service,31,74,179,284,63.03,10.92,0.521
NH Milano Touring,Value,10,18,31,59,52.54,16.95,0.356
NH Milano Touring,Wellness,1,3,8,12,66.67,8.33,0.583
NH Sants Barcelona,Cleanliness,2,9,19,30,63.33,6.67,0.567
NH Sants Barcelona,Facilities,2,7,12,21,57.14,9.52,0.476
NH Sants Barcelona,Food,2,8,22,32,68.75,6.25,0.625
NH Sants Barcelona,Location,2,12,27,41,65.85,4.88,0.61
NH Sants Barcelona,Room,9,15,31,55,56.36,16.36,0.4
NH Sants Barcelona,Staff_Service,6,9,27,42,64.29,14.29,0.5
NH Sants Barcelona,Value,2,2,6,10,60.0,20.0,0.4
NH Sants Barcelona,Wellness,1,0,1,2,50.0,50.0,0.0
NH Wien Belvedere,Cleanliness,2,6,36,44,81.82,4.55,0.773
NH Wien Belvedere,Facilities,2,10,29,41,70.73,4.88,0.659
NH Wien Belvedere,Food,9,14,48,71,67.61,12.68,0.549
NH Wien Belvedere,Location,4,18,61,83,73.49,4.82,0.687
NH Wien Belvedere,Room,7,25,81,113,71.68,6.19,0.655
NH Wien Belvedere,Staff_Service,5,13,52,70,74.29,7.14,0.671
NH Wien Belvedere,Value,2,5,26,33,78.79,6.06,0.727
NH Wien Belvedere,Wellness,0,2,10,12,83.33,0.0,0.833
NH Wien City,Cleanliness,3,9,24,36,66.67,8.33,0.583
NH Wien City,Facilities,6,20,28,54,51.85,11.11,0.407
NH Wien City,Food,5,25,36,66,54.55,7.58,0.47
NH Wien City,Location,14,45,82,141,58.16,9.93,0.482
NH Wien City,Room,12,36,69,117,58.97,10.26,0.487
NH Wien City,Staff_Service,9,28,48,85,56.47,10.59,0.459
NH Wien City,Value,4,12,18,34,52.94,11.76,0.412
NH Wien City,Wellness,0,2,6,8,75.0,0.0,0.75
NYX Milan,Cleanliness,0,16,28,44,63.64,0.0,0.636
NYX Milan,Facilities,1,9,3,13,23.08,7.69,0.154
NYX Milan,Food,1,14,25,40,62.5,2.5,0.6
NYX Milan,Location,5,31,66,102,64.71,4.9,0.598
NYX Milan,Room,3,34,44,81,54.32,3.7,0.506
NYX Milan,Staff_Service,8,24,51,83,61.45,9.64,0.518
NYX Milan,Value,4,9,9,22,40.91,18.18,0.227
NYX Milan,Wellness,0,1,3,4,75.0,0.0,0.75
Napoleon Paris,Cleanliness,2,2,14,18,77.78,11.11,0.667
Napoleon Paris,Facilities,5,7,10,22,45.45,22.73,0.227
Napoleon Paris,Food,7,9,17,33,51.52,21.21,0.303
Napoleon Paris,Location,11,47,75,133,56.39,8.27,0.481
Napoleon Paris,Room,12,39,46,97,47.42,12.37,0.351
Napoleon Paris,Staff_Service,9,23,74,106,69.81,8.49,0.613
Napoleon Paris,Value,2,6,10,18,55.56,11.11,0.444
Napoleon Paris,Wellness,0,2,0,2,0.0,0.0,0.0
Negresco Princess 4 Sup,Cleanliness,3,14,71,88,80.68,3.41,0.773
Negresco Princess 4 Sup,Facilities,4,15,36,55,65.45,7.27,0.582
Negresco Princess 4 Sup,Food,7,24,122,153,79.74,4.58,0.752
Negresco Princess 4 Sup,Location,8,55,204,267,76.4,3.0,0.734
Negresco Princess 4 Sup,Room,15,61,201,277,72.56,5.42,0.671
Negresco Princess 4 Sup,Staff_Service,11,50,227,288,78.82,3.82,0.75
Negresco Princess 4 Sup,Value,3,8,34,45,75.56,6.67,0.689
Negresco Princess 4 Sup,Wellness,4,30,89,123,72.36,3.25,0.691
Nell Hotel Suites,Cleanliness,1,0,4,5,80.0,20.0,0.6
Nell Hotel Suites,Facilities,0,1,5,6,83.33,0.0,0.833
Nell Hotel Suites,Food,0,1,4,5,80.0,0.0,0.8
Nell Hotel Suites,Location,2,2,15,19,78.95,10.53,0.684
Nell Hotel Suites,Room,2,3,10,15,66.67,13.33,0.533
Nell Hotel Suites,Staff_Service,1,2,23,26,88.46,3.85,0.846
Nell Hotel Suites,Value,1,0,3,4,75.0,25.0,0.5
New Linden Hotel,Cleanliness,25,78,95,198,47.98,12.63,0.354
New Linden Hotel,Facilities,13,45,30,88,34.09,14.77,0.193
New Linden Hotel,Food,57,162,184,403,45.66,14.14,0.315
New Linden Hotel,Location,60,188,207,455,45.49,13.19,0.323
New Linden Hotel,Room,109,274,229,612,37.42,17.81,0.196
New Linden Hotel,Staff_Service,51,166,219,436,50.23,11.7,0.385
New Linden Hotel,Value,22,40,68,130,52.31,16.92,0.354
New Linden Hotel,Wellness,0,1,1,2,50.0,0.0,0.5
Newhotel Roblin,Cleanliness,2,12,26,40,65.0,5.0,0.6
Newhotel Roblin,Facilities,2,11,27,40,67.5,5.0,0.625
Newhotel Roblin,Food,4,19,62,85,72.94,4.71,0.682
Newhotel Roblin,Location,5,34,126,165,76.36,3.03,0.733
Newhotel Roblin,Room,9,32,87,128,67.97,7.03,0.609
Newhotel Roblin,Staff_Service,8,24,108,140,77.14,5.71,0.714
Newhotel Roblin,Value,5,5,19,29,65.52,17.24,0.483
Newhotel Roblin,Wellness,0,1,1,2,50.0,0.0,0.5
Nhow Milan,Cleanliness,0,1,20,21,95.24,0.0,0.952
Nhow Milan,Facilities,2,3,15,20,75.0,10.0,0.65
Nhow Milan,Food,4,13,64,81,79.01,4.94,0.741
Nhow Milan,Location,3,5,38,46,82.61,6.52,0.761
Nhow Milan,Room,7,20,62,89,69.66,7.87,0.618
Nhow Milan,Staff_Service,7,10,68,85,80.0,8.24,0.718
Nhow Milan,Value,1,3,15,19,78.95,5.26,0.737
Nhow Milan,Wellness,0,1,4,5,80.0,0.0,0.8
Nolinski Paris,Cleanliness,0,0,4,4,100.0,0.0,1.0
Nolinski Paris,Facilities,0,1,12,13,92.31,0.0,0.923
Nolinski Paris,Food,0,3,26,29,89.66,0.0,0.897
Nolinski Paris,Location,0,3,32,35,91.43,0.0,0.914
Nolinski Paris,Room,0,3,21,24,87.5,0.0,0.875
Nolinski Paris,Staff_Service,2,3,70,75,93.33,2.67,0.907
Nolinski Paris,Value,0,1,6,7,85.71,0.0,0.857
Nolinski Paris,Wellness,1,1,29,31,93.55,3.23,0.903
Norfolk Towers Paddington,Cleanliness,31,147,212,390,54.36,7.95,0.464
Norfolk Towers Paddington,Facilities,54,203,145,402,36.07,13.43,0.226
Norfolk Towers Paddington,Food,84,203,293,580,50.52,14.48,0.36
Norfolk Towers Paddington,Location,77,278,317,672,47.17,11.46,0.357
Norfolk Towers Paddington,Room,156,377,413,946,43.66,16.49,0.272
Norfolk Towers Paddington,Staff_Service,97,232,379,708,53.53,13.7,0.398
Norfolk Towers Paddington,Value,33,61,86,180,47.78,18.33,0.294
Norfolk Towers Paddington,Wellness,2,0,4,6,66.67,33.33,0.333
Nottingham Place Hotel,Cleanliness,4,13,31,48,64.58,8.33,0.562
Nottingham Place Hotel,Facilities,5,16,16,37,43.24,13.51,0.297
Nottingham Place Hotel,Food,1,10,22,33,66.67,3.03,0.636
Nottingham Place Hotel,Location,10,42,77,129,59.69,7.75,0.519
Nottingham Place Hotel,Room,20,49,96,165,58.18,12.12,0.461
Nottingham Place Hotel,Staff_Service,5,28,96,129,74.42,3.88,0.705
Nottingham Place Hotel,Value,3,9,16,28,57.14,10.71,0.464
Nottingham Place Hotel,Wellness,0,0,1,1,100.0,0.0,1.0
Novotel Amsterdam City,Cleanliness,8,34,52,94,55.32,8.51,0.468
Novotel Amsterdam City,Facilities,5,31,24,60,40.0,8.33,0.317
Novotel Amsterdam City,Food,21,63,125,209,59.81,10.05,0.498
Novotel Amsterdam City,Location,14,70,87,171,50.88,8.19,0.427
Novotel Amsterdam City,Room,38,83,103,224,45.98,16.96,0.29
Novotel Amsterdam City,Staff_Service,33,84,143,260,55.0,12.69,0.423
Novotel Amsterdam City,Value,20,28,41,89,46.07,22.47,0.236
Novotel Amsterdam City,Wellness,1,8,9,18,50.0,5.56,0.444
Novotel Barcelona City,Cleanliness,5,19,30,54,55.56,9.26,0.463
Novotel Barcelona City,Facilities,4,10,16,30,53.33,13.33,0.4
Novotel Barcelona City,Food,11,36,94,141,66.67,7.8,0.589
Novotel Barcelona City,Location,5,32,75,112,66.96,4.46,0.625
Novotel Barcelona City,Room,14,35,65,114,57.02,12.28,0.447
Novotel Barcelona City,Staff_Service,11,23,80,114,70.18,9.65,0.605
Novotel Barcelona City,Value,4,12,16,32,50.0,12.5,0.375
Novotel Barcelona City,Wellness,9,19,59,87,67.82,10.34,0.575
Novotel London Blackfriars,Cleanliness,6,25,65,96,67.71,6.25,0.615
Novotel London Blackfriars,Facilities,3,14,36,53,67.92,5.66,0.623
Novotel London Blackfriars,Food,12,43,121,176,68.75,6.82,0.619
Novotel London Blackfriars,Location,7,35,125,167,74.85,4.19,0.707
Novotel London Blackfriars,Room,19,60,140,219,63.93,8.68,0.553
Novotel London Blackfriars,Staff_Service,10,40,152,202,75.25,4.95,0.703
Novotel London Blackfriars,Value,7,16,20,43,46.51,16.28,0.302
Novotel London Blackfriars,Wellness,5,31,65,101,64.36,4.95,0.594
Novotel London Canary Wharf,Cleanliness,1,3,11,15,73.33,6.67,0.667
Novotel London Canary Wharf,Facilities,2,2,16,20,80.0,10.0,0.7
Novotel London Canary Wharf,Food,4,4,49,57,85.96,7.02,0.789
Novotel London Canary Wharf,Location,0,3,22,25,88.0,0.0,0.88
Novotel London Canary Wharf,Room,4,9,60,73,82.19,5.48,0.767
Novotel London Canary Wharf,Staff_Service,2,8,61,71,85.92,2.82,0.831
Novotel London Canary Wharf,Value,1,2,7,10,70.0,10.0,0.6
Novotel London Canary Wharf,Wellness,1,3,18,22,81.82,4.55,0.773
Novotel London City South,Cleanliness,3,8,45,56,80.36,5.36,0.75
Novotel London City South,Facilities,3,7,26,36,72.22,8.33,0.639
Novotel London City South,Food,7,21,65,93,69.89,7.53,0.624
Novotel London City South,Location,7,27,79,113,69.91,6.19,0.637
Novotel London City South,Room,21,42,121,184,65.76,11.41,0.543
Novotel London City South,Staff_Service,14,23,104,141,73.76,9.93,0.638
Novotel London City South,Value,7,12,20,39,51.28,17.95,0.333
Novotel London City South,Wellness,3,2,4,9,44.44,33.33,0.111
Novotel London Excel,Cleanliness,7,27,50,84,59.52,8.33,0.512
Novotel London Excel,Facilities,8,24,48,80,60.0,10.0,0.5
Novotel London Excel,Food,11,65,105,181,58.01,6.08,0.519
Novotel London Excel,Location,10,63,128,201,63.68,4.98,0.587
Novotel London Excel,Room,31,88,157,276,56.88,11.23,0.457
Novotel London Excel,Staff_Service,13,66,143,222,64.41,5.86,0.586
Novotel London Excel,Value,5,33,47,85,55.29,5.88,0.494
Novotel London Excel,Wellness,0,7,10,17,58.82,0.0,0.588
Novotel London Greenwich,Cleanliness,9,15,57,81,70.37,11.11,0.593
Novotel London Greenwich,Facilities,4,17,46,67,68.66,5.97,0.627
Novotel London Greenwich,Food,14,42,115,171,67.25,8.19,0.591
Novotel London Greenwich,Location,15,57,128,200,64.0,7.5,0.565
Novotel London Greenwich,Room,26,76,144,246,58.54,10.57,0.48
Novotel London Greenwich,Staff_Service,15,50,196,261,75.1,5.75,0.693
Novotel London Greenwich,Value,6,22,43,71,60.56,8.45,0.521
Novotel London Greenwich,Wellness,2,2,4,8,50.0,25.0,0.25
Novotel London Paddington,Cleanliness,7,24,43,74,58.11,9.46,0.486
Novotel London Paddington,Facilities,0,18,27,45,60.0,0.0,0.6
Novotel London Paddington,Food,7,37,79,123,64.23,5.69,0.585
Novotel London Paddington,Location,17,59,124,200,62.0,8.5,0.535
Novotel London Paddington,Room,15,69,100,184,54.35,8.15,0.462
Novotel London Paddington,Staff_Service,11,49,135,195,69.23,5.64,0.636
Novotel London Paddington,Value,4,12,23,39,58.97,10.26,0.487
Novotel London Paddington,Wellness,2,17,29,48,60.42,4.17,0.562
Novotel London Tower Bridge,Cleanliness,2,15,52,69,75.36,2.9,0.725
Novotel London Tower Bridge,Facilities,5,9,17,31,54.84,16.13,0.387
Novotel London Tower Bridge,Food,10,36,80,126,63.49,7.94,0.556
Novotel London Tower Bridge,Location,11,48,110,169,65.09,6.51,0.586
Novotel London Tower Bridge,Room,27,59,125,211,59.24,12.8,0.464
Novotel London Tower Bridge,Staff_Service,12,32,120,164,73.17,7.32,0.659
Novotel London Tower Bridge,Value,6,15,17,38,44.74,15.79,0.289
Novotel London Tower Bridge,Wellness,1,4,3,8,37.5,12.5,0.25
Novotel London Waterloo,Cleanliness,3,16,32,51,62.75,5.88,0.569
Novotel London Waterloo,Facilities,3,15,22,40,55.0,7.5,0.475
Novotel London Waterloo,Food,14,37,66,117,56.41,11.97,0.444
Novotel London Waterloo,Location,14,51,70,135,51.85,10.37,0.415
Novotel London Waterloo,Room,17,69,75,161,46.58,10.56,0.36
Novotel London Waterloo,Staff_Service,11,46,78,135,57.78,8.15,0.496
Novotel London Waterloo,Value,7,16,24,47,51.06,14.89,0.362
Novotel London Waterloo,Wellness,0,1,3,4,75.0,0.0,0.75
Novotel London Wembley,Cleanliness,15,54,261,330,79.09,4.55,0.745
Novotel London Wembley,Facilities,13,41,113,167,67.66,7.78,0.599
Novotel London Wembley,Food,24,87,272,383,71.02,6.27,0.648
Novotel London Wembley,Location,21,109,406,536,75.75,3.92,0.718
Novotel London Wembley,Room,36,148,421,605,69.59,5.95,0.636
Novotel London Wembley,Staff_Service,37,96,372,505,73.66,7.33,0.663
Novotel London Wembley,Value,11,37,136,184,73.91,5.98,0.679
Novotel London Wembley,Wellness,0,5,12,17,70.59,0.0,0.706
Novotel London West,Cleanliness,18,60,122,200,61.0,9.0,0.52
Novotel London West,Facilities,15,84,106,205,51.71,7.32,0.444
Novotel London West,Food,46,145,316,507,62.33,9.07,0.533
Novotel London West,Location,38,137,243,418,58.13,9.09,0.49
Novotel London West,Room,100,220,356,676,52.66,14.79,0.379
Novotel London West,Staff_Service,64,169,404,637,63.42,10.05,0.534
Novotel London West,Value,21,65,98,184,53.26,11.41,0.418
Novotel London West,Wellness,2,11,14,27,51.85,7.41,0.444
Novotel Milano Linate Aeroporto,Cleanliness,4,9,18,31,58.06,12.9,0.452
Novotel Milano Linate Aeroporto,Facilities,3,9,21,33,63.64,9.09,0.545
Novotel Milano Linate Aeroporto,Food,6,25,63,94,67.02,6.38,0.606
Novotel Milano Linate Aeroporto,Location,3,17,38,58,65.52,5.17,0.603
Novotel Milano Linate Aeroporto,Room,6,21,38,65,58.46,9.23,0.492
Novotel Milano Linate Aeroporto,Staff_Service,12,25,56,93,60.22,12.9,0.473
Novotel Milano Linate Aeroporto,Value,2,7,16,25,64.0,8.0,0.56
Novotel Milano Linate Aeroporto,Wellness,1,9,15,25,60.0,4.0,0.56
Novotel Milano Nord Ca Granda,Cleanliness,2,2,7,11,63.64,18.18,0.455
Novotel Milano Nord Ca Granda,Facilities,0,4,6,10,60.0,0.0,0.6
Novotel Milano Nord Ca Granda,Food,2,12,10,24,41.67,8.33,0.333
Novotel Milano Nord Ca Granda,Location,2,6,9,17,52.94,11.76,0.412
Novotel Milano Nord Ca Granda,Room,5,13,7,25,28.0,20.0,0.08
Novotel Milano Nord Ca Granda,Staff_Service,4,9,13,26,50.0,15.38,0.346
Novotel Milano Nord Ca Granda,Value,2,2,3,7,42.86,28.57,0.143
Novotel Milano Nord Ca Granda,Wellness,0,5,5,10,50.0,0.0,0.5
Novotel Paris 14 Porte d Orl ans,Cleanliness,0,4,7,11,63.64,0.0,0.636
Novotel Paris 14 Porte d Orl ans,Facilities,0,2,3,5,60.0,0.0,0.6
Novotel Paris 14 Porte d Orl ans,Food,0,3,11,14,78.57,0.0,0.786
Novotel Paris 14 Porte d Orl ans,Location,0,4,5,9,55.56,0.0,0.556
Novotel Paris 14 Porte d Orl ans,Room,1,7,8,16,50.0,6.25,0.438
Novotel Paris 14 Porte d Orl ans,Staff_Service,0,5,10,15,66.67,0.0,0.667
Novotel Paris 14 Porte d Orl ans,Value,0,4,1,5,20.0,0.0,0.2
Novotel Paris 17,Cleanliness,1,5,8,14,57.14,7.14,0.5
Novotel Paris 17,Facilities,2,7,7,16,43.75,12.5,0.312
Novotel Paris 17,Food,8,11,16,35,45.71,22.86,0.229
Novotel Paris 17,Location,3,10,13,26,50.0,11.54,0.385
Novotel Paris 17,Room,8,16,13,37,35.14,21.62,0.135
Novotel Paris 17,Staff_Service,8,17,26,51,50.98,15.69,0.353
Novotel Paris 17,Value,0,5,5,10,50.0,0.0,0.5
Novotel Paris 17,Wellness,0,2,0,2,0.0,0.0,0.0
Novotel Paris Centre Bercy,Cleanliness,3,8,15,26,57.69,11.54,0.462
Novotel Paris Centre Bercy,Facilities,5,8,10,23,43.48,21.74,0.217
Novotel Paris Centre Bercy,Food,8,17,30,55,54.55,14.55,0.4
Novotel Paris Centre Bercy,Location,9,21,34,64,53.12,14.06,0.391
Novotel Paris Centre Bercy,Room,14,27,34,75,45.33,18.67,0.267
Novotel Paris Centre Bercy,Staff_Service,11,21,49,81,60.49,13.58,0.469
Novotel Paris Centre Bercy,Value,4,11,12,27,44.44,14.81,0.296
Novotel Paris Centre Bercy,Wellness,0,1,0,1,0.0,0.0,0.0
Novotel Paris Centre Gare Montparnasse,Cleanliness,8,13,33,54,61.11,14.81,0.463
Novotel Paris Centre Gare Montparnasse,Facilities,6,4,16,26,61.54,23.08,0.385
Novotel Paris Centre Gare Montparnasse,Food,14,22,51,87,58.62,16.09,0.425
Novotel Paris Centre Gare Montparnasse,Location,14,27,63,104,60.58,13.46,0.471
Novotel Paris Centre Gare Montparnasse,Room,21,30,48,99,48.48,21.21,0.273
Novotel Paris Centre Gare Montparnasse,Staff_Service,21,21,74,116,63.79,18.1,0.457
Novotel Paris Centre Gare Montparnasse,Value,7,9,21,37,56.76,18.92,0.378
Novotel Paris Centre Gare Montparnasse,Wellness,1,1,1,3,33.33,33.33,0.0
Novotel Paris Centre Tour Eiffel,Cleanliness,29,32,29,90,32.22,32.22,0.0
Novotel Paris Centre Tour Eiffel,Facilities,19,22,35,76,46.05,25.0,0.211
Novotel Paris Centre Tour Eiffel,Food,25,51,69,145,47.59,17.24,0.303
Novotel Paris Centre Tour Eiffel,Location,37,99,95,231,41.13,16.02,0.251
Novotel Paris Centre Tour Eiffel,Room,62,91,112,265,42.26,23.4,0.189
Novotel Paris Centre Tour Eiffel,Staff_Service,47,67,94,208,45.19,22.6,0.226
Novotel Paris Centre Tour Eiffel,Value,9,22,24,55,43.64,16.36,0.273
Novotel Paris Centre Tour Eiffel,Wellness,10,23,27,60,45.0,16.67,0.283
Novotel Paris Gare De Lyon,Cleanliness,8,34,74,116,63.79,6.9,0.569
Novotel Paris Gare De Lyon,Facilities,8,24,51,83,61.45,9.64,0.518
Novotel Paris Gare De Lyon,Food,12,55,130,197,65.99,6.09,0.599
Novotel Paris Gare De Lyon,Location,15,80,182,277,65.7,5.42,0.603
Novotel Paris Gare De Lyon,Room,28,71,142,241,58.92,11.62,0.473
Novotel Paris Gare De Lyon,Staff_Service,23,44,170,237,71.73,9.7,0.62
Novotel Paris Gare De Lyon,Value,5,24,24,53,45.28,9.43,0.358
Novotel Paris Gare De Lyon,Wellness,3,26,69,98,70.41,3.06,0.673
Novotel Paris Les Halles,Cleanliness,4,17,52,73,71.23,5.48,0.658
Novotel Paris Les Halles,Facilities,8,13,32,53,60.38,15.09,0.453
Novotel Paris Les Halles,Food,10,34,109,153,71.24,6.54,0.647
Novotel Paris Les Halles,Location,20,79,205,304,67.43,6.58,0.609
Novotel Paris Les Halles,Room,31,56,135,222,60.81,13.96,0.468
Novotel Paris Les Halles,Staff_Service,23,44,181,248,72.98,9.27,0.637
Novotel Paris Les Halles,Value,6,10,30,46,65.22,13.04,0.522
Novotel Paris Les Halles,Wellness,1,1,4,6,66.67,16.67,0.5
Novotel Paris Vaugirard Montparnasse,Cleanliness,7,14,15,36,41.67,19.44,0.222
Novotel Paris Vaugirard Montparnasse,Facilities,12,10,19,41,46.34,29.27,0.171
Novotel Paris Vaugirard Montparnasse,Food,14,17,42,73,57.53,19.18,0.384
Novotel Paris Vaugirard Montparnasse,Location,17,25,54,96,56.25,17.71,0.385
Novotel Paris Vaugirard Montparnasse,Room,16,27,43,86,50.0,18.6,0.314
Novotel Paris Vaugirard Montparnasse,Staff_Service,19,23,55,97,56.7,19.59,0.371
Novotel Paris Vaugirard Montparnasse,Value,6,10,10,26,38.46,23.08,0.154
Novotel Paris Vaugirard Montparnasse,Wellness,0,1,0,1,0.0,0.0,0.0
Novotel Suites Paris Expo Porte de Versailles,Cleanliness,2,13,61,76,80.26,2.63,0.776
Novotel Suites Paris Expo Porte de Versailles,Facilities,7,5,29,41,70.73,17.07,0.537
Novotel Suites Paris Expo Porte de Versailles,Food,9,21,71,101,70.3,8.91,0.614
Novotel Suites Paris Expo Porte de Versailles,Location,11,18,84,113,74.34,9.73,0.646
Novotel Suites Paris Expo Porte de Versailles,Room,12,25,77,114,67.54,10.53,0.57
Novotel Suites Paris Expo Porte de Versailles,Staff_Service,5,20,73,98,74.49,5.1,0.694
Novotel Suites Paris Expo Porte de Versailles,Value,5,6,18,29,62.07,17.24,0.448
Novotel Suites Paris Expo Porte de Versailles,Wellness,0,0,1,1,100.0,0.0,1.0
Novotel Suites Paris Montreuil Vincennes,Cleanliness,13,12,24,49,48.98,26.53,0.224
Novotel Suites Paris Montreuil Vincennes,Facilities,8,11,18,37,48.65,21.62,0.27
Novotel Suites Paris Montreuil Vincennes,Food,7,15,22,44,50.0,15.91,0.341
Novotel Suites Paris Montreuil Vincennes,Location,17,28,37,82,45.12,20.73,0.244
Novotel Suites Paris Montreuil Vincennes,Room,24,29,47,100,47.0,24.0,0.23
Novotel Suites Paris Montreuil Vincennes,Staff_Service,18,21,31,70,44.29,25.71,0.186
Novotel Suites Paris Montreuil Vincennes,Value,4,8,13,25,52.0,16.0,0.36
Novotel Suites Paris Montreuil Vincennes,Wellness,0,0,1,1,100.0,0.0,1.0
Novotel Suites Paris Nord 18 me,Cleanliness,13,14,24,51,47.06,25.49,0.216
Novotel Suites Paris Nord 18 me,Facilities,9,8,13,30,43.33,30.0,0.133
Novotel Suites Paris Nord 18 me,Food,10,18,15,43,34.88,23.26,0.116
Novotel Suites Paris Nord 18 me,Location,28,39,40,107,37.38,26.17,0.112
Novotel Suites Paris Nord 18 me,Room,23,29,32,84,38.1,27.38,0.107
Novotel Suites Paris Nord 18 me,Staff_Service,21,17,27,65,41.54,32.31,0.092
Novotel Suites Paris Nord 18 me,Value,6,5,12,23,52.17,26.09,0.261
Novotel Suites Paris Nord 18 me,Wellness,1,0,2,3,66.67,33.33,0.333
Novotel Wien City,Cleanliness,10,14,29,53,54.72,18.87,0.358
Novotel Wien City,Facilities,7,19,16,42,38.1,16.67,0.214
Novotel Wien City,Food,19,34,51,104,49.04,18.27,0.308
Novotel Wien City,Location,16,54,81,151,53.64,10.6,0.43
Novotel Wien City,Room,27,44,52,123,42.28,21.95,0.203
Novotel Wien City,Staff_Service,18,31,58,107,54.21,16.82,0.374
Novotel Wien City,Value,12,12,14,38,36.84,31.58,0.053
Novotel Wien City,Wellness,1,1,0,2,0.0,50.0,-0.5
Nu Hotel,Cleanliness,0,5,25,30,83.33,0.0,0.833
Nu Hotel,Facilities,2,3,25,30,83.33,6.67,0.767
Nu Hotel,Food,2,9,66,77,85.71,2.6,0.831
Nu Hotel,Location,0,4,44,48,91.67,0.0,0.917
Nu Hotel,Room,4,10,35,49,71.43,8.16,0.633
Nu Hotel,Staff_Service,3,4,42,49,85.71,6.12,0.796
Nu Hotel,Value,0,2,6,8,75.0,0.0,0.75
Number Sixteen,Cleanliness,0,0,5,5,100.0,0.0,1.0
Number Sixteen,Facilities,2,0,3,5,60.0,40.0,0.2
Number Sixteen,Food,2,6,24,32,75.0,6.25,0.688
Number Sixteen,Location,1,3,24,28,85.71,3.57,0.821
Number Sixteen,Room,6,7,33,46,71.74,13.04,0.587
Number Sixteen,Staff_Service,2,7,44,53,83.02,3.77,0.792
Number Sixteen,Value,2,3,4,9,44.44,22.22,0.222
Number Sixteen,Wellness,0,0,1,1,100.0,0.0,1.0
Occidental Atenea Mar Adults Only,Cleanliness,6,30,59,95,62.11,6.32,0.558
Occidental Atenea Mar Adults Only,Facilities,10,19,35,64,54.69,15.62,0.391
Occidental Atenea Mar Adults Only,Food,9,54,87,150,58.0,6.0,0.52
Occidental Atenea Mar Adults Only,Location,15,75,104,194,53.61,7.73,0.459
Occidental Atenea Mar Adults Only,Room,36,90,120,246,48.78,14.63,0.341
Occidental Atenea Mar Adults Only,Staff_Service,27,61,122,210,58.1,12.86,0.452
Occidental Atenea Mar Adults Only,Value,9,23,33,65,50.77,13.85,0.369
Occidental Atenea Mar Adults Only,Wellness,11,47,77,135,57.04,8.15,0.489
Oceania Paris Porte De Versailles,Cleanliness,7,13,40,60,66.67,11.67,0.55
Oceania Paris Porte De Versailles,Facilities,11,20,51,82,62.2,13.41,0.488
Oceania Paris Porte De Versailles,Food,7,16,52,75,69.33,9.33,0.6
Oceania Paris Porte De Versailles,Location,6,32,50,88,56.82,6.82,0.5
Oceania Paris Porte De Versailles,Room,23,38,70,131,53.44,17.56,0.359
Oceania Paris Porte De Versailles,Staff_Service,20,23,76,119,63.87,16.81,0.471
Oceania Paris Porte De Versailles,Value,9,16,20,45,44.44,20.0,0.244
Oceania Paris Porte De Versailles,Wellness,8,26,55,89,61.8,8.99,0.528
Ofelias Hotel 4 Sup,Cleanliness,0,4,12,16,75.0,0.0,0.75
Ofelias Hotel 4 Sup,Facilities,1,4,16,21,76.19,4.76,0.714
Ofelias Hotel 4 Sup,Food,0,5,16,21,76.19,0.0,0.762
Ofelias Hotel 4 Sup,Location,0,10,33,43,76.74,0.0,0.767
Ofelias Hotel 4 Sup,Room,1,7,34,42,80.95,2.38,0.786
Ofelias Hotel 4 Sup,Staff_Service,1,9,31,41,75.61,2.44,0.732
Ofelias Hotel 4 Sup,Value,0,3,7,10,70.0,0.0,0.7
Ofelias Hotel 4 Sup,Wellness,1,5,15,21,71.43,4.76,0.667
Ohla Barcelona,Cleanliness,2,3,23,28,82.14,7.14,0.75
Ohla Barcelona,Facilities,2,8,25,35,71.43,5.71,0.657
Ohla Barcelona,Food,9,25,121,155,78.06,5.81,0.723
Ohla Barcelona,Location,11,35,157,203,77.34,5.42,0.719
Ohla Barcelona,Room,12,33,115,160,71.88,7.5,0.644
Ohla Barcelona,Staff_Service,13,25,183,221,82.81,5.88,0.769
Ohla Barcelona,Value,5,9,20,34,58.82,14.71,0.441
Ohla Barcelona,Wellness,2,15,71,88,80.68,2.27,0.784
Ohla Eixample,Cleanliness,3,6,33,42,78.57,7.14,0.714
Ohla Eixample,Facilities,1,3,28,32,87.5,3.12,0.844
Ohla Eixample,Food,2,19,96,117,82.05,1.71,0.803
Ohla Eixample,Location,3,19,82,104,78.85,2.88,0.76
Ohla Eixample,Room,4,26,94,124,75.81,3.23,0.726
Ohla Eixample,Staff_Service,4,19,144,167,86.23,2.4,0.838
Ohla Eixample,Value,0,1,12,13,92.31,0.0,0.923
Ohla Eixample,Wellness,1,13,63,77,81.82,1.3,0.805
Okko Hotels Paris Porte De Versailles,Cleanliness,0,2,10,12,83.33,0.0,0.833
Okko Hotels Paris Porte De Versailles,Facilities,1,1,4,6,66.67,16.67,0.5
Okko Hotels Paris Porte De Versailles,Food,0,1,13,14,92.86,0.0,0.929
Okko Hotels Paris Porte De Versailles,Location,0,0,13,13,100.0,0.0,1.0
Okko Hotels Paris Porte De Versailles,Room,2,2,15,19,78.95,10.53,0.684
Okko Hotels Paris Porte De Versailles,Staff_Service,1,4,16,21,76.19,4.76,0.714
Okko Hotels Paris Porte De Versailles,Value,0,1,2,3,66.67,0.0,0.667
Okko Hotels Paris Porte De Versailles,Wellness,0,0,1,1,100.0,0.0,1.0
Old Ship Inn Hackney,Cleanliness,7,12,12,31,38.71,22.58,0.161
Old Ship Inn Hackney,Facilities,6,3,9,18,50.0,33.33,0.167
Old Ship Inn Hackney,Food,11,11,45,67,67.16,16.42,0.507
Old Ship Inn Hackney,Location,5,15,37,57,64.91,8.77,0.561
Old Ship Inn Hackney,Room,14,21,54,89,60.67,15.73,0.449
Old Ship Inn Hackney,Staff_Service,10,10,51,71,71.83,14.08,0.577
Old Ship Inn Hackney,Value,2,6,16,24,66.67,8.33,0.583
Old Ship Inn Hackney,Wellness,1,0,0,1,0.0,100.0,-1.0
Olivia Balmes Hotel,Cleanliness,2,11,92,105,87.62,1.9,0.857
Olivia Balmes Hotel,Facilities,2,11,42,55,76.36,3.64,0.727
Olivia Balmes Hotel,Food,1,15,112,128,87.5,0.78,0.867
Olivia Balmes Hotel,Location,1,36,208,245,84.9,0.41,0.845
Olivia Balmes Hotel,Room,5,29,166,200,83.0,2.5,0.805
Olivia Balmes Hotel,Staff_Service,4,28,342,374,91.44,1.07,0.904
Olivia Balmes Hotel,Value,0,12,31,43,72.09,0.0,0.721
Olivia Balmes Hotel,Wellness,1,14,110,125,88.0,0.8,0.872
Olivia Plaza Hotel,Cleanliness,2,6,75,83,90.36,2.41,0.88
Olivia Plaza Hotel,Facilities,3,16,53,72,73.61,4.17,0.694
Olivia Plaza Hotel,Food,3,17,179,199,89.95,1.51,0.884
Olivia Plaza Hotel,Location,10,53,401,464,86.42,2.16,0.843
Olivia Plaza Hotel,Room,8,41,287,336,85.42,2.38,0.83
Olivia Plaza Hotel,Staff_Service,8,33,467,508,91.93,1.57,0.904
Olivia Plaza Hotel,Value,2,8,43,53,81.13,3.77,0.774
Olivia Plaza Hotel,Wellness,0,3,11,14,78.57,0.0,0.786
One Aldwych,Cleanliness,0,1,4,5,80.0,0.0,0.8
One Aldwych,Facilities,0,4,16,20,80.0,0.0,0.8
One Aldwych,Food,1,4,26,31,83.87,3.23,0.806
One Aldwych,Location,0,14,40,54,74.07,0.0,0.741
One Aldwych,Room,2,22,44,68,64.71,2.94,0.618
One Aldwych,Staff_Service,2,11,76,89,85.39,2.25,0.831
One Aldwych,Value,0,6,9,15,60.0,0.0,0.6
One Aldwych,Wellness,0,3,14,17,82.35,0.0,0.824
Onix Liceo,Cleanliness,9,17,30,56,53.57,16.07,0.375
Onix Liceo,Facilities,6,13,18,37,48.65,16.22,0.324
Onix Liceo,Food,10,20,43,73,58.9,13.7,0.452
Onix Liceo,Location,15,42,97,154,62.99,9.74,0.532
Onix Liceo,Room,15,41,69,125,55.2,12.0,0.432
Onix Liceo,Staff_Service,13,19,67,99,67.68,13.13,0.545
Onix Liceo,Value,5,8,16,29,55.17,17.24,0.379
Onix Liceo,Wellness,1,9,17,27,62.96,3.7,0.593
Op ra Marigny,Cleanliness,1,9,15,25,60.0,4.0,0.56
Op ra Marigny,Facilities,3,8,10,21,47.62,14.29,0.333
Op ra Marigny,Food,7,9,15,31,48.39,22.58,0.258
Op ra Marigny,Location,7,25,31,63,49.21,11.11,0.381
Op ra Marigny,Room,11,34,34,79,43.04,13.92,0.291
Op ra Marigny,Staff_Service,6,20,31,57,54.39,10.53,0.439
Op ra Marigny,Value,5,5,6,16,37.5,31.25,0.062
Ozo Hotel,Cleanliness,32,50,60,142,42.25,22.54,0.197
Ozo Hotel,Facilities,10,42,46,98,46.94,10.2,0.367
Ozo Hotel,Food,27,43,57,127,44.88,21.26,0.236
Ozo Hotel,Location,27,63,96,186,51.61,14.52,0.371
Ozo Hotel,Room,56,99,100,255,39.22,21.96,0.173
Ozo Hotel,Staff_Service,49,69,73,191,38.22,25.65,0.126
Ozo Hotel,Value,17,32,23,72,31.94,23.61,0.083
Ozo Hotel,Wellness,4,3,4,11,36.36,36.36,0.0
Paddington Court Executive Rooms,Cleanliness,2,32,45,79,56.96,2.53,0.544
Paddington Court Executive Rooms,Facilities,5,12,21,38,55.26,13.16,0.421
Paddington Court Executive Rooms,Food,7,14,26,47,55.32,14.89,0.404
Paddington Court Executive Rooms,Location,13,48,62,123,50.41,10.57,0.398
Paddington Court Executive Rooms,Room,35,73,72,180,40.0,19.44,0.206
Paddington Court Executive Rooms,Staff_Service,16,43,77,136,56.62,11.76,0.449
Paddington Court Executive Rooms,Value,8,11,20,39,51.28,20.51,0.308
Paddington Court Executive Rooms,Wellness,3,1,4,8,50.0,37.5,0.125
Pakat Suites Hotel,Cleanliness,0,9,9,18,50.0,0.0,0.5
Pakat Suites Hotel,Facilities,2,6,15,23,65.22,8.7,0.565
Pakat Suites Hotel,Food,2,7,20,29,68.97,6.9,0.621
Pakat Suites Hotel,Location,0,9,23,32,71.88,0.0,0.719
Pakat Suites Hotel,Room,5,13,26,44,59.09,11.36,0.477
Pakat Suites Hotel,Staff_Service,5,10,26,41,63.41,12.2,0.512
Pakat Suites Hotel,Value,0,4,5,9,55.56,0.0,0.556
Palais Coburg Residenz,Facilities,0,0,2,2,100.0,0.0,1.0
Palais Coburg Residenz,Food,0,0,4,4,100.0,0.0,1.0
Palais Coburg Residenz,Location,0,0,5,5,100.0,0.0,1.0
Palais Coburg Residenz,Room,0,1,3,4,75.0,0.0,0.75
Palais Coburg Residenz,Staff_Service,0,1,4,5,80.0,0.0,0.8
Palais Coburg Residenz,Value,0,0,1,1,100.0,0.0,1.0
Palais Coburg Residenz,Wellness,0,1,1,2,50.0,0.0,0.5
Palais Hansen Kempinski Vienna,Cleanliness,2,2,11,15,73.33,13.33,0.6
Palais Hansen Kempinski Vienna,Facilities,3,6,16,25,64.0,12.0,0.52
Palais Hansen Kempinski Vienna,Food,3,13,60,76,78.95,3.95,0.75
Palais Hansen Kempinski Vienna,Location,0,12,40,52,76.92,0.0,0.769
Palais Hansen Kempinski Vienna,Room,7,11,56,74,75.68,9.46,0.662
Palais Hansen Kempinski Vienna,Staff_Service,6,11,83,100,83.0,6.0,0.77
Palais Hansen Kempinski Vienna,Value,1,5,16,22,72.73,4.55,0.682
Palais Hansen Kempinski Vienna,Wellness,3,6,14,23,60.87,13.04,0.478
Palazzo Parigi Hotel Grand Spa Milano,Cleanliness,0,0,8,8,100.0,0.0,1.0
Palazzo Parigi Hotel Grand Spa Milano,Facilities,1,1,10,12,83.33,8.33,0.75
Palazzo Parigi Hotel Grand Spa Milano,Food,1,3,39,43,90.7,2.33,0.884
Palazzo Parigi Hotel Grand Spa Milano,Location,0,2,29,31,93.55,0.0,0.935
Palazzo Parigi Hotel Grand Spa Milano,Room,1,7,33,41,80.49,2.44,0.78
Palazzo Parigi Hotel Grand Spa Milano,Staff_Service,2,4,54,60,90.0,3.33,0.867
Palazzo Parigi Hotel Grand Spa Milano,Value,1,1,15,17,88.24,5.88,0.824
Palazzo Parigi Hotel Grand Spa Milano,Wellness,0,0,13,13,100.0,0.0,1.0
Palazzo Segreti,Cleanliness,1,1,3,5,60.0,20.0,0.4
Palazzo Segreti,Facilities,0,3,5,8,62.5,0.0,0.625
Palazzo Segreti,Food,3,2,17,22,77.27,13.64,0.636
Palazzo Segreti,Location,2,14,26,42,61.9,4.76,0.571
Palazzo Segreti,Room,3,11,17,31,54.84,9.68,0.452
Palazzo Segreti,Staff_Service,1,4,31,36,86.11,2.78,0.833
Palazzo Segreti,Value,2,1,2,5,40.0,40.0,0.0
Palazzo Segreti,Wellness,0,0,1,1,100.0,0.0,1.0
Paris Marriott Champs Elysees Hotel,Cleanliness,3,7,0,10,0.0,30.0,-0.3
Paris Marriott Champs Elysees Hotel,Facilities,1,4,1,6,16.67,16.67,0.0
Paris Marriott Champs Elysees Hotel,Food,2,7,6,15,40.0,13.33,0.267
Paris Marriott Champs Elysees Hotel,Location,7,29,23,59,38.98,11.86,0.271
Paris Marriott Champs Elysees Hotel,Room,8,20,7,35,20.0,22.86,-0.029
Paris Marriott Champs Elysees Hotel,Staff_Service,8,11,18,37,48.65,21.62,0.27
Paris Marriott Champs Elysees Hotel,Value,2,4,7,13,53.85,15.38,0.385
Paris Marriott Champs Elysees Hotel,Wellness,0,2,0,2,0.0,0.0,0.0
Paris Marriott Opera Ambassador Hotel,Cleanliness,2,3,0,5,0.0,40.0,-0.4
Paris Marriott Opera Ambassador Hotel,Facilities,2,1,3,6,50.0,33.33,0.167
Paris Marriott Opera Ambassador Hotel,Food,2,8,10,20,50.0,10.0,0.4
Paris Marriott Opera Ambassador Hotel,Location,6,13,9,28,32.14,21.43,0.107
Paris Marriott Opera Ambassador Hotel,Room,8,10,11,29,37.93,27.59,0.103
Paris Marriott Opera Ambassador Hotel,Staff_Service,8,10,11,29,37.93,27.59,0.103
Paris Marriott Opera Ambassador Hotel,Value,1,3,3,7,42.86,14.29,0.286
Paris Marriott Rive Gauche Hotel,Cleanliness,0,3,1,4,25.0,0.0,0.25
Paris Marriott Rive Gauche Hotel,Facilities,2,1,7,10,70.0,20.0,0.5
Paris Marriott Rive Gauche Hotel,Food,1,8,9,18,50.0,5.56,0.444
Paris Marriott Rive Gauche Hotel,Location,1,3,6,10,60.0,10.0,0.5
Paris Marriott Rive Gauche Hotel,Room,7,5,11,23,47.83,30.43,0.174
Paris Marriott Rive Gauche Hotel,Staff_Service,4,6,13,23,56.52,17.39,0.391
Paris Marriott Rive Gauche Hotel,Value,0,3,5,8,62.5,0.0,0.625
Paris Marriott Rive Gauche Hotel,Wellness,1,0,1,2,50.0,50.0,0.0
Park Avenue Baker Street,Cleanliness,14,87,119,220,54.09,6.36,0.477
Park Avenue Baker Street,Facilities,23,76,83,182,45.6,12.64,0.33
Park Avenue Baker Street,Food,25,82,85,192,44.27,13.02,0.312
Park Avenue Baker Street,Location,42,165,183,390,46.92,10.77,0.362
Park Avenue Baker Street,Room,99,238,234,571,40.98,17.34,0.236
Park Avenue Baker Street,Staff_Service,40,134,164,338,48.52,11.83,0.367
Park Avenue Baker Street,Value,15,41,41,97,42.27,15.46,0.268
Park Avenue Baker Street,Wellness,0,0,1,1,100.0,0.0,1.0
Park Grand London Hyde Park,Cleanliness,31,58,62,151,41.06,20.53,0.205
Park Grand London Hyde Park,Facilities,20,41,61,122,50.0,16.39,0.336
Park Grand London Hyde Park,Food,39,57,77,173,44.51,22.54,0.22
Park Grand London Hyde Park,Location,65,140,151,356,42.42,18.26,0.242
Park Grand London Hyde Park,Room,115,196,214,525,40.76,21.9,0.189
Park Grand London Hyde Park,Staff_Service,71,129,246,446,55.16,15.92,0.392
Park Grand London Hyde Park,Value,28,34,43,105,40.95,26.67,0.143
Park Grand London Hyde Park,Wellness,1,1,0,2,0.0,50.0,-0.5
Park Grand London Kensington,Cleanliness,30,108,261,399,65.41,7.52,0.579
Park Grand London Kensington,Facilities,23,75,144,242,59.5,9.5,0.5
Park Grand London Kensington,Food,42,115,311,468,66.45,8.97,0.575
Park Grand London Kensington,Location,64,254,598,916,65.28,6.99,0.583
Park Grand London Kensington,Room,163,339,758,1260,60.16,12.94,0.472
Park Grand London Kensington,Staff_Service,105,208,817,1130,72.3,9.29,0.63
Park Grand London Kensington,Value,30,56,120,206,58.25,14.56,0.437
Park Grand London Kensington,Wellness,2,10,11,23,47.83,8.7,0.391
Park Grand London Lancaster Gate,Cleanliness,4,24,94,122,77.05,3.28,0.738
Park Grand London Lancaster Gate,Facilities,0,8,48,56,85.71,0.0,0.857
Park Grand London Lancaster Gate,Food,4,20,59,83,71.08,4.82,0.663
Park Grand London Lancaster Gate,Location,8,48,147,203,72.41,3.94,0.685
Park Grand London Lancaster Gate,Room,23,92,217,332,65.36,6.93,0.584
Park Grand London Lancaster Gate,Staff_Service,16,73,314,403,77.92,3.97,0.739
Park Grand London Lancaster Gate,Value,4,10,37,51,72.55,7.84,0.647
Park Grand London Lancaster Gate,Wellness,0,0,2,2,100.0,0.0,1.0
Park Grand Paddington Court,Cleanliness,48,177,346,571,60.6,8.41,0.522
Park Grand Paddington Court,Facilities,38,92,150,280,53.57,13.57,0.4
Park Grand Paddington Court,Food,38,117,230,385,59.74,9.87,0.499
Park Grand Paddington Court,Location,94,344,562,1000,56.2,9.4,0.468
Park Grand Paddington Court,Room,226,521,776,1523,50.95,14.84,0.361
Park Grand Paddington Court,Staff_Service,118,287,797,1202,66.31,9.82,0.565
Park Grand Paddington Court,Value,45,88,100,233,42.92,19.31,0.236
Park Grand Paddington Court,Wellness,2,2,12,16,75.0,12.5,0.625
Park Hotel,Cleanliness,7,23,49,79,62.03,8.86,0.532
Park Hotel,Facilities,9,19,35,63,55.56,14.29,0.413
Park Hotel,Food,14,46,100,160,62.5,8.75,0.538
Park Hotel,Location,27,102,207,336,61.61,8.04,0.536
Park Hotel,Room,49,127,221,397,55.67,12.34,0.433
Park Hotel,Staff_Service,34,61,212,307,69.06,11.07,0.58
Park Hotel,Value,19,30,42,91,46.15,20.88,0.253
Park Hotel,Wellness,1,2,8,11,72.73,9.09,0.636
Park Hyatt Milano,Cleanliness,1,3,2,6,33.33,16.67,0.167
Park Hyatt Milano,Facilities,1,2,8,11,72.73,9.09,0.636
Park Hyatt Milano,Food,0,4,21,25,84.0,0.0,0.84
Park Hyatt Milano,Location,2,13,44,59,74.58,3.39,0.712
Park Hyatt Milano,Room,5,8,26,39,66.67,12.82,0.538
Park Hyatt Milano,Staff_Service,4,4,42,50,84.0,8.0,0.76
Park Hyatt Milano,Value,0,2,7,9,77.78,0.0,0.778
Park Hyatt Milano,Wellness,0,0,3,3,100.0,0.0,1.0
Park Hyatt Paris Vendome,Cleanliness,0,0,2,2,100.0,0.0,1.0
Park Hyatt Paris Vendome,Facilities,0,0,1,1,100.0,0.0,1.0
Park Hyatt Paris Vendome,Food,1,2,7,10,70.0,10.0,0.6
Park Hyatt Paris Vendome,Location,2,1,11,14,78.57,14.29,0.643
Park Hyatt Paris Vendome,Room,0,2,13,15,86.67,0.0,0.867
Park Hyatt Paris Vendome,Staff_Service,2,1,10,13,76.92,15.38,0.615
Park Hyatt Paris Vendome,Value,0,1,3,4,75.0,0.0,0.75
Park Hyatt Vienna,Cleanliness,1,2,6,9,66.67,11.11,0.556
Park Hyatt Vienna,Facilities,0,3,7,10,70.0,0.0,0.7
Park Hyatt Vienna,Food,0,4,28,32,87.5,0.0,0.875
Park Hyatt Vienna,Location,2,6,33,41,80.49,4.88,0.756
Park Hyatt Vienna,Room,4,7,31,42,73.81,9.52,0.643
Park Hyatt Vienna,Staff_Service,3,9,35,47,74.47,6.38,0.681
Park Hyatt Vienna,Value,0,1,8,9,88.89,0.0,0.889
Park Hyatt Vienna,Wellness,1,1,12,14,85.71,7.14,0.786
Park Inn by Radisson Uno City Vienna,Cleanliness,5,8,45,58,77.59,8.62,0.69
Park Inn by Radisson Uno City Vienna,Facilities,6,31,71,108,65.74,5.56,0.602
Park Inn by Radisson Uno City Vienna,Food,12,38,143,193,74.09,6.22,0.679
Park Inn by Radisson Uno City Vienna,Location,8,27,110,145,75.86,5.52,0.703
Park Inn by Radisson Uno City Vienna,Room,14,45,111,170,65.29,8.24,0.571
Park Inn by Radisson Uno City Vienna,Staff_Service,10,21,118,149,79.19,6.71,0.725
Park Inn by Radisson Uno City Vienna,Value,2,3,21,26,80.77,7.69,0.731
Park Inn by Radisson Uno City Vienna,Wellness,3,2,5,10,50.0,30.0,0.2
Park International Hotel,Cleanliness,10,31,47,88,53.41,11.36,0.42
Park International Hotel,Facilities,22,42,39,103,37.86,21.36,0.165
Park International Hotel,Food,17,56,76,149,51.01,11.41,0.396
Park International Hotel,Location,25,92,107,224,47.77,11.16,0.366
Park International Hotel,Room,52,133,142,327,43.43,15.9,0.275
Park International Hotel,Staff_Service,31,76,103,210,49.05,14.76,0.343
Park International Hotel,Value,10,26,28,64,43.75,15.62,0.281
Park International Hotel,Wellness,2,1,5,8,62.5,25.0,0.375
Park Lane Mews Hotel,Cleanliness,61,59,48,168,28.57,36.31,-0.077
Park Lane Mews Hotel,Facilities,34,39,28,101,27.72,33.66,-0.059
Park Lane Mews Hotel,Food,68,127,119,314,37.9,21.66,0.162
Park Lane Mews Hotel,Location,139,271,211,621,33.98,22.38,0.116
Park Lane Mews Hotel,Room,184,234,137,555,24.68,33.15,-0.085
Park Lane Mews Hotel,Staff_Service,121,181,169,471,35.88,25.69,0.102
Park Lane Mews Hotel,Value,60,76,57,193,29.53,31.09,-0.016
Park Lane Mews Hotel,Wellness,1,0,1,2,50.0,50.0,0.0
Park Plaza County Hall London,Cleanliness,24,89,160,273,58.61,8.79,0.498
Park Plaza County Hall London,Facilities,14,80,130,224,58.04,6.25,0.518
Park Plaza County Hall London,Food,63,229,421,713,59.05,8.84,0.502
Park Plaza County Hall London,Location,75,308,582,965,60.31,7.77,0.525
Park Plaza County Hall London,Room,141,419,752,1312,57.32,10.75,0.466
Park Plaza County Hall London,Staff_Service,84,227,709,1020,69.51,8.24,0.613
Park Plaza County Hall London,Value,28,110,151,289,52.25,9.69,0.426
Park Plaza County Hall London,Wellness,6,18,43,67,64.18,8.96,0.552
Park Plaza London Park Royal,Cleanliness,4,11,36,51,70.59,7.84,0.627
Park Plaza London Park Royal,Facilities,3,10,23,36,63.89,8.33,0.556
Park Plaza London Park Royal,Food,6,18,45,69,65.22,8.7,0.565
Park Plaza London Park Royal,Location,3,15,39,57,68.42,5.26,0.632
Park Plaza London Park Royal,Room,9,26,73,108,67.59,8.33,0.593
Park Plaza London Park Royal,Staff_Service,11,20,82,113,72.57,9.73,0.628
Park Plaza London Park Royal,Value,4,11,11,26,42.31,15.38,0.269
Park Plaza London Park Royal,Wellness,0,1,3,4,75.0,0.0,0.75
Park Plaza London Riverbank,Cleanliness,46,111,195,352,55.4,13.07,0.423
Park Plaza London Riverbank,Facilities,28,76,115,219,52.51,12.79,0.397
Park Plaza London Riverbank,Food,64,161,360,585,61.54,10.94,0.506
Park Plaza London Riverbank,Location,63,239,404,706,57.22,8.92,0.483
Park Plaza London Riverbank,Room,165,404,668,1237,54.0,13.34,0.407
Park Plaza London Riverbank,Staff_Service,119,257,639,1015,62.96,11.72,0.512
Park Plaza London Riverbank,Value,41,86,139,266,52.26,15.41,0.368
Park Plaza London Riverbank,Wellness,3,6,14,23,60.87,13.04,0.478
Park Plaza London Waterloo,Cleanliness,8,23,69,100,69.0,8.0,0.61
Park Plaza London Waterloo,Facilities,10,17,54,81,66.67,12.35,0.543
Park Plaza London Waterloo,Food,17,41,130,188,69.15,9.04,0.601
Park Plaza London Waterloo,Location,12,50,133,195,68.21,6.15,0.621
Park Plaza London Waterloo,Room,36,81,201,318,63.21,11.32,0.519
Park Plaza London Waterloo,Staff_Service,21,53,180,254,70.87,8.27,0.626
Park Plaza London Waterloo,Value,9,12,28,49,57.14,18.37,0.388
Park Plaza London Waterloo,Wellness,5,20,62,87,71.26,5.75,0.655
Park Plaza Sherlock Holmes London,Cleanliness,11,31,49,91,53.85,12.09,0.418
Park Plaza Sherlock Holmes London,Facilities,8,22,30,60,50.0,13.33,0.367
Park Plaza Sherlock Holmes London,Food,16,49,103,168,61.31,9.52,0.518
Park Plaza Sherlock Holmes London,Location,27,116,145,288,50.35,9.38,0.41
Park Plaza Sherlock Holmes London,Room,49,140,153,342,44.74,14.33,0.304
Park Plaza Sherlock Holmes London,Staff_Service,25,91,203,319,63.64,7.84,0.558
Park Plaza Sherlock Holmes London,Value,8,32,23,63,36.51,12.7,0.238
Park Plaza Sherlock Holmes London,Wellness,1,4,10,15,66.67,6.67,0.6
Park Plaza Victoria Amsterdam,Cleanliness,40,63,104,207,50.24,19.32,0.309
Park Plaza Victoria Amsterdam,Facilities,18,51,74,143,51.75,12.59,0.392
Park Plaza Victoria Amsterdam,Food,34,83,155,272,56.99,12.5,0.445
Park Plaza Victoria Amsterdam,Location,118,322,550,990,55.56,11.92,0.436
Park Plaza Victoria Amsterdam,Room,145,296,392,833,47.06,17.41,0.297
Park Plaza Victoria Amsterdam,Staff_Service,86,178,475,739,64.28,11.64,0.526
Park Plaza Victoria Amsterdam,Value,39,86,98,223,43.95,17.49,0.265
Park Plaza Victoria Amsterdam,Wellness,13,56,93,162,57.41,8.02,0.494
Park Plaza Victoria London,Cleanliness,21,62,154,237,64.98,8.86,0.561
Park Plaza Victoria London,Facilities,15,45,99,159,62.26,9.43,0.528
Park Plaza Victoria London,Food,33,104,281,418,67.22,7.89,0.593
Park Plaza Victoria London,Location,40,202,476,718,66.3,5.57,0.607
Park Plaza Victoria London,Room,78,225,482,785,61.4,9.94,0.515
Park Plaza Victoria London,Staff_Service,42,135,424,601,70.55,6.99,0.636
Park Plaza Victoria London,Value,18,54,93,165,56.36,10.91,0.455
Park Plaza Victoria London,Wellness,4,11,30,45,66.67,8.89,0.578
Park Plaza Vondelpark Amsterdam,Cleanliness,22,32,46,100,46.0,22.0,0.24
Park Plaza Vondelpark Amsterdam,Facilities,12,27,26,65,40.0,18.46,0.215
Park Plaza Vondelpark Amsterdam,Food,13,39,67,119,56.3,10.92,0.454
Park Plaza Vondelpark Amsterdam,Location,26,104,125,255,49.02,10.2,0.388
Park Plaza Vondelpark Amsterdam,Room,75,146,157,378,41.53,19.84,0.217
Park Plaza Vondelpark Amsterdam,Staff_Service,36,88,155,279,55.56,12.9,0.427
Park Plaza Vondelpark Amsterdam,Value,23,26,29,78,37.18,29.49,0.077
Park Plaza Vondelpark Amsterdam,Wellness,0,3,3,6,50.0,0.0,0.5
Park Plaza Westminster Bridge London,Cleanliness,62,156,360,578,62.28,10.73,0.516
Park Plaza Westminster Bridge London,Facilities,37,155,341,533,63.98,6.94,0.57
Park Plaza Westminster Bridge London,Food,98,321,769,1188,64.73,8.25,0.565
Park Plaza Westminster Bridge London,Location,151,560,1362,2073,65.7,7.28,0.584
Park Plaza Westminster Bridge London,Room,231,618,1296,2145,60.42,10.77,0.497
Park Plaza Westminster Bridge London,Staff_Service,194,408,1183,1785,66.27,10.87,0.554
Park Plaza Westminster Bridge London,Value,61,149,267,477,55.97,12.79,0.432
Park Plaza Westminster Bridge London,Wellness,36,133,293,462,63.42,7.79,0.556
Pershing Hall,Cleanliness,0,1,0,1,0.0,0.0,0.0
Pershing Hall,Facilities,0,0,1,1,100.0,0.0,1.0
Pershing Hall,Food,2,0,2,4,50.0,50.0,0.0
Pershing Hall,Location,1,3,4,8,50.0,12.5,0.375
Pershing Hall,Room,2,2,5,9,55.56,22.22,0.333
Pershing Hall,Staff_Service,1,1,6,8,75.0,12.5,0.625
Pertschy Palais Hotel,Cleanliness,8,7,21,36,58.33,22.22,0.361
Pertschy Palais Hotel,Facilities,12,17,40,69,57.97,17.39,0.406
Pertschy Palais Hotel,Food,10,28,95,133,71.43,7.52,0.639
Pertschy Palais Hotel,Location,18,47,140,205,68.29,8.78,0.595
Pertschy Palais Hotel,Room,22,35,84,141,59.57,15.6,0.44
Pertschy Palais Hotel,Staff_Service,10,21,99,130,76.15,7.69,0.685
Pertschy Palais Hotel,Value,10,4,14,28,50.0,35.71,0.143
Pertschy Palais Hotel,Wellness,0,0,1,1,100.0,0.0,1.0
Pestana Arena Barcelona,Cleanliness,3,6,19,28,67.86,10.71,0.571
Pestana Arena Barcelona,Facilities,2,3,14,19,73.68,10.53,0.632
Pestana Arena Barcelona,Food,1,5,18,24,75.0,4.17,0.708
Pestana Arena Barcelona,Location,0,20,53,73,72.6,0.0,0.726
Pestana Arena Barcelona,Room,5,21,46,72,63.89,6.94,0.569
Pestana Arena Barcelona,Staff_Service,3,14,55,72,76.39,4.17,0.722
Pestana Arena Barcelona,Value,1,5,15,21,71.43,4.76,0.667
Pestana Arena Barcelona,Wellness,0,1,4,5,80.0,0.0,0.8
Pestana Chelsea Bridge Hotel Spa,Cleanliness,8,30,86,124,69.35,6.45,0.629
Pestana Chelsea Bridge Hotel Spa,Facilities,6,27,76,109,69.72,5.5,0.642
Pestana Chelsea Bridge Hotel Spa,Food,15,55,131,201,65.17,7.46,0.577
Pestana Chelsea Bridge Hotel Spa,Location,14,54,143,211,67.77,6.64,0.611
Pestana Chelsea Bridge Hotel Spa,Room,33,100,227,360,63.06,9.17,0.539
Pestana Chelsea Bridge Hotel Spa,Staff_Service,26,62,217,305,71.15,8.52,0.626
Pestana Chelsea Bridge Hotel Spa,Value,15,22,63,100,63.0,15.0,0.48
Pestana Chelsea Bridge Hotel Spa,Wellness,12,34,113,159,71.07,7.55,0.635
Petit Palace Barcelona,Cleanliness,2,11,20,33,60.61,6.06,0.545
Petit Palace Barcelona,Facilities,2,4,14,20,70.0,10.0,0.6
Petit Palace Barcelona,Food,3,9,26,38,68.42,7.89,0.605
Petit Palace Barcelona,Location,7,31,60,98,61.22,7.14,0.541
Petit Palace Barcelona,Room,11,29,37,77,48.05,14.29,0.338
Petit Palace Barcelona,Staff_Service,5,19,49,73,67.12,6.85,0.603
Petit Palace Barcelona,Value,5,6,10,21,47.62,23.81,0.238
Petit Palace Barcelona,Wellness,0,1,1,2,50.0,0.0,0.5
Petit Palace Boqueria Garden,Cleanliness,10,37,92,139,66.19,7.19,0.59
Petit Palace Boqueria Garden,Facilities,9,34,74,117,63.25,7.69,0.556
Petit Palace Boqueria Garden,Food,16,48,197,261,75.48,6.13,0.693
Petit Palace Boqueria Garden,Location,30,133,376,539,69.76,5.57,0.642
Petit Palace Boqueria Garden,Room,42,114,261,417,62.59,10.07,0.525
Petit Palace Boqueria Garden,Staff_Service,26,77,307,410,74.88,6.34,0.685
Petit Palace Boqueria Garden,Value,6,21,47,74,63.51,8.11,0.554
Petit Palace Boqueria Garden,Wellness,1,3,17,21,80.95,4.76,0.762
Petit Palace Museum,Cleanliness,5,10,32,47,68.09,10.64,0.574
Petit Palace Museum,Facilities,3,9,16,28,57.14,10.71,0.464
Petit Palace Museum,Food,4,18,82,104,78.85,3.85,0.75
Petit Palace Museum,Location,14,52,137,203,67.49,6.9,0.606
Petit Palace Museum,Room,17,43,119,179,66.48,9.5,0.57
Petit Palace Museum,Staff_Service,12,29,132,173,76.3,6.94,0.694
Petit Palace Museum,Value,3,18,16,37,43.24,8.11,0.351
Petit Palace Museum,Wellness,2,5,8,15,53.33,13.33,0.4
Petit Palais Hotel De Charme,Cleanliness,1,3,7,11,63.64,9.09,0.545
Petit Palais Hotel De Charme,Facilities,3,2,5,10,50.0,30.0,0.2
Petit Palais Hotel De Charme,Food,5,2,25,32,78.12,15.62,0.625
Petit Palais Hotel De Charme,Location,2,4,31,37,83.78,5.41,0.784
Petit Palais Hotel De Charme,Room,4,6,23,33,69.7,12.12,0.576
Petit Palais Hotel De Charme,Staff_Service,2,4,27,33,81.82,6.06,0.758
Petit Palais Hotel De Charme,Value,1,0,3,4,75.0,25.0,0.5
Phileas Hotel,Cleanliness,3,13,48,64,75.0,4.69,0.703
Phileas Hotel,Facilities,8,17,27,52,51.92,15.38,0.365
Phileas Hotel,Food,2,10,23,35,65.71,5.71,0.6
Phileas Hotel,Location,5,23,64,92,69.57,5.43,0.641
Phileas Hotel,Room,8,23,58,89,65.17,8.99,0.562
Phileas Hotel,Staff_Service,6,17,75,98,76.53,6.12,0.704
Phileas Hotel,Value,1,10,9,20,45.0,5.0,0.4
Phileas Hotel,Wellness,0,1,1,2,50.0,0.0,0.5
Pillows Anna van den Vondel Amsterdam,Cleanliness,0,0,10,10,100.0,0.0,1.0
Pillows Anna van den Vondel Amsterdam,Facilities,0,1,4,5,80.0,0.0,0.8
Pillows Anna van den Vondel Amsterdam,Food,1,0,19,20,95.0,5.0,0.9
Pillows Anna van den Vondel Amsterdam,Location,1,2,16,19,84.21,5.26,0.789
Pillows Anna van den Vondel Amsterdam,Room,1,1,28,30,93.33,3.33,0.9
Pillows Anna van den Vondel Amsterdam,Staff_Service,1,1,37,39,94.87,2.56,0.923
Pillows Anna van den Vondel Amsterdam,Value,0,1,4,5,80.0,0.0,0.8
Platine Hotel Spa,Cleanliness,0,2,12,14,85.71,0.0,0.857
Platine Hotel Spa,Facilities,0,4,8,12,66.67,0.0,0.667
Platine Hotel Spa,Food,1,4,17,22,77.27,4.55,0.727
Platine Hotel Spa,Location,0,13,43,56,76.79,0.0,0.768
Platine Hotel Spa,Room,5,18,35,58,60.34,8.62,0.517
Platine Hotel Spa,Staff_Service,0,10,45,55,81.82,0.0,0.818
Platine Hotel Spa,Value,0,5,6,11,54.55,0.0,0.545
Platine Hotel Spa,Wellness,0,1,7,8,87.5,0.0,0.875
Plaza Tour Eiffel,Cleanliness,1,4,9,14,64.29,7.14,0.571
Plaza Tour Eiffel,Facilities,1,2,4,7,57.14,14.29,0.429
Plaza Tour Eiffel,Food,2,6,12,20,60.0,10.0,0.5
Plaza Tour Eiffel,Location,1,7,22,30,73.33,3.33,0.7
Plaza Tour Eiffel,Room,5,9,19,33,57.58,15.15,0.424
Plaza Tour Eiffel,Staff_Service,1,5,32,38,84.21,2.63,0.816
Plaza Tour Eiffel,Value,1,2,5,8,62.5,12.5,0.5
Pol Grace Hotel,Cleanliness,6,23,63,92,68.48,6.52,0.62
Pol Grace Hotel,Facilities,7,18,33,58,56.9,12.07,0.448
Pol Grace Hotel,Food,4,25,78,107,72.9,3.74,0.692
Pol Grace Hotel,Location,7,42,146,195,74.87,3.59,0.713
Pol Grace Hotel,Room,12,44,116,172,67.44,6.98,0.605
Pol Grace Hotel,Staff_Service,13,39,199,251,79.28,5.18,0.741
Pol Grace Hotel,Value,4,13,20,37,54.05,10.81,0.432
Pol Grace Hotel,Wellness,0,2,4,6,66.67,0.0,0.667
Portobello House,Cleanliness,0,5,24,29,82.76,0.0,0.828
Portobello House,Facilities,4,3,7,14,50.0,28.57,0.214
Portobello House,Food,5,6,46,57,80.7,8.77,0.719
Portobello House,Location,5,10,43,58,74.14,8.62,0.655
Portobello House,Room,6,12,60,78,76.92,7.69,0.692
Portobello House,Staff_Service,6,7,51,64,79.69,9.38,0.703
Portobello House,Value,1,4,7,12,58.33,8.33,0.5
Primero Primera,Cleanliness,0,0,10,10,100.0,0.0,1.0
Primero Primera,Facilities,0,3,7,10,70.0,0.0,0.7
Primero Primera,Food,0,2,26,28,92.86,0.0,0.929
Primero Primera,Location,0,4,23,27,85.19,0.0,0.852
Primero Primera,Room,1,1,26,28,92.86,3.57,0.893
Primero Primera,Staff_Service,1,2,43,46,93.48,2.17,0.913
Primero Primera,Value,1,0,4,5,80.0,20.0,0.6
Primero Primera,Wellness,0,0,8,8,100.0,0.0,1.0
Prince de Galles a Luxury Collection hotel Paris,Cleanliness,1,1,2,4,50.0,25.0,0.25
Prince de Galles a Luxury Collection hotel Paris,Facilities,1,0,1,2,50.0,50.0,0.0
Prince de Galles a Luxury Collection hotel Paris,Food,0,2,4,6,66.67,0.0,0.667
Prince de Galles a Luxury Collection hotel Paris,Location,2,5,10,17,58.82,11.76,0.471
Prince de Galles a Luxury Collection hotel Paris,Room,1,3,5,9,55.56,11.11,0.444
Prince de Galles a Luxury Collection hotel Paris,Staff_Service,2,5,10,17,58.82,11.76,0.471
Prince de Galles a Luxury Collection hotel Paris,Value,0,2,2,4,50.0,0.0,0.5
Prince de Galles a Luxury Collection hotel Paris,Wellness,0,0,1,1,100.0,0.0,1.0
Pulitzer Amsterdam,Cleanliness,0,1,12,13,92.31,0.0,0.923
Pulitzer Amsterdam,Facilities,0,4,12,16,75.0,0.0,0.75
Pulitzer Amsterdam,Food,2,12,82,96,85.42,2.08,0.833
Pulitzer Amsterdam,Location,1,18,112,131,85.5,0.76,0.847
Pulitzer Amsterdam,Room,4,25,109,138,78.99,2.9,0.761
Pulitzer Amsterdam,Staff_Service,5,17,157,179,87.71,2.79,0.849
Pulitzer Amsterdam,Value,2,12,20,34,58.82,5.88,0.529
Pulitzer Amsterdam,Wellness,0,0,5,5,100.0,0.0,1.0
Pullman Barcelona Skipper,Cleanliness,1,12,18,31,58.06,3.23,0.548
Pullman Barcelona Skipper,Facilities,6,16,13,35,37.14,17.14,0.2
Pullman Barcelona Skipper,Food,9,22,55,86,63.95,10.47,0.535
Pullman Barcelona Skipper,Location,7,46,72,125,57.6,5.6,0.52
Pullman Barcelona Skipper,Room,14,43,72,129,55.81,10.85,0.45
Pullman Barcelona Skipper,Staff_Service,11,37,91,139,65.47,7.91,0.576
Pullman Barcelona Skipper,Value,1,7,10,18,55.56,5.56,0.5
Pullman Barcelona Skipper,Wellness,5,25,46,76,60.53,6.58,0.539
Pullman London St Pancras,Cleanliness,5,29,113,147,76.87,3.4,0.735
Pullman London St Pancras,Facilities,12,26,85,123,69.11,9.76,0.593
Pullman London St Pancras,Food,22,89,354,465,76.13,4.73,0.714
Pullman London St Pancras,Location,15,100,335,450,74.44,3.33,0.711
Pullman London St Pancras,Room,41,148,411,600,68.5,6.83,0.617
Pullman London St Pancras,Staff_Service,39,106,520,665,78.2,5.86,0.723
Pullman London St Pancras,Value,13,41,81,135,60.0,9.63,0.504
Pullman London St Pancras,Wellness,0,7,25,32,78.12,0.0,0.781
Pullman Paris Centre Bercy,Cleanliness,2,8,24,34,70.59,5.88,0.647
Pullman Paris Centre Bercy,Facilities,5,4,15,24,62.5,20.83,0.417
Pullman Paris Centre Bercy,Food,7,15,62,84,73.81,8.33,0.655
Pullman Paris Centre Bercy,Location,1,20,64,85,75.29,1.18,0.741
Pullman Paris Centre Bercy,Room,8,24,50,82,60.98,9.76,0.512
Pullman Paris Centre Bercy,Staff_Service,9,24,90,123,73.17,7.32,0.659
Pullman Paris Centre Bercy,Value,1,4,17,22,77.27,4.55,0.727
Pullman Paris Centre Bercy,Wellness,1,3,5,9,55.56,11.11,0.444
Pullman Paris Montparnasse,Cleanliness,7,17,16,40,40.0,17.5,0.225
Pullman Paris Montparnasse,Facilities,7,19,13,39,33.33,17.95,0.154
Pullman Paris Montparnasse,Food,10,38,58,106,54.72,9.43,0.453
Pullman Paris Montparnasse,Location,9,48,58,115,50.43,7.83,0.426
Pullman Paris Montparnasse,Room,17,52,51,120,42.5,14.17,0.283
Pullman Paris Montparnasse,Staff_Service,15,37,59,111,53.15,13.51,0.396
Pullman Paris Montparnasse,Value,7,17,22,46,47.83,15.22,0.326
Pullman Paris Montparnasse,Wellness,0,2,4,6,66.67,0.0,0.667
Pullman Paris Tour Eiffel,Cleanliness,11,24,60,95,63.16,11.58,0.516
Pullman Paris Tour Eiffel,Facilities,7,27,48,82,58.54,8.54,0.5
Pullman Paris Tour Eiffel,Food,21,65,197,283,69.61,7.42,0.622
Pullman Paris Tour Eiffel,Location,22,101,255,378,67.46,5.82,0.616
Pullman Paris Tour Eiffel,Room,40,109,255,404,63.12,9.9,0.532
Pullman Paris Tour Eiffel,Staff_Service,43,88,304,435,69.89,9.89,0.6
Pullman Paris Tour Eiffel,Value,21,35,40,96,41.67,21.88,0.198
Pullman Paris Tour Eiffel,Wellness,3,4,20,27,74.07,11.11,0.63
Qualys Hotel Nasco,Cleanliness,4,12,24,40,60.0,10.0,0.5
Qualys Hotel Nasco,Facilities,5,15,14,34,41.18,14.71,0.265
Qualys Hotel Nasco,Food,11,24,81,116,69.83,9.48,0.603
Qualys Hotel Nasco,Location,6,25,42,73,57.53,8.22,0.493
Qualys Hotel Nasco,Room,14,24,57,95,60.0,14.74,0.453
Qualys Hotel Nasco,Staff_Service,6,18,81,105,77.14,5.71,0.714
Qualys Hotel Nasco,Value,3,8,13,24,54.17,12.5,0.417
R Kipling by Happyculture,Cleanliness,0,4,5,9,55.56,0.0,0.556
R Kipling by Happyculture,Facilities,0,2,9,11,81.82,0.0,0.818
R Kipling by Happyculture,Food,2,5,22,29,75.86,6.9,0.69
R Kipling by Happyculture,Location,1,6,17,24,70.83,4.17,0.667
R Kipling by Happyculture,Room,6,14,28,48,58.33,12.5,0.458
R Kipling by Happyculture,Staff_Service,2,9,32,43,74.42,4.65,0.698
R Kipling by Happyculture,Value,3,1,5,9,55.56,33.33,0.222
Radisson Blu Champs Elys es Paris,Cleanliness,8,10,9,27,33.33,29.63,0.037
Radisson Blu Champs Elys es Paris,Facilities,5,7,5,17,29.41,29.41,0.0
Radisson Blu Champs Elys es Paris,Food,10,12,21,43,48.84,23.26,0.256
Radisson Blu Champs Elys es Paris,Location,11,33,43,87,49.43,12.64,0.368
Radisson Blu Champs Elys es Paris,Room,14,19,20,53,37.74,26.42,0.113
Radisson Blu Champs Elys es Paris,Staff_Service,11,19,34,64,53.12,17.19,0.359
Radisson Blu Champs Elys es Paris,Value,1,6,8,15,53.33,6.67,0.467
Radisson Blu Champs Elys es Paris,Wellness,1,1,0,2,0.0,50.0,-0.5
Radisson Blu Edwardian Berkshire,Cleanliness,11,24,30,65,46.15,16.92,0.292
Radisson Blu Edwardian Berkshire,Facilities,9,13,16,38,42.11,23.68,0.184
Radisson Blu Edwardian Berkshire,Food,19,53,103,175,58.86,10.86,0.48
Radisson Blu Edwardian Berkshire,Location,32,132,173,337,51.34,9.5,0.418
Radisson Blu Edwardian Berkshire,Room,31,110,135,276,48.91,11.23,0.377
Radisson Blu Edwardian Berkshire,Staff_Service,26,70,172,268,64.18,9.7,0.545
Radisson Blu Edwardian Berkshire,Value,9,22,12,43,27.91,20.93,0.07
Radisson Blu Edwardian Berkshire,Wellness,1,0,2,3,66.67,33.33,0.333
Radisson Blu Edwardian Bloomsbury Street,Cleanliness,4,47,75,126,59.52,3.17,0.563
Radisson Blu Edwardian Bloomsbury Street,Facilities,2,19,21,42,50.0,4.76,0.452
Radisson Blu Edwardian Bloomsbury Street,Food,22,127,236,385,61.3,5.71,0.556
Radisson Blu Edwardian Bloomsbury Street,Location,14,103,226,343,65.89,4.08,0.618
Radisson Blu Edwardian Bloomsbury Street,Room,42,182,295,519,56.84,8.09,0.487
Radisson Blu Edwardian Bloomsbury Street,Staff_Service,30,120,311,461,67.46,6.51,0.61
Radisson Blu Edwardian Bloomsbury Street,Value,7,23,46,76,60.53,9.21,0.513
Radisson Blu Edwardian Bloomsbury Street,Wellness,0,3,3,6,50.0,0.0,0.5
Radisson Blu Edwardian Grafton,Cleanliness,18,52,120,190,63.16,9.47,0.537
Radisson Blu Edwardian Grafton,Facilities,16,53,76,145,52.41,11.03,0.414
Radisson Blu Edwardian Grafton,Food,49,182,382,613,62.32,7.99,0.543
Radisson Blu Edwardian Grafton,Location,52,206,370,628,58.92,8.28,0.506
Radisson Blu Edwardian Grafton,Room,106,277,440,823,53.46,12.88,0.406
Radisson Blu Edwardian Grafton,Staff_Service,61,159,463,683,67.79,8.93,0.589
Radisson Blu Edwardian Grafton,Value,20,53,62,135,45.93,14.81,0.311
Radisson Blu Edwardian Grafton,Wellness,1,4,10,15,66.67,6.67,0.6
Radisson Blu Edwardian Hampshire,Cleanliness,4,17,47,68,69.12,5.88,0.632
Radisson Blu Edwardian Hampshire,Facilities,4,7,26,37,70.27,10.81,0.595
Radisson Blu Edwardian Hampshire,Food,24,61,155,240,64.58,10.0,0.546
Radisson Blu Edwardian Hampshire,Location,23,94,217,334,64.97,6.89,0.581
Radisson Blu Edwardian Hampshire,Room,44,104,216,364,59.34,12.09,0.473
Radisson Blu Edwardian Hampshire,Staff_Service,31,75,293,399,73.43,7.77,0.657
Radisson Blu Edwardian Hampshire,Value,9,19,29,57,50.88,15.79,0.351
Radisson Blu Edwardian Hampshire,Wellness,1,2,2,5,40.0,20.0,0.2
Radisson Blu Edwardian Kenilworth,Cleanliness,12,39,80,131,61.07,9.16,0.519
Radisson Blu Edwardian Kenilworth,Facilities,13,35,43,91,47.25,14.29,0.33
Radisson Blu Edwardian Kenilworth,Food,29,136,218,383,56.92,7.57,0.493
Radisson Blu Edwardian Kenilworth,Location,43,180,222,445,49.89,9.66,0.402
Radisson Blu Edwardian Kenilworth,Room,78,244,285,607,46.95,12.85,0.341
Radisson Blu Edwardian Kenilworth,Staff_Service,44,138,305,487,62.63,9.03,0.536
Radisson Blu Edwardian Kenilworth,Value,19,48,39,106,36.79,17.92,0.189
Radisson Blu Edwardian Kenilworth,Wellness,2,6,3,11,27.27,18.18,0.091
Radisson Blu Edwardian Mercer Street,Cleanliness,4,29,79,112,70.54,3.57,0.67
Radisson Blu Edwardian Mercer Street,Facilities,5,17,30,52,57.69,9.62,0.481
Radisson Blu Edwardian Mercer Street,Food,20,81,211,312,67.63,6.41,0.612
Radisson Blu Edwardian Mercer Street,Location,25,124,274,423,64.78,5.91,0.589
Radisson Blu Edwardian Mercer Street,Room,42,137,264,443,59.59,9.48,0.501
Radisson Blu Edwardian Mercer Street,Staff_Service,18,77,318,413,77.0,4.36,0.726
Radisson Blu Edwardian Mercer Street,Value,10,47,53,110,48.18,9.09,0.391
Radisson Blu Edwardian Mercer Street,Wellness,0,2,6,8,75.0,0.0,0.75
Radisson Blu Edwardian New Providence Wharf,Cleanliness,6,35,102,143,71.33,4.2,0.671
Radisson Blu Edwardian New Providence Wharf,Facilities,6,22,118,146,80.82,4.11,0.767
Radisson Blu Edwardian New Providence Wharf,Food,14,82,344,440,78.18,3.18,0.75
Radisson Blu Edwardian New Providence Wharf,Location,9,50,169,228,74.12,3.95,0.702
Radisson Blu Edwardian New Providence Wharf,Room,31,124,425,580,73.28,5.34,0.679
Radisson Blu Edwardian New Providence Wharf,Staff_Service,31,101,526,658,79.94,4.71,0.752
Radisson Blu Edwardian New Providence Wharf,Value,7,28,56,91,61.54,7.69,0.538
Radisson Blu Edwardian New Providence Wharf,Wellness,1,13,54,68,79.41,1.47,0.779
Radisson Blu Edwardian Sussex,Cleanliness,4,23,35,62,56.45,6.45,0.5
Radisson Blu Edwardian Sussex,Facilities,18,36,37,91,40.66,19.78,0.209
Radisson Blu Edwardian Sussex,Food,22,74,113,209,54.07,10.53,0.435
Radisson Blu Edwardian Sussex,Location,23,145,142,310,45.81,7.42,0.384
Radisson Blu Edwardian Sussex,Room,49,167,134,350,38.29,14.0,0.243
Radisson Blu Edwardian Sussex,Staff_Service,27,97,168,292,57.53,9.25,0.483
Radisson Blu Edwardian Sussex,Value,9,27,27,63,42.86,14.29,0.286
Radisson Blu Edwardian Sussex,Wellness,0,2,3,5,60.0,0.0,0.6
Radisson Blu Edwardian Vanderbilt,Cleanliness,25,56,75,156,48.08,16.03,0.321
Radisson Blu Edwardian Vanderbilt,Facilities,17,73,61,151,40.4,11.26,0.291
Radisson Blu Edwardian Vanderbilt,Food,53,174,389,616,63.15,8.6,0.545
Radisson Blu Edwardian Vanderbilt,Location,49,205,328,582,56.36,8.42,0.479
Radisson Blu Edwardian Vanderbilt,Room,103,292,412,807,51.05,12.76,0.383
Radisson Blu Edwardian Vanderbilt,Staff_Service,64,195,488,747,65.33,8.57,0.568
Radisson Blu Edwardian Vanderbilt,Value,21,49,59,129,45.74,16.28,0.295
Radisson Blu Edwardian Vanderbilt,Wellness,1,4,7,12,58.33,8.33,0.5
Radisson Blu Hotel Amsterdam,Cleanliness,14,50,148,212,69.81,6.6,0.632
Radisson Blu Hotel Amsterdam,Facilities,8,40,69,117,58.97,6.84,0.521
Radisson Blu Hotel Amsterdam,Food,21,86,288,395,72.91,5.32,0.676
Radisson Blu Hotel Amsterdam,Location,42,148,395,585,67.52,7.18,0.603
Radisson Blu Hotel Amsterdam,Room,63,155,362,580,62.41,10.86,0.516
Radisson Blu Hotel Amsterdam,Staff_Service,48,108,371,527,70.4,9.11,0.613
Radisson Blu Hotel Amsterdam,Value,17,53,113,183,61.75,9.29,0.525
Radisson Blu Hotel Amsterdam,Wellness,4,8,16,28,57.14,14.29,0.429
Radisson Blu Hotel Milan,Cleanliness,2,11,27,40,67.5,5.0,0.625
Radisson Blu Hotel Milan,Facilities,4,10,24,38,63.16,10.53,0.526
Radisson Blu Hotel Milan,Food,8,29,58,95,61.05,8.42,0.526
Radisson Blu Hotel Milan,Location,4,14,49,67,73.13,5.97,0.672
Radisson Blu Hotel Milan,Room,6,30,71,107,66.36,5.61,0.607
Radisson Blu Hotel Milan,Staff_Service,8,25,70,103,67.96,7.77,0.602
Radisson Blu Hotel Milan,Value,2,11,23,36,63.89,5.56,0.583
Radisson Blu Hotel Milan,Wellness,3,15,32,50,64.0,6.0,0.58
Radisson Blu Portman Hotel London,Cleanliness,18,40,30,88,34.09,20.45,0.136
Radisson Blu Portman Hotel London,Facilities,17,31,33,81,40.74,20.99,0.198
Radisson Blu Portman Hotel London,Food,34,84,135,253,53.36,13.44,0.399
Radisson Blu Portman Hotel London,Location,65,172,175,412,42.48,15.78,0.267
Radisson Blu Portman Hotel London,Room,104,173,166,443,37.47,23.48,0.14
Radisson Blu Portman Hotel London,Staff_Service,67,141,203,411,49.39,16.3,0.331
Radisson Blu Portman Hotel London,Value,22,33,47,102,46.08,21.57,0.245
Radisson Blu Portman Hotel London,Wellness,1,8,5,14,35.71,7.14,0.286
Radisson Blu Style Hotel Vienna,Cleanliness,6,7,19,32,59.38,18.75,0.406
Radisson Blu Style Hotel Vienna,Facilities,5,15,10,30,33.33,16.67,0.167
Radisson Blu Style Hotel Vienna,Food,7,24,44,75,58.67,9.33,0.493
Radisson Blu Style Hotel Vienna,Location,18,48,91,157,57.96,11.46,0.465
Radisson Blu Style Hotel Vienna,Room,24,36,46,106,43.4,22.64,0.208
Radisson Blu Style Hotel Vienna,Staff_Service,15,33,75,123,60.98,12.2,0.488
Radisson Blu Style Hotel Vienna,Value,11,9,16,36,44.44,30.56,0.139
Radisson Blu Style Hotel Vienna,Wellness,2,2,1,5,20.0,40.0,-0.2
Rafayel Hotel Spa,Cleanliness,34,35,40,109,36.7,31.19,0.055
Rafayel Hotel Spa,Facilities,19,42,57,118,48.31,16.1,0.322
Rafayel Hotel Spa,Food,31,46,99,176,56.25,17.61,0.386
Rafayel Hotel Spa,Location,27,58,91,176,51.7,15.34,0.364
Rafayel Hotel Spa,Room,100,134,264,498,53.01,20.08,0.329
Rafayel Hotel Spa,Staff_Service,79,82,198,359,55.15,22.01,0.331
Rafayel Hotel Spa,Value,25,28,40,93,43.01,26.88,0.161
Rafayel Hotel Spa,Wellness,25,47,72,144,50.0,17.36,0.326
Rainers Hotel Vienna,Cleanliness,4,24,51,79,64.56,5.06,0.595
Rainers Hotel Vienna,Facilities,4,10,30,44,68.18,9.09,0.591
Rainers Hotel Vienna,Food,6,10,29,45,64.44,13.33,0.511
Rainers Hotel Vienna,Location,5,23,46,74,62.16,6.76,0.554
Rainers Hotel Vienna,Room,14,31,49,94,52.13,14.89,0.372
Rainers Hotel Vienna,Staff_Service,8,22,69,99,69.7,8.08,0.616
Rainers Hotel Vienna,Value,2,7,24,33,72.73,6.06,0.667
Rainers Hotel Vienna,Wellness,1,0,2,3,66.67,33.33,0.333
Ramada Apollo Amsterdam Centre,Cleanliness,31,94,189,314,60.19,9.87,0.503
Ramada Apollo Amsterdam Centre,Facilities,18,50,117,185,63.24,9.73,0.535
Ramada Apollo Amsterdam Centre,Food,46,139,341,526,64.83,8.75,0.561
Ramada Apollo Amsterdam Centre,Location,35,147,330,512,64.45,6.84,0.576
Ramada Apollo Amsterdam Centre,Room,112,269,525,906,57.95,12.36,0.456
Ramada Apollo Amsterdam Centre,Staff_Service,84,214,641,939,68.26,8.95,0.593
Ramada Apollo Amsterdam Centre,Value,30,95,158,283,55.83,10.6,0.452
Ramada Apollo Amsterdam Centre,Wellness,3,18,54,75,72.0,4.0,0.68
Ramada Plaza Milano,Cleanliness,8,26,51,85,60.0,9.41,0.506
Ramada Plaza Milano,Facilities,10,23,40,73,54.79,13.7,0.411
Ramada Plaza Milano,Food,13,44,110,167,65.87,7.78,0.581
Ramada Plaza Milano,Location,10,34,75,119,63.03,8.4,0.546
Ramada Plaza Milano,Room,19,53,102,174,58.62,10.92,0.477
Ramada Plaza Milano,Staff_Service,22,41,91,154,59.09,14.29,0.448
Ramada Plaza Milano,Value,3,11,25,39,64.1,7.69,0.564
Ramada Plaza Milano,Wellness,7,18,42,67,62.69,10.45,0.522
Rathbone,Cleanliness,5,17,30,52,57.69,9.62,0.481
Rathbone,Facilities,7,35,32,74,43.24,9.46,0.338
Rathbone,Food,3,15,37,55,67.27,5.45,0.618
Rathbone,Location,7,73,97,177,54.8,3.95,0.508
Rathbone,Room,18,69,91,178,51.12,10.11,0.41
Rathbone,Staff_Service,12,48,132,192,68.75,6.25,0.625
Rathbone,Value,5,22,18,45,40.0,11.11,0.289
Relais Christine,Cleanliness,1,0,1,2,50.0,50.0,0.0
Relais Christine,Facilities,0,0,4,4,100.0,0.0,1.0
Relais Christine,Food,2,4,24,30,80.0,6.67,0.733
Relais Christine,Location,3,7,42,52,80.77,5.77,0.75
Relais Christine,Room,6,5,27,38,71.05,15.79,0.553
Relais Christine,Staff_Service,2,8,41,51,80.39,3.92,0.765
Relais Christine,Value,1,1,8,10,80.0,10.0,0.7
Relais Christine,Wellness,0,0,2,2,100.0,0.0,1.0
Relais Du Louvre,Cleanliness,0,3,14,17,82.35,0.0,0.824
Relais Du Louvre,Facilities,0,3,7,10,70.0,0.0,0.7
Relais Du Louvre,Food,0,4,19,23,82.61,0.0,0.826
Relais Du Louvre,Location,0,8,46,54,85.19,0.0,0.852
Relais Du Louvre,Room,1,10,35,46,76.09,2.17,0.739
Relais Du Louvre,Staff_Service,2,5,51,58,87.93,3.45,0.845
Relais Du Louvre,Value,0,3,6,9,66.67,0.0,0.667
Relais H tel du Vieux Paris,Cleanliness,0,5,11,16,68.75,0.0,0.688
Relais H tel du Vieux Paris,Facilities,1,4,12,17,70.59,5.88,0.647
Relais H tel du Vieux Paris,Food,0,5,35,40,87.5,0.0,0.875
Relais H tel du Vieux Paris,Location,0,16,95,111,85.59,0.0,0.856
Relais H tel du Vieux Paris,Room,1,13,59,73,80.82,1.37,0.795
Relais H tel du Vieux Paris,Staff_Service,1,11,86,98,87.76,1.02,0.867
Relais H tel du Vieux Paris,Value,1,5,14,20,70.0,5.0,0.65
Relais Saint Jacques,Cleanliness,0,3,10,13,76.92,0.0,0.769
Relais Saint Jacques,Facilities,1,5,12,18,66.67,5.56,0.611
Relais Saint Jacques,Food,2,9,18,29,62.07,6.9,0.552
Relais Saint Jacques,Location,3,9,50,62,80.65,4.84,0.758
Relais Saint Jacques,Room,4,12,57,73,78.08,5.48,0.726
Relais Saint Jacques,Staff_Service,3,7,48,58,82.76,5.17,0.776
Relais Saint Jacques,Value,0,2,8,10,80.0,0.0,0.8
Relais Saint Jacques,Wellness,0,0,2,2,100.0,0.0,1.0
Renaissance Amsterdam Hotel,Cleanliness,6,21,37,64,57.81,9.38,0.484
Renaissance Amsterdam Hotel,Facilities,11,44,52,107,48.6,10.28,0.383
Renaissance Amsterdam Hotel,Food,15,39,70,124,56.45,12.1,0.444
Renaissance Amsterdam Hotel,Location,31,109,135,275,49.09,11.27,0.378
Renaissance Amsterdam Hotel,Room,43,94,121,258,46.9,16.67,0.302
Renaissance Amsterdam Hotel,Staff_Service,28,67,126,221,57.01,12.67,0.443
Renaissance Amsterdam Hotel,Value,27,43,41,111,36.94,24.32,0.126
Renaissance Amsterdam Hotel,Wellness,0,3,7,10,70.0,0.0,0.7
Renaissance Barcelona Hotel,Cleanliness,1,1,2,4,50.0,25.0,0.25
Renaissance Barcelona Hotel,Facilities,2,1,1,4,25.0,50.0,-0.25
Renaissance Barcelona Hotel,Food,1,2,4,7,57.14,14.29,0.429
Renaissance Barcelona Hotel,Location,3,6,7,16,43.75,18.75,0.25
Renaissance Barcelona Hotel,Room,2,6,4,12,33.33,16.67,0.167
Renaissance Barcelona Hotel,Staff_Service,4,4,10,18,55.56,22.22,0.333
Renaissance Barcelona Hotel,Value,1,4,1,6,16.67,16.67,0.0
Renaissance Paris Arc de Triomphe Hotel,Cleanliness,1,1,5,7,71.43,14.29,0.571
Renaissance Paris Arc de Triomphe Hotel,Facilities,1,3,7,11,63.64,9.09,0.545
Renaissance Paris Arc de Triomphe Hotel,Food,2,4,5,11,45.45,18.18,0.273
Renaissance Paris Arc de Triomphe Hotel,Location,3,11,15,29,51.72,10.34,0.414
Renaissance Paris Arc de Triomphe Hotel,Room,3,9,8,20,40.0,15.0,0.25
Renaissance Paris Arc de Triomphe Hotel,Staff_Service,3,9,21,33,63.64,9.09,0.545
Renaissance Paris Arc de Triomphe Hotel,Value,0,2,2,4,50.0,0.0,0.5
Renaissance Paris Le Parc Trocadero Hotel,Cleanliness,1,2,0,3,0.0,33.33,-0.333
Renaissance Paris Le Parc Trocadero Hotel,Facilities,1,1,2,4,50.0,25.0,0.25
Renaissance Paris Le Parc Trocadero Hotel,Food,1,3,6,10,60.0,10.0,0.5
Renaissance Paris Le Parc Trocadero Hotel,Location,2,2,9,13,69.23,15.38,0.538
Renaissance Paris Le Parc Trocadero Hotel,Room,3,6,5,14,35.71,21.43,0.143
Renaissance Paris Le Parc Trocadero Hotel,Staff_Service,2,3,7,12,58.33,16.67,0.417
Renaissance Paris Le Parc Trocadero Hotel,Value,0,1,1,2,50.0,0.0,0.5
Renaissance Paris Republique Hotel Spa,Facilities,0,0,1,1,100.0,0.0,1.0
Renaissance Paris Republique Hotel Spa,Food,0,0,5,5,100.0,0.0,1.0
Renaissance Paris Republique Hotel Spa,Location,0,1,0,1,0.0,0.0,0.0
Renaissance Paris Republique Hotel Spa,Room,0,0,4,4,100.0,0.0,1.0
Renaissance Paris Republique Hotel Spa,Staff_Service,0,0,7,7,100.0,0.0,1.0
Renaissance Paris Republique Hotel Spa,Value,0,0,3,3,100.0,0.0,1.0
Renaissance Paris Republique Hotel Spa,Wellness,0,0,1,1,100.0,0.0,1.0
Renaissance Paris Vendome Hotel,Facilities,1,1,1,3,33.33,33.33,0.0
Renaissance Paris Vendome Hotel,Food,0,2,4,6,66.67,0.0,0.667
Renaissance Paris Vendome Hotel,Location,0,2,6,8,75.0,0.0,0.75
Renaissance Paris Vendome Hotel,Room,0,2,2,4,50.0,0.0,0.5
Renaissance Paris Vendome Hotel,Staff_Service,1,3,7,11,63.64,9.09,0.545
Renaissance Paris Vendome Hotel,Value,1,2,2,5,40.0,20.0,0.2
Renaissance Paris Vendome Hotel,Wellness,0,2,2,4,50.0,0.0,0.5
Residence Du Roy,Cleanliness,5,6,34,45,75.56,11.11,0.644
Residence Du Roy,Facilities,8,12,34,54,62.96,14.81,0.481
Residence Du Roy,Food,3,11,25,39,64.1,7.69,0.564
Residence Du Roy,Location,11,37,106,154,68.83,7.14,0.617
Residence Du Roy,Room,11,27,79,117,67.52,9.4,0.581
Residence Du Roy,Staff_Service,10,13,76,99,76.77,10.1,0.667
Residence Du Roy,Value,2,8,24,34,70.59,5.88,0.647
Residence Du Roy,Wellness,0,0,2,2,100.0,0.0,1.0
Residence Henri IV,Cleanliness,0,3,28,31,90.32,0.0,0.903
Residence Henri IV,Facilities,0,3,20,23,86.96,0.0,0.87
Residence Henri IV,Food,1,3,51,55,92.73,1.82,0.909
Residence Henri IV,Location,0,12,84,96,87.5,0.0,0.875
Residence Henri IV,Room,1,11,68,80,85.0,1.25,0.838
Residence Henri IV,Staff_Service,0,7,92,99,92.93,0.0,0.929
Residence Henri IV,Value,2,1,13,16,81.25,12.5,0.688
Residence Henri IV,Wellness,0,0,1,1,100.0,0.0,1.0
Ritz Paris,Facilities,0,0,1,1,100.0,0.0,1.0
Ritz Paris,Food,0,0,7,7,100.0,0.0,1.0
Ritz Paris,Location,0,1,0,1,0.0,0.0,0.0
Ritz Paris,Room,0,0,9,9,100.0,0.0,1.0
Ritz Paris,Staff_Service,0,0,12,12,100.0,0.0,1.0
Ritz Paris,Value,1,0,3,4,75.0,25.0,0.5
Rocco Forte Brown s Hotel,Cleanliness,0,0,3,3,100.0,0.0,1.0
Rocco Forte Brown s Hotel,Facilities,1,1,5,7,71.43,14.29,0.571
Rocco Forte Brown s Hotel,Food,0,2,13,15,86.67,0.0,0.867
Rocco Forte Brown s Hotel,Location,1,5,8,14,57.14,7.14,0.5
Rocco Forte Brown s Hotel,Room,2,8,15,25,60.0,8.0,0.52
Rocco Forte Brown s Hotel,Staff_Service,2,6,21,29,72.41,6.9,0.655
Rocco Forte Brown s Hotel,Value,0,3,4,7,57.14,0.0,0.571
Rocco Forte Brown s Hotel,Wellness,0,0,1,1,100.0,0.0,1.0
Rochester Champs Elysees,Cleanliness,2,8,14,24,58.33,8.33,0.5
Rochester Champs Elysees,Facilities,1,11,5,17,29.41,5.88,0.235
Rochester Champs Elysees,Food,6,9,17,32,53.12,18.75,0.344
Rochester Champs Elysees,Location,5,27,46,78,58.97,6.41,0.526
Rochester Champs Elysees,Room,13,23,29,65,44.62,20.0,0.246
Rochester Champs Elysees,Staff_Service,9,20,46,75,61.33,12.0,0.493
Rochester Champs Elysees,Value,2,5,10,17,58.82,11.76,0.471
Rochester Champs Elysees,Wellness,0,2,0,2,0.0,0.0,0.0
Roger de Ll ria,Cleanliness,3,3,12,18,66.67,16.67,0.5
Roger de Ll ria,Facilities,1,4,16,21,76.19,4.76,0.714
Roger de Ll ria,Food,2,6,18,26,69.23,7.69,0.615
Roger de Ll ria,Location,4,16,48,68,70.59,5.88,0.647
Roger de Ll ria,Room,9,19,42,70,60.0,12.86,0.471
Roger de Ll ria,Staff_Service,4,12,64,80,80.0,5.0,0.75
Roger de Ll ria,Value,2,2,10,14,71.43,14.29,0.571
Roger de Ll ria,Wellness,0,0,1,1,100.0,0.0,1.0
Room Mate Aitana,Cleanliness,8,38,150,196,76.53,4.08,0.724
Room Mate Aitana,Facilities,4,20,80,104,76.92,3.85,0.731
Room Mate Aitana,Food,12,36,219,267,82.02,4.49,0.775
Room Mate Aitana,Location,10,68,332,410,80.98,2.44,0.785
Room Mate Aitana,Room,17,73,324,414,78.26,4.11,0.742
Room Mate Aitana,Staff_Service,20,52,340,412,82.52,4.85,0.777
Room Mate Aitana,Value,9,23,97,129,75.19,6.98,0.682
Room Mate Aitana,Wellness,2,2,25,29,86.21,6.9,0.793
Room Mate Anna,Cleanliness,2,5,31,38,81.58,5.26,0.763
Room Mate Anna,Facilities,1,5,24,30,80.0,3.33,0.767
Room Mate Anna,Food,4,11,85,100,85.0,4.0,0.81
Room Mate Anna,Location,6,21,129,156,82.69,3.85,0.788
Room Mate Anna,Room,9,26,127,162,78.4,5.56,0.728
Room Mate Anna,Staff_Service,7,22,163,192,84.9,3.65,0.812
Room Mate Anna,Value,2,1,15,18,83.33,11.11,0.722
Room Mate Anna,Wellness,1,2,34,37,91.89,2.7,0.892
Room Mate Carla,Cleanliness,2,9,30,41,73.17,4.88,0.683
Room Mate Carla,Facilities,1,7,15,23,65.22,4.35,0.609
Room Mate Carla,Food,2,17,78,97,80.41,2.06,0.784
Room Mate Carla,Location,1,23,91,115,79.13,0.87,0.783
Room Mate Carla,Room,5,32,90,127,70.87,3.94,0.669
Room Mate Carla,Staff_Service,2,16,100,118,84.75,1.69,0.831
Room Mate Carla,Value,1,5,15,21,71.43,4.76,0.667
Room Mate Carla,Wellness,0,0,6,6,100.0,0.0,1.0
Room Mate Gerard,Cleanliness,0,1,1,2,50.0,0.0,0.5
Room Mate Gerard,Facilities,0,1,0,1,0.0,0.0,0.0
Room Mate Gerard,Food,0,0,2,2,100.0,0.0,1.0
Room Mate Gerard,Location,0,2,3,5,60.0,0.0,0.6
Room Mate Gerard,Room,1,2,6,9,66.67,11.11,0.556
Room Mate Gerard,Staff_Service,0,1,7,8,87.5,0.0,0.875
Room Mate Gerard,Value,0,3,0,3,0.0,0.0,0.0
Room Mate Gerard,Wellness,0,0,2,2,100.0,0.0,1.0
Room Mate Giulia,Cleanliness,0,7,59,66,89.39,0.0,0.894
Room Mate Giulia,Facilities,2,9,49,60,81.67,3.33,0.783
Room Mate Giulia,Food,2,21,142,165,86.06,1.21,0.848
Room Mate Giulia,Location,9,40,282,331,85.2,2.72,0.825
Room Mate Giulia,Room,10,25,166,201,82.59,4.98,0.776
Room Mate Giulia,Staff_Service,6,29,272,307,88.6,1.95,0.866
Room Mate Giulia,Value,2,9,33,44,75.0,4.55,0.705
Room Mate Giulia,Wellness,1,3,8,12,66.67,8.33,0.583
Roomz Vienna,Cleanliness,1,2,11,14,78.57,7.14,0.714
Roomz Vienna,Facilities,1,1,8,10,80.0,10.0,0.7
Roomz Vienna,Food,1,4,12,17,70.59,5.88,0.647
Roomz Vienna,Location,2,3,15,20,75.0,10.0,0.65
Roomz Vienna,Room,2,8,12,22,54.55,9.09,0.455
Roomz Vienna,Staff_Service,2,4,16,22,72.73,9.09,0.636
Roomz Vienna,Value,2,2,5,9,55.56,22.22,0.333
Roomz Vienna,Wellness,0,0,2,2,100.0,0.0,1.0
Rosa Grand Milano Starhotels Collezione,Cleanliness,7,21,50,78,64.1,8.97,0.551
Rosa Grand Milano Starhotels Collezione,Facilities,19,25,56,100,56.0,19.0,0.37
Rosa Grand Milano Starhotels Collezione,Food,21,66,140,227,61.67,9.25,0.524
Rosa Grand Milano Starhotels Collezione,Location,50,137,260,447,58.17,11.19,0.47
Rosa Grand Milano Starhotels Collezione,Room,41,82,136,259,52.51,15.83,0.367
Rosa Grand Milano Starhotels Collezione,Staff_Service,43,63,164,270,60.74,15.93,0.448
Rosa Grand Milano Starhotels Collezione,Value,10,21,36,67,53.73,14.93,0.388
Rosa Grand Milano Starhotels Collezione,Wellness,1,3,9,13,69.23,7.69,0.615
Rosewood London,Cleanliness,0,5,16,21,76.19,0.0,0.762
Rosewood London,Facilities,1,8,19,28,67.86,3.57,0.643
Rosewood London,Food,6,14,75,95,78.95,6.32,0.726
Rosewood London,Location,1,14,79,94,84.04,1.06,0.83
Rosewood London,Room,4,26,106,136,77.94,2.94,0.75
Rosewood London,Staff_Service,5,25,203,233,87.12,2.15,0.85
Rosewood London,Value,2,7,18,27,66.67,7.41,0.593
Rosewood London,Wellness,3,3,11,17,64.71,17.65,0.471
Royal Amsterdam Hotel,Cleanliness,3,12,20,35,57.14,8.57,0.486
Royal Amsterdam Hotel,Facilities,5,7,13,25,52.0,20.0,0.32
Royal Amsterdam Hotel,Food,4,6,18,28,64.29,14.29,0.5
Royal Amsterdam Hotel,Location,10,32,41,83,49.4,12.05,0.373
Royal Amsterdam Hotel,Room,25,37,34,96,35.42,26.04,0.094
Royal Amsterdam Hotel,Staff_Service,5,24,43,72,59.72,6.94,0.528
Royal Amsterdam Hotel,Value,3,7,9,19,47.37,15.79,0.316
Royal Amsterdam Hotel,Wellness,0,0,1,1,100.0,0.0,1.0
Royal Garden Champs Elysees,Cleanliness,12,17,13,42,30.95,28.57,0.024
Royal Garden Champs Elysees,Facilities,27,21,25,73,34.25,36.99,-0.027
Royal Garden Champs Elysees,Food,7,18,22,47,46.81,14.89,0.319
Royal Garden Champs Elysees,Location,22,42,39,103,37.86,21.36,0.165
Royal Garden Champs Elysees,Room,32,33,35,100,35.0,32.0,0.03
Royal Garden Champs Elysees,Staff_Service,23,25,49,97,50.52,23.71,0.268
Royal Garden Champs Elysees,Value,6,13,6,25,24.0,24.0,0.0
Royal Garden Champs Elysees,Wellness,1,0,0,1,0.0,100.0,-1.0
Royal Garden Hotel,Cleanliness,6,23,79,108,73.15,5.56,0.676
Royal Garden Hotel,Facilities,10,54,83,147,56.46,6.8,0.497
Royal Garden Hotel,Food,16,46,155,217,71.43,7.37,0.641
Royal Garden Hotel,Location,22,93,249,364,68.41,6.04,0.624
Royal Garden Hotel,Room,35,109,266,410,64.88,8.54,0.563
Royal Garden Hotel,Staff_Service,25,70,348,443,78.56,5.64,0.729
Royal Garden Hotel,Value,9,40,69,118,58.47,7.63,0.508
Royal Garden Hotel,Wellness,2,4,13,19,68.42,10.53,0.579
Royal Hotel Champs Elys es,Cleanliness,6,5,12,23,52.17,26.09,0.261
Royal Hotel Champs Elys es,Facilities,6,8,12,26,46.15,23.08,0.231
Royal Hotel Champs Elys es,Food,5,6,24,35,68.57,14.29,0.543
Royal Hotel Champs Elys es,Location,23,38,78,139,56.12,16.55,0.396
Royal Hotel Champs Elys es,Room,27,35,38,100,38.0,27.0,0.11
Royal Hotel Champs Elys es,Staff_Service,17,17,51,85,60.0,20.0,0.4
Royal Hotel Champs Elys es,Value,8,6,11,25,44.0,32.0,0.12
Royal Hotel Champs Elys es,Wellness,0,0,1,1,100.0,0.0,1.0
Royal Passeig de Gracia,Cleanliness,4,26,61,91,67.03,4.4,0.626
Royal Passeig de Gracia,Facilities,7,25,55,87,63.22,8.05,0.552
Royal Passeig de Gracia,Food,26,38,165,229,72.05,11.35,0.607
Royal Passeig de Gracia,Location,31,109,293,433,67.67,7.16,0.605
Royal Passeig de Gracia,Room,44,97,189,330,57.27,13.33,0.439
Royal Passeig de Gracia,Staff_Service,35,67,272,374,72.73,9.36,0.634
Royal Passeig de Gracia,Value,10,14,36,60,60.0,16.67,0.433
Royal Passeig de Gracia,Wellness,1,3,23,27,85.19,3.7,0.815
Royal Ramblas,Cleanliness,13,28,71,112,63.39,11.61,0.518
Royal Ramblas,Facilities,14,34,31,79,39.24,17.72,0.215
Royal Ramblas,Food,13,64,110,187,58.82,6.95,0.519
Royal Ramblas,Location,34,162,261,457,57.11,7.44,0.497
Royal Ramblas,Room,43,116,143,302,47.35,14.24,0.331
Royal Ramblas,Staff_Service,29,77,202,308,65.58,9.42,0.562
Royal Ramblas,Value,12,31,32,75,42.67,16.0,0.267
Royal Ramblas,Wellness,2,3,11,16,68.75,12.5,0.562
Royal Saint Honore,Cleanliness,1,4,12,17,70.59,5.88,0.647
Royal Saint Honore,Facilities,3,5,8,16,50.0,18.75,0.312
Royal Saint Honore,Food,1,3,22,26,84.62,3.85,0.808
Royal Saint Honore,Location,3,17,64,84,76.19,3.57,0.726
Royal Saint Honore,Room,7,11,38,56,67.86,12.5,0.554
Royal Saint Honore,Staff_Service,3,12,62,77,80.52,3.9,0.766
Royal Saint Honore,Value,2,2,7,11,63.64,18.18,0.455
Royal Saint Michel,Cleanliness,4,12,37,53,69.81,7.55,0.623
Royal Saint Michel,Facilities,10,35,44,89,49.44,11.24,0.382
Royal Saint Michel,Food,7,42,53,102,51.96,6.86,0.451
Royal Saint Michel,Location,11,66,131,208,62.98,5.29,0.577
Royal Saint Michel,Room,11,42,78,131,59.54,8.4,0.511
Royal Saint Michel,Staff_Service,11,37,74,122,60.66,9.02,0.516
Royal Saint Michel,Value,4,7,15,26,57.69,15.38,0.423
Rubens At The Palace,Cleanliness,6,9,51,66,77.27,9.09,0.682
Rubens At The Palace,Facilities,2,7,30,39,76.92,5.13,0.718
Rubens At The Palace,Food,9,35,181,225,80.44,4.0,0.764
Rubens At The Palace,Location,16,72,219,307,71.34,5.21,0.661
Rubens At The Palace,Room,18,90,263,371,70.89,4.85,0.66
Rubens At The Palace,Staff_Service,14,70,427,511,83.56,2.74,0.808
Rubens At The Palace,Value,6,22,51,79,64.56,7.59,0.57
Rubens At The Palace,Wellness,0,1,3,4,75.0,0.0,0.75
Rydges Kensington Hotel,Cleanliness,8,31,48,87,55.17,9.2,0.46
Rydges Kensington Hotel,Facilities,6,22,31,59,52.54,10.17,0.424
Rydges Kensington Hotel,Food,14,43,90,147,61.22,9.52,0.517
Rydges Kensington Hotel,Location,28,96,154,278,55.4,10.07,0.453
Rydges Kensington Hotel,Room,39,106,175,320,54.69,12.19,0.425
Rydges Kensington Hotel,Staff_Service,22,68,150,240,62.5,9.17,0.533
Rydges Kensington Hotel,Value,9,29,32,70,45.71,12.86,0.329
Rydges Kensington Hotel,Wellness,0,3,2,5,40.0,0.0,0.4
STRAF a Member of Design Hotels ,Cleanliness,1,6,10,17,58.82,5.88,0.529
STRAF a Member of Design Hotels ,Facilities,4,15,19,38,50.0,10.53,0.395
STRAF a Member of Design Hotels ,Food,8,27,46,81,56.79,9.88,0.469
STRAF a Member of Design Hotels ,Location,14,52,116,182,63.74,7.69,0.56
STRAF a Member of Design Hotels ,Room,10,38,48,96,50.0,10.42,0.396
STRAF a Member of Design Hotels ,Staff_Service,5,19,75,99,75.76,5.05,0.707
STRAF a Member of Design Hotels ,Value,4,7,4,15,26.67,26.67,0.0
STRAF a Member of Design Hotels ,Wellness,0,2,6,8,75.0,0.0,0.75
Saint Georges Hotel,Cleanliness,34,43,40,117,34.19,29.06,0.051
Saint Georges Hotel,Facilities,21,59,44,124,35.48,16.94,0.185
Saint Georges Hotel,Food,20,55,50,125,40.0,16.0,0.24
Saint Georges Hotel,Location,75,227,184,486,37.86,15.43,0.224
Saint Georges Hotel,Room,83,180,129,392,32.91,21.17,0.117
Saint Georges Hotel,Staff_Service,44,105,99,248,39.92,17.74,0.222
Saint Georges Hotel,Value,26,46,44,116,37.93,22.41,0.155
Saint Georges Hotel,Wellness,0,0,1,1,100.0,0.0,1.0
Saint James Albany Paris Hotel Spa,Cleanliness,18,24,28,70,40.0,25.71,0.143
Saint James Albany Paris Hotel Spa,Facilities,18,41,58,117,49.57,15.38,0.342
Saint James Albany Paris Hotel Spa,Food,27,46,108,181,59.67,14.92,0.448
Saint James Albany Paris Hotel Spa,Location,57,128,233,418,55.74,13.64,0.421
Saint James Albany Paris Hotel Spa,Room,79,120,177,376,47.07,21.01,0.261
Saint James Albany Paris Hotel Spa,Staff_Service,58,84,196,338,57.99,17.16,0.408
Saint James Albany Paris Hotel Spa,Value,27,28,34,89,38.2,30.34,0.079
Saint James Albany Paris Hotel Spa,Wellness,18,42,91,151,60.26,11.92,0.483
Saint SHERMIN bed breakfast champagne,Cleanliness,0,4,22,26,84.62,0.0,0.846
Saint SHERMIN bed breakfast champagne,Facilities,1,8,21,30,70.0,3.33,0.667
Saint SHERMIN bed breakfast champagne,Food,2,7,48,57,84.21,3.51,0.807
Saint SHERMIN bed breakfast champagne,Location,1,14,71,86,82.56,1.16,0.814
Saint SHERMIN bed breakfast champagne,Room,3,16,71,90,78.89,3.33,0.756
Saint SHERMIN bed breakfast champagne,Staff_Service,0,11,58,69,84.06,0.0,0.841
Saint SHERMIN bed breakfast champagne,Value,0,5,20,25,80.0,0.0,0.8
Sall s Hotel Pere IV,Cleanliness,8,53,63,124,50.81,6.45,0.444
Sall s Hotel Pere IV,Facilities,14,38,44,96,45.83,14.58,0.312
Sall s Hotel Pere IV,Food,21,68,103,192,53.65,10.94,0.427
Sall s Hotel Pere IV,Location,14,66,109,189,57.67,7.41,0.503
Sall s Hotel Pere IV,Room,28,95,114,237,48.1,11.81,0.363
Sall s Hotel Pere IV,Staff_Service,30,77,124,231,53.68,12.99,0.407
Sall s Hotel Pere IV,Value,10,24,35,69,50.72,14.49,0.362
Sall s Hotel Pere IV,Wellness,17,66,101,184,54.89,9.24,0.457
San Domenico House,Cleanliness,0,1,2,3,66.67,0.0,0.667
San Domenico House,Facilities,1,9,7,17,41.18,5.88,0.353
San Domenico House,Food,1,6,16,23,69.57,4.35,0.652
San Domenico House,Location,1,12,30,43,69.77,2.33,0.674
San Domenico House,Room,2,24,40,66,60.61,3.03,0.576
San Domenico House,Staff_Service,0,13,53,66,80.3,0.0,0.803
San Domenico House,Value,1,6,9,16,56.25,6.25,0.5
San Domenico House,Wellness,0,1,1,2,50.0,0.0,0.5
Sanderson A Morgans Hotel,Cleanliness,3,6,26,35,74.29,8.57,0.657
Sanderson A Morgans Hotel,Facilities,1,8,21,30,70.0,3.33,0.667
Sanderson A Morgans Hotel,Food,6,9,47,62,75.81,9.68,0.661
Sanderson A Morgans Hotel,Location,6,17,67,90,74.44,6.67,0.678
Sanderson A Morgans Hotel,Room,15,21,104,140,74.29,10.71,0.636
Sanderson A Morgans Hotel,Staff_Service,14,20,162,196,82.65,7.14,0.755
Sanderson A Morgans Hotel,Value,10,9,17,36,47.22,27.78,0.194
Sanderson A Morgans Hotel,Wellness,2,4,15,21,71.43,9.52,0.619
Sansi Diputacio,Cleanliness,1,5,3,9,33.33,11.11,0.222
Sansi Diputacio,Facilities,1,5,4,10,40.0,10.0,0.3
Sansi Diputacio,Food,2,4,3,9,33.33,22.22,0.111
Sansi Diputacio,Location,5,14,15,34,44.12,14.71,0.294
Sansi Diputacio,Room,4,13,12,29,41.38,13.79,0.276
Sansi Diputacio,Staff_Service,3,10,15,28,53.57,10.71,0.429
Sansi Diputacio,Value,3,3,4,10,40.0,30.0,0.1
Sansi Diputacio,Wellness,0,3,0,3,0.0,0.0,0.0
Sansi Pedralbes,Cleanliness,0,2,4,6,66.67,0.0,0.667
Sansi Pedralbes,Facilities,0,3,2,5,40.0,0.0,0.4
Sansi Pedralbes,Food,0,3,4,7,57.14,0.0,0.571
Sansi Pedralbes,Location,1,6,5,12,41.67,8.33,0.333
Sansi Pedralbes,Room,0,7,8,15,53.33,0.0,0.533
Sansi Pedralbes,Staff_Service,0,8,15,23,65.22,0.0,0.652
Sansi Pedralbes,Value,0,2,2,4,50.0,0.0,0.5
Sansi Pedralbes,Wellness,0,2,0,2,0.0,0.0,0.0
Savoy Hotel Amsterdam,Cleanliness,24,18,14,56,25.0,42.86,-0.179
Savoy Hotel Amsterdam,Facilities,27,26,8,61,13.11,44.26,-0.311
Savoy Hotel Amsterdam,Food,17,14,10,41,24.39,41.46,-0.171
Savoy Hotel Amsterdam,Location,27,35,22,84,26.19,32.14,-0.06
Savoy Hotel Amsterdam,Room,62,62,31,155,20.0,40.0,-0.2
Savoy Hotel Amsterdam,Staff_Service,27,27,30,84,35.71,32.14,0.036
Savoy Hotel Amsterdam,Value,18,19,10,47,21.28,38.3,-0.17
Savoy Hotel Amsterdam,Wellness,0,1,1,2,50.0,0.0,0.5
Schlosshotel R mischer Kaiser,Cleanliness,0,3,32,35,91.43,0.0,0.914
Schlosshotel R mischer Kaiser,Facilities,1,6,33,40,82.5,2.5,0.8
Schlosshotel R mischer Kaiser,Food,1,19,128,148,86.49,0.68,0.858
Schlosshotel R mischer Kaiser,Location,6,27,147,180,81.67,3.33,0.783
Schlosshotel R mischer Kaiser,Room,5,24,101,130,77.69,3.85,0.738
Schlosshotel R mischer Kaiser,Staff_Service,6,14,137,157,87.26,3.82,0.834
Schlosshotel R mischer Kaiser,Value,1,4,14,19,73.68,5.26,0.684
Schlosshotel R mischer Kaiser,Wellness,0,0,2,2,100.0,0.0,1.0
Select Hotel,Cleanliness,3,8,39,50,78.0,6.0,0.72
Select Hotel,Facilities,5,13,23,41,56.1,12.2,0.439
Select Hotel,Food,3,16,55,74,74.32,4.05,0.703
Select Hotel,Location,9,29,128,166,77.11,5.42,0.717
Select Hotel,Room,12,28,98,138,71.01,8.7,0.623
Select Hotel,Staff_Service,2,20,97,119,81.51,1.68,0.798
Select Hotel,Value,0,4,13,17,76.47,0.0,0.765
Senato Hotel Milano,Cleanliness,2,6,25,33,75.76,6.06,0.697
Senato Hotel Milano,Facilities,1,11,14,26,53.85,3.85,0.5
Senato Hotel Milano,Food,3,13,67,83,80.72,3.61,0.771
Senato Hotel Milano,Location,2,27,77,106,72.64,1.89,0.708
Senato Hotel Milano,Room,9,20,61,90,67.78,10.0,0.578
Senato Hotel Milano,Staff_Service,4,18,69,91,75.82,4.4,0.714
Senato Hotel Milano,Value,1,3,10,14,71.43,7.14,0.643
Senato Hotel Milano,Wellness,0,1,4,5,80.0,0.0,0.8
Senator Barcelona Spa Hotel,Cleanliness,19,41,53,113,46.9,16.81,0.301
Senator Barcelona Spa Hotel,Facilities,30,43,57,130,43.85,23.08,0.208
Senator Barcelona Spa Hotel,Food,31,51,96,178,53.93,17.42,0.365
Senator Barcelona Spa Hotel,Location,27,83,111,221,50.23,12.22,0.38
Senator Barcelona Spa Hotel,Room,54,71,94,219,42.92,24.66,0.183
Senator Barcelona Spa Hotel,Staff_Service,42,63,132,237,55.7,17.72,0.38
Senator Barcelona Spa Hotel,Value,22,24,37,83,44.58,26.51,0.181
Senator Barcelona Spa Hotel,Wellness,33,73,111,217,51.15,15.21,0.359
Senator Hotel Vienna,Cleanliness,5,28,35,68,51.47,7.35,0.441
Senator Hotel Vienna,Facilities,5,31,40,76,52.63,6.58,0.461
Senator Hotel Vienna,Food,6,25,39,70,55.71,8.57,0.471
Senator Hotel Vienna,Location,2,29,40,71,56.34,2.82,0.535
Senator Hotel Vienna,Room,13,41,61,115,53.04,11.3,0.417
Senator Hotel Vienna,Staff_Service,7,26,55,88,62.5,7.95,0.545
Senator Hotel Vienna,Value,9,19,20,48,41.67,18.75,0.229
Seraphine Kensington Gardens Hotel,Cleanliness,18,35,30,83,36.14,21.69,0.145
Seraphine Kensington Gardens Hotel,Facilities,13,34,17,64,26.56,20.31,0.062
Seraphine Kensington Gardens Hotel,Food,28,56,45,129,34.88,21.71,0.132
Seraphine Kensington Gardens Hotel,Location,23,79,78,180,43.33,12.78,0.306
Seraphine Kensington Gardens Hotel,Room,48,93,67,208,32.21,23.08,0.091
Seraphine Kensington Gardens Hotel,Staff_Service,20,50,63,133,47.37,15.04,0.323
Seraphine Kensington Gardens Hotel,Value,8,7,27,42,64.29,19.05,0.452
Seraphine Kensington Gardens Hotel,Wellness,0,0,1,1,100.0,0.0,1.0
Sercotel Amister Art Hotel Barcelona,Cleanliness,1,5,12,18,66.67,5.56,0.611
Sercotel Amister Art Hotel Barcelona,Facilities,2,4,11,17,64.71,11.76,0.529
Sercotel Amister Art Hotel Barcelona,Food,4,3,9,16,56.25,25.0,0.312
Sercotel Amister Art Hotel Barcelona,Location,3,9,17,29,58.62,10.34,0.483
Sercotel Amister Art Hotel Barcelona,Room,4,13,23,40,57.5,10.0,0.475
Sercotel Amister Art Hotel Barcelona,Staff_Service,5,12,37,54,68.52,9.26,0.593
Sercotel Amister Art Hotel Barcelona,Value,1,1,7,9,77.78,11.11,0.667
Sercotel Amister Art Hotel Barcelona,Wellness,1,8,12,21,57.14,4.76,0.524
Seven Hotel,Cleanliness,0,1,6,7,85.71,0.0,0.857
Seven Hotel,Facilities,0,1,1,2,50.0,0.0,0.5
Seven Hotel,Food,1,1,5,7,71.43,14.29,0.571
Seven Hotel,Location,0,3,8,11,72.73,0.0,0.727
Seven Hotel,Room,1,8,21,30,70.0,3.33,0.667
Seven Hotel,Staff_Service,1,4,19,24,79.17,4.17,0.75
Seven Hotel,Value,0,1,2,3,66.67,0.0,0.667
Shaftesbury Hyde Park International,Cleanliness,19,82,132,233,56.65,8.15,0.485
Shaftesbury Hyde Park International,Facilities,10,42,51,103,49.51,9.71,0.398
Shaftesbury Hyde Park International,Food,16,68,109,193,56.48,8.29,0.482
Shaftesbury Hyde Park International,Location,44,199,252,495,50.91,8.89,0.42
Shaftesbury Hyde Park International,Room,96,278,322,696,46.26,13.79,0.325
Shaftesbury Hyde Park International,Staff_Service,34,156,320,510,62.75,6.67,0.561
Shaftesbury Hyde Park International,Value,19,39,54,112,48.21,16.96,0.312
Shaftesbury Hyde Park International,Wellness,2,2,3,7,42.86,28.57,0.143
Shaftesbury Metropolis London Hyde Park,Cleanliness,29,93,134,256,52.34,11.33,0.41
Shaftesbury Metropolis London Hyde Park,Facilities,22,32,55,109,50.46,20.18,0.303
Shaftesbury Metropolis London Hyde Park,Food,20,75,103,198,52.02,10.1,0.419
Shaftesbury Metropolis London Hyde Park,Location,50,179,192,421,45.61,11.88,0.337
Shaftesbury Metropolis London Hyde Park,Room,160,278,286,724,39.5,22.1,0.174
Shaftesbury Metropolis London Hyde Park,Staff_Service,72,151,300,523,57.36,13.77,0.436
Shaftesbury Metropolis London Hyde Park,Value,24,45,58,127,45.67,18.9,0.268
Shaftesbury Metropolis London Hyde Park,Wellness,2,2,3,7,42.86,28.57,0.143
Shaftesbury Premier London Paddington,Cleanliness,39,116,92,247,37.25,15.79,0.215
Shaftesbury Premier London Paddington,Facilities,32,69,46,147,31.29,21.77,0.095
Shaftesbury Premier London Paddington,Food,53,135,109,297,36.7,17.85,0.189
Shaftesbury Premier London Paddington,Location,124,330,228,682,33.43,18.18,0.152
Shaftesbury Premier London Paddington,Room,247,458,347,1052,32.98,23.48,0.095
Shaftesbury Premier London Paddington,Staff_Service,120,216,295,631,46.75,19.02,0.277
Shaftesbury Premier London Paddington,Value,46,77,59,182,32.42,25.27,0.071
Shaftesbury Premier London Paddington,Wellness,2,1,2,5,40.0,40.0,0.0
Shaftesbury Suites London Marble Arch,Cleanliness,2,16,18,36,50.0,5.56,0.444
Shaftesbury Suites London Marble Arch,Facilities,14,20,26,60,43.33,23.33,0.2
Shaftesbury Suites London Marble Arch,Food,18,42,64,124,51.61,14.52,0.371
Shaftesbury Suites London Marble Arch,Location,15,39,55,109,50.46,13.76,0.367
Shaftesbury Suites London Marble Arch,Room,29,61,78,168,46.43,17.26,0.292
Shaftesbury Suites London Marble Arch,Staff_Service,17,41,83,141,58.87,12.06,0.468
Shaftesbury Suites London Marble Arch,Value,8,10,9,27,33.33,29.63,0.037
Shaftesbury Suites London Marble Arch,Wellness,1,1,3,5,60.0,20.0,0.4
Shangri La Hotel Paris,Cleanliness,0,1,0,1,0.0,0.0,0.0
Shangri La Hotel Paris,Facilities,0,0,3,3,100.0,0.0,1.0
Shangri La Hotel Paris,Food,0,0,7,7,100.0,0.0,1.0
Shangri La Hotel Paris,Location,0,0,7,7,100.0,0.0,1.0
Shangri La Hotel Paris,Room,1,4,16,21,76.19,4.76,0.714
Shangri La Hotel Paris,Staff_Service,1,3,20,24,83.33,4.17,0.792
Shangri La Hotel Paris,Value,0,2,5,7,71.43,0.0,0.714
Shangri La Hotel Paris,Wellness,0,0,4,4,100.0,0.0,1.0
Shangri La Hotel at The Shard London,Cleanliness,7,9,34,50,68.0,14.0,0.54
Shangri La Hotel at The Shard London,Facilities,6,12,85,103,82.52,5.83,0.767
Shangri La Hotel at The Shard London,Food,13,45,216,274,78.83,4.74,0.741
Shangri La Hotel at The Shard London,Location,8,26,101,135,74.81,5.93,0.689
Shangri La Hotel at The Shard London,Room,25,65,404,494,81.78,5.06,0.767
Shangri La Hotel at The Shard London,Staff_Service,25,56,482,563,85.61,4.44,0.812
Shangri La Hotel at The Shard London,Value,7,22,106,135,78.52,5.19,0.733
Shangri La Hotel at The Shard London,Wellness,2,17,102,121,84.3,1.65,0.826
Shepherd s Bush Boutique Hotel,Cleanliness,9,43,101,153,66.01,5.88,0.601
Shepherd s Bush Boutique Hotel,Facilities,12,33,41,86,47.67,13.95,0.337
Shepherd s Bush Boutique Hotel,Food,9,44,71,124,57.26,7.26,0.5
Shepherd s Bush Boutique Hotel,Location,25,92,160,277,57.76,9.03,0.487
Shepherd s Bush Boutique Hotel,Room,46,119,148,313,47.28,14.7,0.326
Shepherd s Bush Boutique Hotel,Staff_Service,32,66,158,256,61.72,12.5,0.492
Shepherd s Bush Boutique Hotel,Value,9,24,47,80,58.75,11.25,0.475
Shepherd s Bush Boutique Hotel,Wellness,0,1,1,2,50.0,0.0,0.5
Sheraton Diana Majestic,Cleanliness,5,0,3,8,37.5,62.5,-0.25
Sheraton Diana Majestic,Facilities,1,2,3,6,50.0,16.67,0.333
Sheraton Diana Majestic,Food,0,8,12,20,60.0,0.0,0.6
Sheraton Diana Majestic,Location,4,12,16,32,50.0,12.5,0.375
Sheraton Diana Majestic,Room,10,15,16,41,39.02,24.39,0.146
Sheraton Diana Majestic,Staff_Service,5,6,23,34,67.65,14.71,0.529
Sheraton Diana Majestic,Value,1,3,2,6,33.33,16.67,0.167
Sheraton Diana Majestic,Wellness,0,1,3,4,75.0,0.0,0.75
Sheraton Grand London Park Lane,Cleanliness,2,3,2,7,28.57,28.57,0.0
Sheraton Grand London Park Lane,Facilities,3,7,8,18,44.44,16.67,0.278
Sheraton Grand London Park Lane,Food,6,9,18,33,54.55,18.18,0.364
Sheraton Grand London Park Lane,Location,6,18,21,45,46.67,13.33,0.333
Sheraton Grand London Park Lane,Room,9,23,29,61,47.54,14.75,0.328
Sheraton Grand London Park Lane,Staff_Service,15,13,27,55,49.09,27.27,0.218
Sheraton Grand London Park Lane,Value,1,4,3,8,37.5,12.5,0.25
Sheraton Grand London Park Lane,Wellness,0,0,3,3,100.0,0.0,1.0
Silken Concordia,Cleanliness,4,16,19,39,48.72,10.26,0.385
Silken Concordia,Facilities,6,21,10,37,27.03,16.22,0.108
Silken Concordia,Food,3,16,18,37,48.65,8.11,0.405
Silken Concordia,Location,10,17,45,72,62.5,13.89,0.486
Silken Concordia,Room,12,34,47,93,50.54,12.9,0.376
Silken Concordia,Staff_Service,9,21,50,80,62.5,11.25,0.512
Silken Concordia,Value,4,10,5,19,26.32,21.05,0.053
Silken Concordia,Wellness,4,9,18,31,58.06,12.9,0.452
Silken Gran Hotel Havana,Cleanliness,1,10,30,41,73.17,2.44,0.707
Silken Gran Hotel Havana,Facilities,2,5,25,32,78.12,6.25,0.719
Silken Gran Hotel Havana,Food,6,23,67,96,69.79,6.25,0.635
Silken Gran Hotel Havana,Location,8,28,90,126,71.43,6.35,0.651
Silken Gran Hotel Havana,Room,13,34,87,134,64.93,9.7,0.552
Silken Gran Hotel Havana,Staff_Service,9,21,113,143,79.02,6.29,0.727
Silken Gran Hotel Havana,Value,4,7,18,29,62.07,13.79,0.483
Silken Gran Hotel Havana,Wellness,3,10,53,66,80.3,4.55,0.758
Silken Ramblas,Cleanliness,16,24,35,75,46.67,21.33,0.253
Silken Ramblas,Facilities,6,24,24,54,44.44,11.11,0.333
Silken Ramblas,Food,9,29,52,90,57.78,10.0,0.478
Silken Ramblas,Location,27,87,129,243,53.09,11.11,0.42
Silken Ramblas,Room,38,75,87,200,43.5,19.0,0.245
Silken Ramblas,Staff_Service,17,57,103,177,58.19,9.6,0.486
Silken Ramblas,Value,9,13,14,36,38.89,25.0,0.139
Silken Ramblas,Wellness,7,17,34,58,58.62,12.07,0.466
Simm s Hotel,Cleanliness,2,5,26,33,78.79,6.06,0.727
Simm s Hotel,Facilities,0,6,19,25,76.0,0.0,0.76
Simm s Hotel,Food,2,3,28,33,84.85,6.06,0.788
Simm s Hotel,Location,1,6,42,49,85.71,2.04,0.837
Simm s Hotel,Room,4,9,27,40,67.5,10.0,0.575
Simm s Hotel,Staff_Service,1,2,24,27,88.89,3.7,0.852
Simm s Hotel,Value,2,0,7,9,77.78,22.22,0.556
Simply Rooms Suites,Cleanliness,6,11,17,34,50.0,17.65,0.324
Simply Rooms Suites,Facilities,2,11,13,26,50.0,7.69,0.423
Simply Rooms Suites,Food,2,3,2,7,28.57,28.57,0.0
Simply Rooms Suites,Location,3,22,23,48,47.92,6.25,0.417
Simply Rooms Suites,Room,9,25,27,61,44.26,14.75,0.295
Simply Rooms Suites,Staff_Service,1,12,18,31,58.06,3.23,0.548
Simply Rooms Suites,Value,1,4,8,13,61.54,7.69,0.538
Sina De La Ville,Cleanliness,4,11,24,39,61.54,10.26,0.513
Sina De La Ville,Facilities,6,9,23,38,60.53,15.79,0.447
Sina De La Ville,Food,10,32,53,95,55.79,10.53,0.453
Sina De La Ville,Location,18,61,97,176,55.11,10.23,0.449
Sina De La Ville,Room,15,44,59,118,50.0,12.71,0.373
Sina De La Ville,Staff_Service,15,34,67,116,57.76,12.93,0.448
Sina De La Ville,Value,4,11,9,24,37.5,16.67,0.208
Sina De La Ville,Wellness,5,21,33,59,55.93,8.47,0.475
Sina The Gray,Cleanliness,0,0,3,3,100.0,0.0,1.0
Sina The Gray,Facilities,3,6,7,16,43.75,18.75,0.25
Sina The Gray,Food,1,6,9,16,56.25,6.25,0.5
Sina The Gray,Location,9,17,38,64,59.38,14.06,0.453
Sina The Gray,Room,3,14,20,37,54.05,8.11,0.459
Sina The Gray,Staff_Service,4,10,23,37,62.16,10.81,0.514
Sina The Gray,Value,4,6,6,16,37.5,25.0,0.125
Sina The Gray,Wellness,1,0,1,2,50.0,50.0,0.0
Sir Adam Hotel,Cleanliness,0,0,7,7,100.0,0.0,1.0
Sir Adam Hotel,Facilities,1,1,9,11,81.82,9.09,0.727
Sir Adam Hotel,Food,4,3,25,32,78.12,12.5,0.656
Sir Adam Hotel,Location,3,4,31,38,81.58,7.89,0.737
Sir Adam Hotel,Room,6,9,41,56,73.21,10.71,0.625
Sir Adam Hotel,Staff_Service,4,5,48,57,84.21,7.02,0.772
Sir Adam Hotel,Value,2,0,5,7,71.43,28.57,0.429
Sir Adam Hotel,Wellness,0,2,1,3,33.33,0.0,0.333
Sir Albert Hotel,Cleanliness,3,11,22,36,61.11,8.33,0.528
Sir Albert Hotel,Facilities,0,11,19,30,63.33,0.0,0.633
Sir Albert Hotel,Food,6,15,98,119,82.35,5.04,0.773
Sir Albert Hotel,Location,4,28,92,124,74.19,3.23,0.71
Sir Albert Hotel,Room,12,36,142,190,74.74,6.32,0.684
Sir Albert Hotel,Staff_Service,11,25,171,207,82.61,5.31,0.773
Sir Albert Hotel,Value,3,15,26,44,59.09,6.82,0.523
Sir Albert Hotel,Wellness,0,4,4,8,50.0,0.0,0.5
Sixtytwo Hotel,Cleanliness,1,1,23,25,92.0,4.0,0.88
Sixtytwo Hotel,Facilities,1,1,22,24,91.67,4.17,0.875
Sixtytwo Hotel,Food,0,5,64,69,92.75,0.0,0.928
Sixtytwo Hotel,Location,4,13,109,126,86.51,3.17,0.833
Sixtytwo Hotel,Room,2,10,94,106,88.68,1.89,0.868
Sixtytwo Hotel,Staff_Service,4,7,113,124,91.13,3.23,0.879
Sixtytwo Hotel,Value,0,1,9,10,90.0,0.0,0.9
Sixtytwo Hotel,Wellness,0,0,5,5,100.0,0.0,1.0
Sloane Square Hotel,Cleanliness,4,18,37,59,62.71,6.78,0.559
Sloane Square Hotel,Facilities,1,4,15,20,75.0,5.0,0.7
Sloane Square Hotel,Food,6,16,44,66,66.67,9.09,0.576
Sloane Square Hotel,Location,24,107,166,297,55.89,8.08,0.478
Sloane Square Hotel,Room,28,104,138,270,51.11,10.37,0.407
Sloane Square Hotel,Staff_Service,17,60,131,208,62.98,8.17,0.548
Sloane Square Hotel,Value,6,21,31,58,53.45,10.34,0.431
Sloane Square Hotel,Wellness,0,1,4,5,80.0,0.0,0.8
Small Luxury Hotel Altstadt Vienna,Cleanliness,0,0,6,6,100.0,0.0,1.0
Small Luxury Hotel Altstadt Vienna,Facilities,0,2,9,11,81.82,0.0,0.818
Small Luxury Hotel Altstadt Vienna,Food,1,5,95,101,94.06,0.99,0.931
Small Luxury Hotel Altstadt Vienna,Location,0,7,60,67,89.55,0.0,0.896
Small Luxury Hotel Altstadt Vienna,Room,2,6,68,76,89.47,2.63,0.868
Small Luxury Hotel Altstadt Vienna,Staff_Service,1,9,112,122,91.8,0.82,0.91
Small Luxury Hotel Altstadt Vienna,Value,1,1,4,6,66.67,16.67,0.5
Small Luxury Hotel Altstadt Vienna,Wellness,0,0,4,4,100.0,0.0,1.0
Snob Hotel by Elegancia,Cleanliness,0,2,4,6,66.67,0.0,0.667
Snob Hotel by Elegancia,Facilities,0,0,5,5,100.0,0.0,1.0
Snob Hotel by Elegancia,Food,1,1,14,16,87.5,6.25,0.812
Snob Hotel by Elegancia,Location,2,6,27,35,77.14,5.71,0.714
Snob Hotel by Elegancia,Room,3,5,32,40,80.0,7.5,0.725
Snob Hotel by Elegancia,Staff_Service,2,4,30,36,83.33,5.56,0.778
Snob Hotel by Elegancia,Value,1,0,6,7,85.71,14.29,0.714
Snob Hotel by Elegancia,Wellness,0,0,1,1,100.0,0.0,1.0
Sofitel Legend The Grand Amsterdam,Cleanliness,0,2,9,11,81.82,0.0,0.818
Sofitel Legend The Grand Amsterdam,Facilities,2,4,10,16,62.5,12.5,0.5
Sofitel Legend The Grand Amsterdam,Food,1,9,46,56,82.14,1.79,0.804
Sofitel Legend The Grand Amsterdam,Location,2,14,69,85,81.18,2.35,0.788
Sofitel Legend The Grand Amsterdam,Room,5,17,61,83,73.49,6.02,0.675
Sofitel Legend The Grand Amsterdam,Staff_Service,3,16,99,118,83.9,2.54,0.814
Sofitel Legend The Grand Amsterdam,Value,2,4,11,17,64.71,11.76,0.529
Sofitel Legend The Grand Amsterdam,Wellness,1,2,8,11,72.73,9.09,0.636
Sofitel London St James,Cleanliness,2,2,21,25,84.0,8.0,0.76
Sofitel London St James,Facilities,2,3,24,29,82.76,6.9,0.759
Sofitel London St James,Food,4,14,83,101,82.18,3.96,0.782
Sofitel London St James,Location,7,24,141,172,81.98,4.07,0.779
Sofitel London St James,Room,17,24,113,154,73.38,11.04,0.623
Sofitel London St James,Staff_Service,9,25,192,226,84.96,3.98,0.81
Sofitel London St James,Value,5,14,33,52,63.46,9.62,0.538
Sofitel London St James,Wellness,3,3,12,18,66.67,16.67,0.5
Sofitel Paris Arc De Triomphe,Cleanliness,2,4,12,18,66.67,11.11,0.556
Sofitel Paris Arc De Triomphe,Facilities,0,6,15,21,71.43,0.0,0.714
Sofitel Paris Arc De Triomphe,Food,6,8,39,53,73.58,11.32,0.623
Sofitel Paris Arc De Triomphe,Location,8,18,55,81,67.9,9.88,0.58
Sofitel Paris Arc De Triomphe,Room,16,26,66,108,61.11,14.81,0.463
Sofitel Paris Arc De Triomphe,Staff_Service,15,20,86,121,71.07,12.4,0.587
Sofitel Paris Arc De Triomphe,Value,2,4,13,19,68.42,10.53,0.579
Sofitel Paris Arc De Triomphe,Wellness,0,1,4,5,80.0,0.0,0.8
Sofitel Paris Baltimore Tour Eiffel,Cleanliness,2,1,9,12,75.0,16.67,0.583
Sofitel Paris Baltimore Tour Eiffel,Facilities,2,1,4,7,57.14,28.57,0.286
Sofitel Paris Baltimore Tour Eiffel,Food,5,9,27,41,65.85,12.2,0.537
Sofitel Paris Baltimore Tour Eiffel,Location,7,16,32,55,58.18,12.73,0.455
Sofitel Paris Baltimore Tour Eiffel,Room,15,19,40,74,54.05,20.27,0.338
Sofitel Paris Baltimore Tour Eiffel,Staff_Service,15,9,52,76,68.42,19.74,0.487
Sofitel Paris Baltimore Tour Eiffel,Value,3,2,6,11,54.55,27.27,0.273
Sofitel Paris Baltimore Tour Eiffel,Wellness,0,0,4,4,100.0,0.0,1.0
Sofitel Paris Le Faubourg,Cleanliness,1,2,7,10,70.0,10.0,0.6
Sofitel Paris Le Faubourg,Facilities,0,2,4,6,66.67,0.0,0.667
Sofitel Paris Le Faubourg,Food,0,10,20,30,66.67,0.0,0.667
Sofitel Paris Le Faubourg,Location,5,22,52,79,65.82,6.33,0.595
Sofitel Paris Le Faubourg,Room,6,22,41,69,59.42,8.7,0.507
Sofitel Paris Le Faubourg,Staff_Service,5,19,49,73,67.12,6.85,0.603
Sofitel Paris Le Faubourg,Value,0,5,7,12,58.33,0.0,0.583
Sofitel Paris Le Faubourg,Wellness,0,2,2,4,50.0,0.0,0.5
Sofitel Vienna Stephansdom,Cleanliness,2,5,11,18,61.11,11.11,0.5
Sofitel Vienna Stephansdom,Facilities,1,7,9,17,52.94,5.88,0.471
Sofitel Vienna Stephansdom,Food,3,13,55,71,77.46,4.23,0.732
Sofitel Vienna Stephansdom,Location,2,14,44,60,73.33,3.33,0.7
Sofitel Vienna Stephansdom,Room,5,18,60,83,72.29,6.02,0.663
Sofitel Vienna Stephansdom,Staff_Service,2,9,53,64,82.81,3.12,0.797
Sofitel Vienna Stephansdom,Value,2,8,14,24,58.33,8.33,0.5
Sofitel Vienna Stephansdom,Wellness,1,5,12,18,66.67,5.56,0.611
South Place Hotel,Cleanliness,2,3,15,20,75.0,10.0,0.65
South Place Hotel,Facilities,2,2,28,32,87.5,6.25,0.812
South Place Hotel,Food,4,7,85,96,88.54,4.17,0.844
South Place Hotel,Location,0,6,67,73,91.78,0.0,0.918
South Place Hotel,Room,8,14,131,153,85.62,5.23,0.804
South Place Hotel,Staff_Service,6,10,183,199,91.96,3.02,0.889
South Place Hotel,Value,6,5,16,27,59.26,22.22,0.37
South Place Hotel,Wellness,1,0,15,16,93.75,6.25,0.875
Splendid Etoile,Cleanliness,0,4,20,24,83.33,0.0,0.833
Splendid Etoile,Facilities,1,6,5,12,41.67,8.33,0.333
Splendid Etoile,Food,1,4,9,14,64.29,7.14,0.571
Splendid Etoile,Location,4,17,61,82,74.39,4.88,0.695
Splendid Etoile,Room,3,13,42,58,72.41,5.17,0.672
Splendid Etoile,Staff_Service,3,8,56,67,83.58,4.48,0.791
Splendid Etoile,Value,1,2,9,12,75.0,8.33,0.667
Splendid Etoile,Wellness,0,1,0,1,0.0,0.0,0.0
Splendide Royal Paris,Cleanliness,1,1,1,3,33.33,33.33,0.0
Splendide Royal Paris,Facilities,1,1,1,3,33.33,33.33,0.0
Splendide Royal Paris,Food,0,0,5,5,100.0,0.0,1.0
Splendide Royal Paris,Location,0,1,6,7,85.71,0.0,0.857
Splendide Royal Paris,Room,0,1,5,6,83.33,0.0,0.833
Splendide Royal Paris,Staff_Service,1,3,7,11,63.64,9.09,0.545
Splendide Royal Paris,Wellness,0,0,1,1,100.0,0.0,1.0
St Ermin s Hotel Autograph Collection,Cleanliness,0,8,20,28,71.43,0.0,0.714
St Ermin s Hotel Autograph Collection,Facilities,2,12,16,30,53.33,6.67,0.467
St Ermin s Hotel Autograph Collection,Food,9,32,88,129,68.22,6.98,0.612
St Ermin s Hotel Autograph Collection,Location,7,41,123,171,71.93,4.09,0.678
St Ermin s Hotel Autograph Collection,Room,14,59,130,203,64.04,6.9,0.571
St Ermin s Hotel Autograph Collection,Staff_Service,6,28,157,191,82.2,3.14,0.791
St Ermin s Hotel Autograph Collection,Value,4,25,28,57,49.12,7.02,0.421
St Ermin s Hotel Autograph Collection,Wellness,0,0,2,2,100.0,0.0,1.0
St George Hotel,Cleanliness,10,13,12,35,34.29,28.57,0.057
St George Hotel,Facilities,8,15,7,30,23.33,26.67,-0.033
St George Hotel,Food,4,11,7,22,31.82,18.18,0.136
St George Hotel,Location,19,28,25,72,34.72,26.39,0.083
St George Hotel,Room,24,29,24,77,31.17,31.17,0.0
St George Hotel,Staff_Service,14,19,20,53,37.74,26.42,0.113
St George Hotel,Value,2,6,6,14,42.86,14.29,0.286
St George s Hotel Wembley,Cleanliness,13,61,239,313,76.36,4.15,0.722
St George s Hotel Wembley,Facilities,21,55,161,237,67.93,8.86,0.591
St George s Hotel Wembley,Food,26,91,258,375,68.8,6.93,0.619
St George s Hotel Wembley,Location,15,67,240,322,74.53,4.66,0.699
St George s Hotel Wembley,Room,45,159,491,695,70.65,6.47,0.642
St George s Hotel Wembley,Staff_Service,43,96,438,577,75.91,7.45,0.685
St George s Hotel Wembley,Value,18,37,113,168,67.26,10.71,0.565
St George s Hotel Wembley,Wellness,1,1,3,5,60.0,20.0,0.4
St James Court A Taj Hotel London,Cleanliness,24,51,146,221,66.06,10.86,0.552
St James Court A Taj Hotel London,Facilities,14,69,124,207,59.9,6.76,0.531
St James Court A Taj Hotel London,Food,34,131,402,567,70.9,6.0,0.649
St James Court A Taj Hotel London,Location,48,239,598,885,67.57,5.42,0.621
St James Court A Taj Hotel London,Room,113,334,626,1073,58.34,10.53,0.478
St James Court A Taj Hotel London,Staff_Service,71,206,869,1146,75.83,6.2,0.696
St James Court A Taj Hotel London,Value,25,65,132,222,59.46,11.26,0.482
St James Court A Taj Hotel London,Wellness,4,16,48,68,70.59,5.88,0.647
St James Hotel Club Mayfair,Cleanliness,1,0,7,8,87.5,12.5,0.75
St James Hotel Club Mayfair,Facilities,4,4,14,22,63.64,18.18,0.455
St James Hotel Club Mayfair,Food,8,8,34,50,68.0,16.0,0.52
St James Hotel Club Mayfair,Location,11,11,41,63,65.08,17.46,0.476
St James Hotel Club Mayfair,Room,15,14,48,77,62.34,19.48,0.429
St James Hotel Club Mayfair,Staff_Service,12,13,61,86,70.93,13.95,0.57
St James Hotel Club Mayfair,Value,5,4,9,18,50.0,27.78,0.222
St James Hotel Club Mayfair,Wellness,0,2,1,3,33.33,0.0,0.333
St Martins Lane A Morgans Original,Cleanliness,2,8,30,40,75.0,5.0,0.7
St Martins Lane A Morgans Original,Facilities,6,11,37,54,68.52,11.11,0.574
St Martins Lane A Morgans Original,Food,6,18,86,110,78.18,5.45,0.727
St Martins Lane A Morgans Original,Location,10,33,186,229,81.22,4.37,0.769
St Martins Lane A Morgans Original,Room,14,40,199,253,78.66,5.53,0.731
St Martins Lane A Morgans Original,Staff_Service,10,27,211,248,85.08,4.03,0.81
St Martins Lane A Morgans Original,Value,8,12,34,54,62.96,14.81,0.481
St Martins Lane A Morgans Original,Wellness,0,2,15,17,88.24,0.0,0.882
St Pancras Renaissance Hotel London,Cleanliness,10,16,41,67,61.19,14.93,0.463
St Pancras Renaissance Hotel London,Facilities,20,57,129,206,62.62,9.71,0.529
St Pancras Renaissance Hotel London,Food,26,78,233,337,69.14,7.72,0.614
St Pancras Renaissance Hotel London,Location,33,100,248,381,65.09,8.66,0.564
St Pancras Renaissance Hotel London,Room,61,153,315,529,59.55,11.53,0.48
St Pancras Renaissance Hotel London,Staff_Service,42,108,452,602,75.08,6.98,0.681
St Pancras Renaissance Hotel London,Value,30,58,84,172,48.84,17.44,0.314
St Pancras Renaissance Hotel London,Wellness,6,20,63,89,70.79,6.74,0.64
St Paul s Hotel,Cleanliness,2,7,51,60,85.0,3.33,0.817
St Paul s Hotel,Facilities,6,11,42,59,71.19,10.17,0.61
St Paul s Hotel,Food,4,15,110,129,85.27,3.1,0.822
St Paul s Hotel,Location,1,21,98,120,81.67,0.83,0.808
St Paul s Hotel,Room,8,29,154,191,80.63,4.19,0.764
St Paul s Hotel,Staff_Service,6,24,155,185,83.78,3.24,0.805
St Paul s Hotel,Value,5,8,27,40,67.5,12.5,0.55
St Paul s Hotel,Wellness,1,0,3,4,75.0,25.0,0.5
Starhotels Anderson,Cleanliness,2,18,81,101,80.2,1.98,0.782
Starhotels Anderson,Facilities,4,17,53,74,71.62,5.41,0.662
Starhotels Anderson,Food,9,64,161,234,68.8,3.85,0.65
Starhotels Anderson,Location,8,78,233,319,73.04,2.51,0.705
Starhotels Anderson,Room,15,74,155,244,63.52,6.15,0.574
Starhotels Anderson,Staff_Service,11,36,175,222,78.83,4.95,0.739
Starhotels Anderson,Value,4,15,23,42,54.76,9.52,0.452
Starhotels Anderson,Wellness,0,1,5,6,83.33,0.0,0.833
Starhotels Business Palace,Cleanliness,12,27,55,94,58.51,12.77,0.457
Starhotels Business Palace,Facilities,19,36,52,107,48.6,17.76,0.308
Starhotels Business Palace,Food,31,71,159,261,60.92,11.88,0.49
Starhotels Business Palace,Location,23,64,125,212,58.96,10.85,0.481
Starhotels Business Palace,Room,45,77,128,250,51.2,18.0,0.332
Starhotels Business Palace,Staff_Service,39,52,107,198,54.04,19.7,0.343
Starhotels Business Palace,Value,12,25,31,68,45.59,17.65,0.279
Starhotels Business Palace,Wellness,2,4,8,14,57.14,14.29,0.429
Starhotels Echo,Cleanliness,1,24,107,132,81.06,0.76,0.803
Starhotels Echo,Facilities,1,12,54,67,80.6,1.49,0.791
Starhotels Echo,Food,9,56,195,260,75.0,3.46,0.715
Starhotels Echo,Location,8,75,265,348,76.15,2.3,0.739
Starhotels Echo,Room,10,56,153,219,69.86,4.57,0.653
Starhotels Echo,Staff_Service,7,38,188,233,80.69,3.0,0.777
Starhotels Echo,Value,6,20,31,57,54.39,10.53,0.439
Starhotels Echo,Wellness,0,3,6,9,66.67,0.0,0.667
Starhotels Ritz,Cleanliness,15,40,76,131,58.02,11.45,0.466
Starhotels Ritz,Facilities,15,39,44,98,44.9,15.31,0.296
Starhotels Ritz,Food,38,98,196,332,59.04,11.45,0.476
Starhotels Ritz,Location,24,103,185,312,59.29,7.69,0.516
Starhotels Ritz,Room,47,102,156,305,51.15,15.41,0.357
Starhotels Ritz,Staff_Service,46,83,163,292,55.82,15.75,0.401
Starhotels Ritz,Value,17,30,29,76,38.16,22.37,0.158
Starhotels Ritz,Wellness,1,6,15,22,68.18,4.55,0.636
Starhotels Tourist,Cleanliness,4,19,53,76,69.74,5.26,0.645
Starhotels Tourist,Facilities,6,10,36,52,69.23,11.54,0.577
Starhotels Tourist,Food,12,27,79,118,66.95,10.17,0.568
Starhotels Tourist,Location,7,24,85,116,73.28,6.03,0.672
Starhotels Tourist,Room,13,25,77,115,66.96,11.3,0.557
Starhotels Tourist,Staff_Service,7,29,57,93,61.29,7.53,0.538
Starhotels Tourist,Value,5,10,14,29,48.28,17.24,0.31
Starhotels Tourist,Wellness,1,3,2,6,33.33,16.67,0.167
Staunton Hotel B B,Cleanliness,2,16,36,54,66.67,3.7,0.63
Staunton Hotel B B,Facilities,2,13,35,50,70.0,4.0,0.66
Staunton Hotel B B,Food,9,38,83,130,63.85,6.92,0.569
Staunton Hotel B B,Location,7,38,75,120,62.5,5.83,0.567
Staunton Hotel B B,Room,11,50,84,145,57.93,7.59,0.503
Staunton Hotel B B,Staff_Service,6,23,71,100,71.0,6.0,0.65
Staunton Hotel B B,Value,1,11,14,26,53.85,3.85,0.5
Staybridge Suites London Stratford,Cleanliness,0,10,64,74,86.49,0.0,0.865
Staybridge Suites London Stratford,Facilities,1,14,70,85,82.35,1.18,0.812
Staybridge Suites London Stratford,Food,4,29,172,205,83.9,1.95,0.82
Staybridge Suites London Stratford,Location,4,28,170,202,84.16,1.98,0.822
Staybridge Suites London Stratford,Room,8,39,183,230,79.57,3.48,0.761
Staybridge Suites London Stratford,Staff_Service,5,27,213,245,86.94,2.04,0.849
Staybridge Suites London Stratford,Value,3,5,22,30,73.33,10.0,0.633
Staybridge Suites London Stratford,Wellness,0,3,14,17,82.35,0.0,0.824
Staybridge Suites London Vauxhall,Cleanliness,0,5,36,41,87.8,0.0,0.878
Staybridge Suites London Vauxhall,Facilities,0,7,33,40,82.5,0.0,0.825
Staybridge Suites London Vauxhall,Food,1,9,94,104,90.38,0.96,0.894
Staybridge Suites London Vauxhall,Location,0,15,79,94,84.04,0.0,0.84
Staybridge Suites London Vauxhall,Room,1,11,100,112,89.29,0.89,0.884
Staybridge Suites London Vauxhall,Staff_Service,0,13,133,146,91.1,0.0,0.911
Staybridge Suites London Vauxhall,Value,0,1,16,17,94.12,0.0,0.941
Staybridge Suites London Vauxhall,Wellness,0,1,5,6,83.33,0.0,0.833
Steigenberger Hotel Herrenhof,Cleanliness,4,9,59,72,81.94,5.56,0.764
Steigenberger Hotel Herrenhof,Facilities,0,8,48,56,85.71,0.0,0.857
Steigenberger Hotel Herrenhof,Food,11,26,152,189,80.42,5.82,0.746
Steigenberger Hotel Herrenhof,Location,15,68,268,351,76.35,4.27,0.721
Steigenberger Hotel Herrenhof,Room,15,52,145,212,68.4,7.08,0.613
Steigenberger Hotel Herrenhof,Staff_Service,16,43,204,263,77.57,6.08,0.715
Steigenberger Hotel Herrenhof,Value,4,11,42,57,73.68,7.02,0.667
Steigenberger Hotel Herrenhof,Wellness,2,6,25,33,75.76,6.06,0.697
Strand Palace Hotel,Cleanliness,43,198,329,570,57.72,7.54,0.502
Strand Palace Hotel,Facilities,82,149,179,410,43.66,20.0,0.237
Strand Palace Hotel,Food,104,420,730,1254,58.21,8.29,0.499
Strand Palace Hotel,Location,236,859,1236,2331,53.02,10.12,0.429
Strand Palace Hotel,Room,355,984,1028,2367,43.43,15.0,0.284
Strand Palace Hotel,Staff_Service,165,477,1041,1683,61.85,9.8,0.52
Strand Palace Hotel,Value,95,234,254,583,43.57,16.3,0.273
Strand Palace Hotel,Wellness,2,12,23,37,62.16,5.41,0.568
Strandhotel Alte Donau,Cleanliness,1,1,15,17,88.24,5.88,0.824
Strandhotel Alte Donau,Facilities,1,1,8,10,80.0,10.0,0.7
Strandhotel Alte Donau,Food,1,2,16,19,84.21,5.26,0.789
Strandhotel Alte Donau,Location,0,3,15,18,83.33,0.0,0.833
Strandhotel Alte Donau,Room,1,2,14,17,82.35,5.88,0.765
Strandhotel Alte Donau,Staff_Service,1,0,21,22,95.45,4.55,0.909
Strandhotel Alte Donau,Value,1,0,2,3,66.67,33.33,0.333
Style Hotel,Cleanliness,1,0,8,9,88.89,11.11,0.778
Style Hotel,Facilities,4,5,7,16,43.75,25.0,0.188
Style Hotel,Food,1,4,11,16,68.75,6.25,0.625
Style Hotel,Location,5,12,21,38,55.26,13.16,0.421
Style Hotel,Room,4,8,18,30,60.0,13.33,0.467
Style Hotel,Staff_Service,4,4,25,33,75.76,12.12,0.636
Style Hotel,Value,5,6,1,12,8.33,41.67,-0.333
Style Hotel,Wellness,0,4,5,9,55.56,0.0,0.556
Suite Hotel 900 m zur Oper,Cleanliness,13,28,61,102,59.8,12.75,0.471
Suite Hotel 900 m zur Oper,Facilities,8,43,56,107,52.34,7.48,0.449
Suite Hotel 900 m zur Oper,Food,20,57,86,163,52.76,12.27,0.405
Suite Hotel 900 m zur Oper,Location,15,89,116,220,52.73,6.82,0.459
Suite Hotel 900 m zur Oper,Room,32,81,100,213,46.95,15.02,0.319
Suite Hotel 900 m zur Oper,Staff_Service,23,48,105,176,59.66,13.07,0.466
Suite Hotel 900 m zur Oper,Value,8,34,41,83,49.4,9.64,0.398
Suite Hotel 900 m zur Oper,Wellness,0,0,1,1,100.0,0.0,1.0
Suites H tel Helzear Champs Elys es,Cleanliness,9,13,32,54,59.26,16.67,0.426
Suites H tel Helzear Champs Elys es,Facilities,2,10,14,26,53.85,7.69,0.462
Suites H tel Helzear Champs Elys es,Food,1,2,9,12,75.0,8.33,0.667
Suites H tel Helzear Champs Elys es,Location,18,47,81,146,55.48,12.33,0.432
Suites H tel Helzear Champs Elys es,Room,24,34,55,113,48.67,21.24,0.274
Suites H tel Helzear Champs Elys es,Staff_Service,14,23,79,116,68.1,12.07,0.56
Suites H tel Helzear Champs Elys es,Value,5,5,13,23,56.52,21.74,0.348
Suites H tel Helzear Champs Elys es,Wellness,2,1,0,3,0.0,66.67,-0.667
Suites H tel Helzear Montparnasse,Cleanliness,4,2,4,10,40.0,40.0,0.0
Suites H tel Helzear Montparnasse,Facilities,2,8,6,16,37.5,12.5,0.25
Suites H tel Helzear Montparnasse,Food,0,2,4,6,66.67,0.0,0.667
Suites H tel Helzear Montparnasse,Location,2,11,25,38,65.79,5.26,0.605
Suites H tel Helzear Montparnasse,Room,7,11,17,35,48.57,20.0,0.286
Suites H tel Helzear Montparnasse,Staff_Service,6,12,25,43,58.14,13.95,0.442
Suites H tel Helzear Montparnasse,Value,1,2,4,7,57.14,14.29,0.429
Sunotel Central,Cleanliness,10,34,103,147,70.07,6.8,0.633
Sunotel Central,Facilities,11,29,37,77,48.05,14.29,0.338
Sunotel Central,Food,21,50,120,191,62.83,10.99,0.518
Sunotel Central,Location,29,122,235,386,60.88,7.51,0.534
Sunotel Central,Room,36,107,188,331,56.8,10.88,0.459
Sunotel Central,Staff_Service,26,57,193,276,69.93,9.42,0.605
Sunotel Central,Value,13,29,44,86,51.16,15.12,0.36
Sunotel Central,Wellness,7,38,83,128,64.84,5.47,0.594
Sunotel Club Central,Cleanliness,4,33,73,110,66.36,3.64,0.627
Sunotel Club Central,Facilities,5,22,36,63,57.14,7.94,0.492
Sunotel Club Central,Food,6,31,69,106,65.09,5.66,0.594
Sunotel Club Central,Location,13,77,112,202,55.45,6.44,0.49
Sunotel Club Central,Room,19,71,95,185,51.35,10.27,0.411
Sunotel Club Central,Staff_Service,14,57,133,204,65.2,6.86,0.583
Sunotel Club Central,Value,3,24,36,63,57.14,4.76,0.524
Sunotel Club Central,Wellness,4,22,61,87,70.11,4.6,0.655
Swiss tel Amsterdam,Cleanliness,7,17,90,114,78.95,6.14,0.728
Swiss tel Amsterdam,Facilities,6,16,42,64,65.62,9.38,0.562
Swiss tel Amsterdam,Food,10,38,102,150,68.0,6.67,0.613
Swiss tel Amsterdam,Location,42,119,335,496,67.54,8.47,0.591
Swiss tel Amsterdam,Room,46,100,264,410,64.39,11.22,0.532
Swiss tel Amsterdam,Staff_Service,29,76,328,433,75.75,6.7,0.691
Swiss tel Amsterdam,Value,15,31,56,102,54.9,14.71,0.402
Swiss tel Amsterdam,Wellness,1,1,9,11,81.82,9.09,0.727
Sydney House Chelsea,Cleanliness,2,13,39,54,72.22,3.7,0.685
Sydney House Chelsea,Facilities,3,17,29,49,59.18,6.12,0.531
Sydney House Chelsea,Food,5,12,47,64,73.44,7.81,0.656
Sydney House Chelsea,Location,3,32,92,127,72.44,2.36,0.701
Sydney House Chelsea,Room,9,42,105,156,67.31,5.77,0.615
Sydney House Chelsea,Staff_Service,5,27,112,144,77.78,3.47,0.743
Sydney House Chelsea,Value,5,10,25,40,62.5,12.5,0.5
TH Street Duomo,Cleanliness,2,1,3,6,50.0,33.33,0.167
TH Street Duomo,Facilities,4,5,4,13,30.77,30.77,0.0
TH Street Duomo,Food,3,1,1,5,20.0,60.0,-0.4
TH Street Duomo,Location,3,7,12,22,54.55,13.64,0.409
TH Street Duomo,Room,5,6,9,20,45.0,25.0,0.2
TH Street Duomo,Staff_Service,2,7,4,13,30.77,15.38,0.154
TH Street Duomo,Value,3,1,2,6,33.33,50.0,-0.167
TRYP Paris Op ra,Cleanliness,0,8,10,18,55.56,0.0,0.556
TRYP Paris Op ra,Facilities,0,2,6,8,75.0,0.0,0.75
TRYP Paris Op ra,Food,0,1,7,8,87.5,0.0,0.875
TRYP Paris Op ra,Location,2,18,19,39,48.72,5.13,0.436
TRYP Paris Op ra,Room,5,15,23,43,53.49,11.63,0.419
TRYP Paris Op ra,Staff_Service,3,10,17,30,56.67,10.0,0.467
TRYP Paris Op ra,Value,2,3,4,9,44.44,22.22,0.222
TWO Hotel Barcelona by Axel 4 Sup Adults Only,Cleanliness,8,20,105,133,78.95,6.02,0.729
TWO Hotel Barcelona by Axel 4 Sup Adults Only,Facilities,4,14,49,67,73.13,5.97,0.672
TWO Hotel Barcelona by Axel 4 Sup Adults Only,Food,11,20,85,116,73.28,9.48,0.638
TWO Hotel Barcelona by Axel 4 Sup Adults Only,Location,12,44,144,200,72.0,6.0,0.66
TWO Hotel Barcelona by Axel 4 Sup Adults Only,Room,25,66,150,241,62.24,10.37,0.519
TWO Hotel Barcelona by Axel 4 Sup Adults Only,Staff_Service,23,46,218,287,75.96,8.01,0.679
TWO Hotel Barcelona by Axel 4 Sup Adults Only,Value,9,12,21,42,50.0,21.43,0.286
TWO Hotel Barcelona by Axel 4 Sup Adults Only,Wellness,8,30,87,125,69.6,6.4,0.632
Taj 51 Buckingham Gate Suites and Residences,Cleanliness,0,1,5,6,83.33,0.0,0.833
Taj 51 Buckingham Gate Suites and Residences,Facilities,0,4,7,11,63.64,0.0,0.636
Taj 51 Buckingham Gate Suites and Residences,Food,0,3,18,21,85.71,0.0,0.857
Taj 51 Buckingham Gate Suites and Residences,Location,0,3,24,27,88.89,0.0,0.889
Taj 51 Buckingham Gate Suites and Residences,Room,0,5,36,41,87.8,0.0,0.878
Taj 51 Buckingham Gate Suites and Residences,Staff_Service,0,8,85,93,91.4,0.0,0.914
Taj 51 Buckingham Gate Suites and Residences,Value,0,1,9,10,90.0,0.0,0.9
Taj 51 Buckingham Gate Suites and Residences,Wellness,0,0,2,2,100.0,0.0,1.0
Ten Manchester Street Hotel,Cleanliness,0,3,22,25,88.0,0.0,0.88
Ten Manchester Street Hotel,Facilities,2,5,9,16,56.25,12.5,0.438
Ten Manchester Street Hotel,Food,2,7,41,50,82.0,4.0,0.78
Ten Manchester Street Hotel,Location,5,28,78,111,70.27,4.5,0.658
Ten Manchester Street Hotel,Room,8,32,71,111,63.96,7.21,0.568
Ten Manchester Street Hotel,Staff_Service,7,22,92,121,76.03,5.79,0.702
Ten Manchester Street Hotel,Value,2,10,19,31,61.29,6.45,0.548
Ten Manchester Street Hotel,Wellness,0,1,1,2,50.0,0.0,0.5
Terrass H tel Montmartre by MH,Cleanliness,0,1,20,21,95.24,0.0,0.952
Terrass H tel Montmartre by MH,Facilities,0,0,12,12,100.0,0.0,1.0
Terrass H tel Montmartre by MH,Food,0,10,54,64,84.38,0.0,0.844
Terrass H tel Montmartre by MH,Location,0,16,73,89,82.02,0.0,0.82
Terrass H tel Montmartre by MH,Room,2,18,78,98,79.59,2.04,0.776
Terrass H tel Montmartre by MH,Staff_Service,1,13,106,120,88.33,0.83,0.875
Terrass H tel Montmartre by MH,Value,1,2,15,18,83.33,5.56,0.778
Terrass H tel Montmartre by MH,Wellness,0,1,4,5,80.0,0.0,0.8
The Abbey Court Notting Hill,Cleanliness,1,1,10,12,83.33,8.33,0.75
The Abbey Court Notting Hill,Facilities,2,5,7,14,50.0,14.29,0.357
The Abbey Court Notting Hill,Food,3,9,23,35,65.71,8.57,0.571
The Abbey Court Notting Hill,Location,7,17,26,50,52.0,14.0,0.38
The Abbey Court Notting Hill,Room,8,18,31,57,54.39,14.04,0.404
The Abbey Court Notting Hill,Staff_Service,4,12,28,44,63.64,9.09,0.545
The Abbey Court Notting Hill,Value,1,3,2,6,33.33,16.67,0.167
The Abbey Court Notting Hill,Wellness,0,1,0,1,0.0,0.0,0.0
The Academy,Cleanliness,8,7,17,32,53.12,25.0,0.281
The Academy,Facilities,6,25,27,58,46.55,10.34,0.362
The Academy,Food,9,14,36,59,61.02,15.25,0.458
The Academy,Location,11,48,65,124,52.42,8.87,0.435
The Academy,Room,23,61,77,161,47.83,14.29,0.335
The Academy,Staff_Service,16,34,66,116,56.9,13.79,0.431
The Academy,Value,8,17,14,39,35.9,20.51,0.154
The Academy,Wellness,0,0,1,1,100.0,0.0,1.0
The Ampersand Hotel,Cleanliness,1,11,32,44,72.73,2.27,0.705
The Ampersand Hotel,Facilities,0,7,20,27,74.07,0.0,0.741
The Ampersand Hotel,Food,4,13,67,84,79.76,4.76,0.75
The Ampersand Hotel,Location,4,50,147,201,73.13,1.99,0.711
The Ampersand Hotel,Room,11,56,145,212,68.4,5.19,0.632
The Ampersand Hotel,Staff_Service,5,31,184,220,83.64,2.27,0.814
The Ampersand Hotel,Value,3,9,21,33,63.64,9.09,0.545
The Ampersand Hotel,Wellness,0,0,1,1,100.0,0.0,1.0
The Arch London,Cleanliness,1,7,14,22,63.64,4.55,0.591
The Arch London,Facilities,0,1,16,17,94.12,0.0,0.941
The Arch London,Food,1,2,49,52,94.23,1.92,0.923
The Arch London,Location,1,10,65,76,85.53,1.32,0.842
The Arch London,Room,4,10,75,89,84.27,4.49,0.798
The Arch London,Staff_Service,2,7,107,116,92.24,1.72,0.905
The Arch London,Value,1,2,12,15,80.0,6.67,0.733
The Arch London,Wellness,0,0,3,3,100.0,0.0,1.0
The Athenaeum,Cleanliness,6,7,10,23,43.48,26.09,0.174
The Athenaeum,Facilities,1,5,10,16,62.5,6.25,0.562
The Athenaeum,Food,5,8,22,35,62.86,14.29,0.486
The Athenaeum,Location,12,30,38,80,47.5,15.0,0.325
The Athenaeum,Room,19,34,50,103,48.54,18.45,0.301
The Athenaeum,Staff_Service,13,32,63,108,58.33,12.04,0.463
The Athenaeum,Value,7,11,11,29,37.93,24.14,0.138
The Athenaeum,Wellness,1,6,2,9,22.22,11.11,0.111
The Bailey s Hotel London,Cleanliness,8,41,89,138,64.49,5.8,0.587
The Bailey s Hotel London,Facilities,16,42,86,144,59.72,11.11,0.486
The Bailey s Hotel London,Food,22,68,203,293,69.28,7.51,0.618
The Bailey s Hotel London,Location,39,131,365,535,68.22,7.29,0.609
The Bailey s Hotel London,Room,53,152,336,541,62.11,9.8,0.523
The Bailey s Hotel London,Staff_Service,41,90,348,479,72.65,8.56,0.641
The Bailey s Hotel London,Value,9,25,76,110,69.09,8.18,0.609
The Bailey s Hotel London,Wellness,1,0,6,7,85.71,14.29,0.714
The Beaufort,Cleanliness,2,7,12,21,57.14,9.52,0.476
The Beaufort,Facilities,5,16,19,40,47.5,12.5,0.35
The Beaufort,Food,1,8,29,38,76.32,2.63,0.737
The Beaufort,Location,8,21,69,98,70.41,8.16,0.622
The Beaufort,Room,9,33,64,106,60.38,8.49,0.519
The Beaufort,Staff_Service,5,19,90,114,78.95,4.39,0.746
The Beaufort,Value,1,6,6,13,46.15,7.69,0.385
The Beaumont Hotel,Cleanliness,0,1,6,7,85.71,0.0,0.857
The Beaumont Hotel,Facilities,0,1,4,5,80.0,0.0,0.8
The Beaumont Hotel,Food,1,2,20,23,86.96,4.35,0.826
The Beaumont Hotel,Location,3,3,33,39,84.62,7.69,0.769
The Beaumont Hotel,Room,4,4,33,41,80.49,9.76,0.707
The Beaumont Hotel,Staff_Service,2,3,72,77,93.51,2.6,0.909
The Beaumont Hotel,Value,1,0,5,6,83.33,16.67,0.667
The Beaumont Hotel,Wellness,0,1,7,8,87.5,0.0,0.875
The Belgrave Hotel,Cleanliness,9,69,203,281,72.24,3.2,0.69
The Belgrave Hotel,Facilities,9,25,61,95,64.21,9.47,0.547
The Belgrave Hotel,Food,14,94,330,438,75.34,3.2,0.721
The Belgrave Hotel,Location,11,119,319,449,71.05,2.45,0.686
The Belgrave Hotel,Room,30,182,364,576,63.19,5.21,0.58
The Belgrave Hotel,Staff_Service,18,88,358,464,77.16,3.88,0.733
The Belgrave Hotel,Value,6,20,51,77,66.23,7.79,0.584
The Berkeley,Cleanliness,0,1,7,8,87.5,0.0,0.875
The Berkeley,Facilities,1,0,6,7,85.71,14.29,0.714
The Berkeley,Food,1,6,21,28,75.0,3.57,0.714
The Berkeley,Location,3,8,21,32,65.62,9.38,0.562
The Berkeley,Room,4,10,18,32,56.25,12.5,0.438
The Berkeley,Staff_Service,4,8,47,59,79.66,6.78,0.729
The Berkeley,Value,2,1,4,7,57.14,28.57,0.286
The Berkeley,Wellness,2,2,10,14,71.43,14.29,0.571
The Bloomsbury Hotel,Cleanliness,2,9,42,53,79.25,3.77,0.755
The Bloomsbury Hotel,Facilities,3,10,29,42,69.05,7.14,0.619
The Bloomsbury Hotel,Food,5,26,95,126,75.4,3.97,0.714
The Bloomsbury Hotel,Location,4,47,179,230,77.83,1.74,0.761
The Bloomsbury Hotel,Room,17,62,205,284,72.18,5.99,0.662
The Bloomsbury Hotel,Staff_Service,9,44,290,343,84.55,2.62,0.819
The Bloomsbury Hotel,Value,4,14,40,58,68.97,6.9,0.621
The Bloomsbury Hotel,Wellness,0,0,6,6,100.0,0.0,1.0
The Bryson Hotel,Cleanliness,2,8,19,29,65.52,6.9,0.586
The Bryson Hotel,Facilities,4,7,11,22,50.0,18.18,0.318
The Bryson Hotel,Food,8,16,27,51,52.94,15.69,0.373
The Bryson Hotel,Location,4,12,24,40,60.0,10.0,0.5
The Bryson Hotel,Room,11,22,45,78,57.69,14.1,0.436
The Bryson Hotel,Staff_Service,12,12,40,64,62.5,18.75,0.438
The Bryson Hotel,Value,5,5,10,20,50.0,25.0,0.25
The Bryson Hotel,Wellness,0,0,1,1,100.0,0.0,1.0
The Capital,Cleanliness,1,2,3,6,50.0,16.67,0.333
The Capital,Facilities,2,2,10,14,71.43,14.29,0.571
The Capital,Food,2,5,27,34,79.41,5.88,0.735
The Capital,Location,1,18,46,65,70.77,1.54,0.692
The Capital,Room,2,13,35,50,70.0,4.0,0.66
The Capital,Staff_Service,2,21,71,94,75.53,2.13,0.734
The Capital,Value,0,2,4,6,66.67,0.0,0.667
The Capital,Wellness,0,0,3,3,100.0,0.0,1.0
The Cavendish London,Cleanliness,1,9,36,46,78.26,2.17,0.761
The Cavendish London,Facilities,6,13,37,56,66.07,10.71,0.554
The Cavendish London,Food,5,27,71,103,68.93,4.85,0.641
The Cavendish London,Location,11,58,157,226,69.47,4.87,0.646
The Cavendish London,Room,16,57,160,233,68.67,6.87,0.618
The Cavendish London,Staff_Service,8,42,169,219,77.17,3.65,0.735
The Cavendish London,Value,5,24,25,54,46.3,9.26,0.37
The Cavendish London,Wellness,0,0,3,3,100.0,0.0,1.0
The Chamberlain,Cleanliness,3,25,144,172,83.72,1.74,0.82
The Chamberlain,Facilities,5,34,110,149,73.83,3.36,0.705
The Chamberlain,Food,10,59,318,387,82.17,2.58,0.796
The Chamberlain,Location,7,64,291,362,80.39,1.93,0.785
The Chamberlain,Room,16,85,422,523,80.69,3.06,0.776
The Chamberlain,Staff_Service,13,63,437,513,85.19,2.53,0.827
The Chamberlain,Value,3,27,86,116,74.14,2.59,0.716
The Chamberlain,Wellness,0,0,3,3,100.0,0.0,1.0
The Chelsea Harbour Hotel,Cleanliness,6,19,30,55,54.55,10.91,0.436
The Chelsea Harbour Hotel,Facilities,7,23,43,73,58.9,9.59,0.493
The Chelsea Harbour Hotel,Food,13,33,98,144,68.06,9.03,0.59
The Chelsea Harbour Hotel,Location,11,37,85,133,63.91,8.27,0.556
The Chelsea Harbour Hotel,Room,32,73,166,271,61.25,11.81,0.494
The Chelsea Harbour Hotel,Staff_Service,32,54,190,276,68.84,11.59,0.572
The Chelsea Harbour Hotel,Value,6,26,38,70,54.29,8.57,0.457
The Chelsea Harbour Hotel,Wellness,6,17,34,57,59.65,10.53,0.491
The Chess Hotel,Cleanliness,3,10,30,43,69.77,6.98,0.628
The Chess Hotel,Facilities,2,17,27,46,58.7,4.35,0.543
The Chess Hotel,Food,2,9,34,45,75.56,4.44,0.711
The Chess Hotel,Location,8,31,109,148,73.65,5.41,0.682
The Chess Hotel,Room,8,33,80,121,66.12,6.61,0.595
The Chess Hotel,Staff_Service,7,21,77,105,73.33,6.67,0.667
The Chess Hotel,Value,2,5,18,25,72.0,8.0,0.64
The Chess Hotel,Wellness,0,0,2,2,100.0,0.0,1.0
The Chesterfield Mayfair,Cleanliness,2,7,35,44,79.55,4.55,0.75
The Chesterfield Mayfair,Facilities,1,7,27,35,77.14,2.86,0.743
The Chesterfield Mayfair,Food,2,16,118,136,86.76,1.47,0.853
The Chesterfield Mayfair,Location,3,33,138,174,79.31,1.72,0.776
The Chesterfield Mayfair,Room,8,45,161,214,75.23,3.74,0.715
The Chesterfield Mayfair,Staff_Service,6,35,288,329,87.54,1.82,0.857
The Chesterfield Mayfair,Value,2,11,24,37,64.86,5.41,0.595
The Chesterfield Mayfair,Wellness,0,0,2,2,100.0,0.0,1.0
The Cleveland,Cleanliness,4,24,48,76,63.16,5.26,0.579
The Cleveland,Facilities,3,22,38,63,60.32,4.76,0.556
The Cleveland,Food,2,8,24,34,70.59,5.88,0.647
The Cleveland,Location,9,40,92,141,65.25,6.38,0.589
The Cleveland,Room,19,66,111,196,56.63,9.69,0.469
The Cleveland,Staff_Service,13,32,104,149,69.8,8.72,0.611
The Cleveland,Value,1,14,21,36,58.33,2.78,0.556
The Cleveland,Wellness,0,0,1,1,100.0,0.0,1.0
The College Hotel,Cleanliness,0,2,8,10,80.0,0.0,0.8
The College Hotel,Facilities,0,6,14,20,70.0,0.0,0.7
The College Hotel,Food,3,11,32,46,69.57,6.52,0.63
The College Hotel,Location,3,14,33,50,66.0,6.0,0.6
The College Hotel,Room,11,31,47,89,52.81,12.36,0.404
The College Hotel,Staff_Service,8,19,63,90,70.0,8.89,0.611
The College Hotel,Value,2,9,10,21,47.62,9.52,0.381
The College Hotel,Wellness,0,0,2,2,100.0,0.0,1.0
The Colonnade,Cleanliness,3,7,9,19,47.37,15.79,0.316
The Colonnade,Facilities,4,9,17,30,56.67,13.33,0.433
The Colonnade,Food,7,13,26,46,56.52,15.22,0.413
The Colonnade,Location,8,28,47,83,56.63,9.64,0.47
The Colonnade,Room,17,45,64,126,50.79,13.49,0.373
The Colonnade,Staff_Service,13,27,62,102,60.78,12.75,0.48
The Colonnade,Value,5,10,11,26,42.31,19.23,0.231
The Colonnade,Wellness,0,2,1,3,33.33,0.0,0.333
The Connaught,Cleanliness,0,1,1,2,50.0,0.0,0.5
The Connaught,Food,0,1,8,9,88.89,0.0,0.889
The Connaught,Location,1,2,5,8,62.5,12.5,0.5
The Connaught,Room,2,3,10,15,66.67,13.33,0.533
The Connaught,Staff_Service,1,2,20,23,86.96,4.35,0.826
The Connaught,Value,0,0,2,2,100.0,0.0,1.0
The Connaught,Wellness,0,1,2,3,66.67,0.0,0.667
The Corner Hotel,Cleanliness,1,2,18,21,85.71,4.76,0.81
The Corner Hotel,Facilities,0,1,8,9,88.89,0.0,0.889
The Corner Hotel,Food,0,2,16,18,88.89,0.0,0.889
The Corner Hotel,Location,0,1,32,33,96.97,0.0,0.97
The Corner Hotel,Room,2,3,44,49,89.8,4.08,0.857
The Corner Hotel,Staff_Service,4,4,51,59,86.44,6.78,0.797
The Corner Hotel,Value,0,0,6,6,100.0,0.0,1.0
The Corner Hotel,Wellness,0,1,16,17,94.12,0.0,0.941
The Cranley Hotel,Cleanliness,5,3,4,12,33.33,41.67,-0.083
The Cranley Hotel,Facilities,6,16,14,36,38.89,16.67,0.222
The Cranley Hotel,Food,4,13,29,46,63.04,8.7,0.543
The Cranley Hotel,Location,10,24,35,69,50.72,14.49,0.362
The Cranley Hotel,Room,17,34,55,106,51.89,16.04,0.358
The Cranley Hotel,Staff_Service,15,19,47,81,58.02,18.52,0.395
The Cranley Hotel,Value,3,3,5,11,45.45,27.27,0.182
The Cranley Hotel,Wellness,0,0,1,1,100.0,0.0,1.0
The Cumberland A Guoman Hotel,Cleanliness,65,64,82,211,38.86,30.81,0.081
The Cumberland A Guoman Hotel,Facilities,33,85,66,184,35.87,17.93,0.179
The Cumberland A Guoman Hotel,Food,71,141,224,436,51.38,16.28,0.351
The Cumberland A Guoman Hotel,Location,178,415,374,967,38.68,18.41,0.203
The Cumberland A Guoman Hotel,Room,239,391,288,918,31.37,26.03,0.053
The Cumberland A Guoman Hotel,Staff_Service,160,233,327,720,45.42,22.22,0.232
The Cumberland A Guoman Hotel,Value,55,82,60,197,30.46,27.92,0.025
The Cumberland A Guoman Hotel,Wellness,6,2,4,12,33.33,50.0,-0.167
The Curtain,Cleanliness,1,0,0,1,0.0,100.0,-1.0
The Curtain,Facilities,0,0,1,1,100.0,0.0,1.0
The Curtain,Food,0,1,5,6,83.33,0.0,0.833
The Curtain,Location,0,0,5,5,100.0,0.0,1.0
The Curtain,Room,2,2,10,14,71.43,14.29,0.571
The Curtain,Staff_Service,2,2,12,16,75.0,12.5,0.625
The Curtain,Value,0,0,2,2,100.0,0.0,1.0
The Curtain,Wellness,1,1,6,8,75.0,12.5,0.625
The Dorchester Dorchester Collection,Cleanliness,0,1,10,11,90.91,0.0,0.909
The Dorchester Dorchester Collection,Facilities,1,2,17,20,85.0,5.0,0.8
The Dorchester Dorchester Collection,Food,5,5,44,54,81.48,9.26,0.722
The Dorchester Dorchester Collection,Location,1,7,22,30,73.33,3.33,0.7
The Dorchester Dorchester Collection,Room,8,13,53,74,71.62,10.81,0.608
The Dorchester Dorchester Collection,Staff_Service,11,13,99,123,80.49,8.94,0.715
The Dorchester Dorchester Collection,Value,2,2,7,11,63.64,18.18,0.455
The Dorchester Dorchester Collection,Wellness,0,2,6,8,75.0,0.0,0.75
The Drayton Court Hotel,Cleanliness,1,21,48,70,68.57,1.43,0.671
The Drayton Court Hotel,Facilities,6,16,50,72,69.44,8.33,0.611
The Drayton Court Hotel,Food,2,35,115,152,75.66,1.32,0.743
The Drayton Court Hotel,Location,2,27,81,110,73.64,1.82,0.718
The Drayton Court Hotel,Room,5,59,185,249,74.3,2.01,0.723
The Drayton Court Hotel,Staff_Service,10,34,132,176,75.0,5.68,0.693
The Drayton Court Hotel,Value,2,13,35,50,70.0,4.0,0.66
The Drayton Court Hotel,Wellness,1,3,6,10,60.0,10.0,0.5
The Dylan Amsterdam,Cleanliness,0,0,3,3,100.0,0.0,1.0
The Dylan Amsterdam,Facilities,0,1,6,7,85.71,0.0,0.857
The Dylan Amsterdam,Food,3,10,24,37,64.86,8.11,0.568
The Dylan Amsterdam,Location,2,7,29,38,76.32,5.26,0.711
The Dylan Amsterdam,Room,3,10,31,44,70.45,6.82,0.636
The Dylan Amsterdam,Staff_Service,2,11,55,68,80.88,2.94,0.779
The Dylan Amsterdam,Value,0,4,3,7,42.86,0.0,0.429
The Dylan Amsterdam,Wellness,0,1,3,4,75.0,0.0,0.75
The Exhibitionist Hotel,Cleanliness,9,19,60,88,68.18,10.23,0.58
The Exhibitionist Hotel,Facilities,13,43,56,112,50.0,11.61,0.384
The Exhibitionist Hotel,Food,19,50,87,156,55.77,12.18,0.436
The Exhibitionist Hotel,Location,30,91,196,317,61.83,9.46,0.524
The Exhibitionist Hotel,Room,60,143,291,494,58.91,12.15,0.468
The Exhibitionist Hotel,Staff_Service,35,97,302,434,69.59,8.06,0.615
The Exhibitionist Hotel,Value,10,34,51,95,53.68,10.53,0.432
The Exhibitionist Hotel,Wellness,3,8,14,25,56.0,12.0,0.44
The Franklin Hotel Starhotels Collezione,Cleanliness,0,0,1,1,100.0,0.0,1.0
The Franklin Hotel Starhotels Collezione,Food,0,0,9,9,100.0,0.0,1.0
The Franklin Hotel Starhotels Collezione,Location,0,1,8,9,88.89,0.0,0.889
The Franklin Hotel Starhotels Collezione,Room,0,1,9,10,90.0,0.0,0.9
The Franklin Hotel Starhotels Collezione,Staff_Service,1,0,21,22,95.45,4.55,0.909
The Franklin Hotel Starhotels Collezione,Value,0,0,2,2,100.0,0.0,1.0
The Gates Diagonal Barcelona,Cleanliness,5,11,36,52,69.23,9.62,0.596
The Gates Diagonal Barcelona,Facilities,5,14,18,37,48.65,13.51,0.351
The Gates Diagonal Barcelona,Food,8,27,48,83,57.83,9.64,0.482
The Gates Diagonal Barcelona,Location,12,51,71,134,52.99,8.96,0.44
The Gates Diagonal Barcelona,Room,17,64,93,174,53.45,9.77,0.437
The Gates Diagonal Barcelona,Staff_Service,13,30,78,121,64.46,10.74,0.537
The Gates Diagonal Barcelona,Value,5,9,14,28,50.0,17.86,0.321
The Gates Diagonal Barcelona,Wellness,7,17,28,52,53.85,13.46,0.404
The Gore Hotel Starhotels Collezione,Cleanliness,3,12,22,37,59.46,8.11,0.514
The Gore Hotel Starhotels Collezione,Facilities,3,33,45,81,55.56,3.7,0.519
The Gore Hotel Starhotels Collezione,Food,16,36,103,155,66.45,10.32,0.561
The Gore Hotel Starhotels Collezione,Location,13,49,139,201,69.15,6.47,0.627
The Gore Hotel Starhotels Collezione,Room,19,83,199,301,66.11,6.31,0.598
The Gore Hotel Starhotels Collezione,Staff_Service,21,63,253,337,75.07,6.23,0.688
The Gore Hotel Starhotels Collezione,Value,12,16,30,58,51.72,20.69,0.31
The Gore Hotel Starhotels Collezione,Wellness,0,0,2,2,100.0,0.0,1.0
The Goring,Facilities,0,0,3,3,100.0,0.0,1.0
The Goring,Food,1,4,25,30,83.33,3.33,0.8
The Goring,Location,0,0,14,14,100.0,0.0,1.0
The Goring,Room,1,5,24,30,80.0,3.33,0.767
The Goring,Staff_Service,1,6,61,68,89.71,1.47,0.882
The Goring,Value,0,0,4,4,100.0,0.0,1.0
The Goring,Wellness,0,0,1,1,100.0,0.0,1.0
The Grand at Trafalgar Square,Cleanliness,8,29,49,86,56.98,9.3,0.477
The Grand at Trafalgar Square,Facilities,8,34,39,81,48.15,9.88,0.383
The Grand at Trafalgar Square,Food,9,38,68,115,59.13,7.83,0.513
The Grand at Trafalgar Square,Location,27,150,299,476,62.82,5.67,0.571
The Grand at Trafalgar Square,Room,32,134,216,382,56.54,8.38,0.482
The Grand at Trafalgar Square,Staff_Service,25,95,193,313,61.66,7.99,0.537
The Grand at Trafalgar Square,Value,4,37,54,95,56.84,4.21,0.526
The Grand at Trafalgar Square,Wellness,3,3,2,8,25.0,37.5,-0.125
The Grosvenor,Cleanliness,20,44,115,179,64.25,11.17,0.531
The Grosvenor,Facilities,34,46,62,142,43.66,23.94,0.197
The Grosvenor,Food,39,105,227,371,61.19,10.51,0.507
The Grosvenor,Location,69,256,461,786,58.65,8.78,0.499
The Grosvenor,Room,107,309,476,892,53.36,12.0,0.414
The Grosvenor,Staff_Service,83,192,491,766,64.1,10.84,0.533
The Grosvenor,Value,23,67,91,181,50.28,12.71,0.376
The Grosvenor,Wellness,3,5,13,21,61.9,14.29,0.476
The Guesthouse Vienna,Cleanliness,0,1,28,29,96.55,0.0,0.966
The Guesthouse Vienna,Facilities,1,3,13,17,76.47,5.88,0.706
The Guesthouse Vienna,Food,1,8,97,106,91.51,0.94,0.906
The Guesthouse Vienna,Location,3,15,144,162,88.89,1.85,0.87
The Guesthouse Vienna,Room,6,12,131,149,87.92,4.03,0.839
The Guesthouse Vienna,Staff_Service,4,10,161,175,92.0,2.29,0.897
The Guesthouse Vienna,Value,0,4,15,19,78.95,0.0,0.789
The Guesthouse Vienna,Wellness,0,0,5,5,100.0,0.0,1.0
The Hari London,Cleanliness,0,3,25,28,89.29,0.0,0.893
The Hari London,Facilities,0,2,9,11,81.82,0.0,0.818
The Hari London,Food,4,9,33,46,71.74,8.7,0.63
The Hari London,Location,4,13,73,90,81.11,4.44,0.767
The Hari London,Room,9,17,65,91,71.43,9.89,0.615
The Hari London,Staff_Service,6,16,126,148,85.14,4.05,0.811
The Hari London,Value,0,4,13,17,76.47,0.0,0.765
The Hari London,Wellness,0,0,4,4,100.0,0.0,1.0
The Harmonie Vienna,Cleanliness,0,7,61,68,89.71,0.0,0.897
The Harmonie Vienna,Facilities,2,1,29,32,90.62,6.25,0.844
The Harmonie Vienna,Food,1,11,118,130,90.77,0.77,0.9
The Harmonie Vienna,Location,0,3,58,61,95.08,0.0,0.951
The Harmonie Vienna,Room,1,14,74,89,83.15,1.12,0.82
The Harmonie Vienna,Staff_Service,1,5,120,126,95.24,0.79,0.944
The Harmonie Vienna,Value,0,0,10,10,100.0,0.0,1.0
The Harmonie Vienna,Wellness,0,1,4,5,80.0,0.0,0.8
The Henrietta Hotel,Facilities,0,0,2,2,100.0,0.0,1.0
The Henrietta Hotel,Food,0,1,5,6,83.33,0.0,0.833
The Henrietta Hotel,Location,0,2,7,9,77.78,0.0,0.778
The Henrietta Hotel,Room,0,0,10,10,100.0,0.0,1.0
The Henrietta Hotel,Staff_Service,0,1,10,11,90.91,0.0,0.909
The Henrietta Hotel,Value,1,1,3,5,60.0,20.0,0.4
The Hoxton Amsterdam,Cleanliness,1,2,28,31,90.32,3.23,0.871
The Hoxton Amsterdam,Facilities,1,1,28,30,93.33,3.33,0.9
The Hoxton Amsterdam,Food,3,15,167,185,90.27,1.62,0.886
The Hoxton Amsterdam,Location,3,8,162,173,93.64,1.73,0.919
The Hoxton Amsterdam,Room,5,19,173,197,87.82,2.54,0.853
The Hoxton Amsterdam,Staff_Service,3,15,240,258,93.02,1.16,0.919
The Hoxton Amsterdam,Value,2,3,32,37,86.49,5.41,0.811
The Hoxton Amsterdam,Wellness,0,0,10,10,100.0,0.0,1.0
The Hoxton Holborn,Cleanliness,0,12,67,79,84.81,0.0,0.848
The Hoxton Holborn,Facilities,2,12,44,58,75.86,3.45,0.724
The Hoxton Holborn,Food,10,33,259,302,85.76,3.31,0.825
The Hoxton Holborn,Location,5,59,287,351,81.77,1.42,0.803
The Hoxton Holborn,Room,15,71,293,379,77.31,3.96,0.734
The Hoxton Holborn,Staff_Service,6,40,303,349,86.82,1.72,0.851
The Hoxton Holborn,Value,5,14,39,58,67.24,8.62,0.586
The Hoxton Holborn,Wellness,1,2,5,8,62.5,12.5,0.5
The Hoxton Shoreditch,Cleanliness,0,12,33,45,73.33,0.0,0.733
The Hoxton Shoreditch,Facilities,4,10,35,49,71.43,8.16,0.633
The Hoxton Shoreditch,Food,13,33,204,250,81.6,5.2,0.764
The Hoxton Shoreditch,Location,11,37,161,209,77.03,5.26,0.718
The Hoxton Shoreditch,Room,21,67,234,322,72.67,6.52,0.661
The Hoxton Shoreditch,Staff_Service,16,40,213,269,79.18,5.95,0.732
The Hoxton Shoreditch,Value,2,14,35,51,68.63,3.92,0.647
The Hoxton Shoreditch,Wellness,1,0,11,12,91.67,8.33,0.833
The Hub Hotel,Cleanliness,1,6,10,17,58.82,5.88,0.529
The Hub Hotel,Facilities,5,5,5,15,33.33,33.33,0.0
The Hub Hotel,Food,9,9,19,37,51.35,24.32,0.27
The Hub Hotel,Location,6,10,19,35,54.29,17.14,0.371
The Hub Hotel,Room,11,12,15,38,39.47,28.95,0.105
The Hub Hotel,Staff_Service,8,11,20,39,51.28,20.51,0.308
The Hub Hotel,Value,2,4,2,8,25.0,25.0,0.0
The Hub Hotel,Wellness,6,7,6,19,31.58,31.58,0.0
The Justin James Hotel,Cleanliness,2,22,44,68,64.71,2.94,0.618
The Justin James Hotel,Facilities,2,20,29,51,56.86,3.92,0.529
The Justin James Hotel,Food,3,25,47,75,62.67,4.0,0.587
The Justin James Hotel,Location,8,42,74,124,59.68,6.45,0.532
The Justin James Hotel,Room,13,58,78,149,52.35,8.72,0.436
The Justin James Hotel,Staff_Service,8,14,72,94,76.6,8.51,0.681
The Justin James Hotel,Value,2,6,16,24,66.67,8.33,0.583
The Justin James Hotel,Wellness,0,0,3,3,100.0,0.0,1.0
The Kensington Hotel,Cleanliness,0,5,18,23,78.26,0.0,0.783
The Kensington Hotel,Facilities,4,7,10,21,47.62,19.05,0.286
The Kensington Hotel,Food,1,19,58,78,74.36,1.28,0.731
The Kensington Hotel,Location,7,42,74,123,60.16,5.69,0.545
The Kensington Hotel,Room,13,65,101,179,56.42,7.26,0.492
The Kensington Hotel,Staff_Service,8,46,144,198,72.73,4.04,0.687
The Kensington Hotel,Value,2,8,14,24,58.33,8.33,0.5
The Kensington Hotel,Wellness,0,1,1,2,50.0,0.0,0.5
The Kings Head Hotel,Cleanliness,3,5,15,23,65.22,13.04,0.522
The Kings Head Hotel,Facilities,1,3,11,15,73.33,6.67,0.667
The Kings Head Hotel,Food,1,3,29,33,87.88,3.03,0.848
The Kings Head Hotel,Location,0,2,19,21,90.48,0.0,0.905
The Kings Head Hotel,Room,3,5,42,50,84.0,6.0,0.78
The Kings Head Hotel,Staff_Service,2,4,33,39,84.62,5.13,0.795
The Kings Head Hotel,Value,0,2,11,13,84.62,0.0,0.846
The LaLit London,Cleanliness,1,1,8,10,80.0,10.0,0.7
The LaLit London,Facilities,0,0,9,9,100.0,0.0,1.0
The LaLit London,Food,1,3,14,18,77.78,5.56,0.722
The LaLit London,Location,1,1,15,17,88.24,5.88,0.824
The LaLit London,Room,1,3,25,29,86.21,3.45,0.828
The LaLit London,Staff_Service,1,4,38,43,88.37,2.33,0.86
The LaLit London,Value,0,0,2,2,100.0,0.0,1.0
The LaLit London,Wellness,0,0,2,2,100.0,0.0,1.0
The Lanesborough,Facilities,0,1,3,4,75.0,0.0,0.75
The Lanesborough,Food,0,1,6,7,85.71,0.0,0.857
The Lanesborough,Location,0,1,3,4,75.0,0.0,0.75
The Lanesborough,Room,0,1,8,9,88.89,0.0,0.889
The Lanesborough,Staff_Service,0,1,18,19,94.74,0.0,0.947
The Lanesborough,Value,0,0,1,1,100.0,0.0,1.0
The Lanesborough,Wellness,0,1,3,4,75.0,0.0,0.75
The Langham London,Cleanliness,1,4,20,25,80.0,4.0,0.76
The Langham London,Facilities,5,3,42,50,84.0,10.0,0.74
The Langham London,Food,9,15,120,144,83.33,6.25,0.771
The Langham London,Location,7,27,119,153,77.78,4.58,0.732
The Langham London,Room,18,23,165,206,80.1,8.74,0.714
The Langham London,Staff_Service,16,22,302,340,88.82,4.71,0.841
The Langham London,Value,6,12,25,43,58.14,13.95,0.442
The Langham London,Wellness,1,3,51,55,92.73,1.82,0.909
The Laslett,Cleanliness,3,6,19,28,67.86,10.71,0.571
The Laslett,Facilities,3,8,17,28,60.71,10.71,0.5
The Laslett,Food,5,19,41,65,63.08,7.69,0.554
The Laslett,Location,3,24,80,107,74.77,2.8,0.72
The Laslett,Room,14,35,96,145,66.21,9.66,0.566
The Laslett,Staff_Service,9,28,116,153,75.82,5.88,0.699
The Laslett,Value,6,15,9,30,30.0,20.0,0.1
The Laslett,Wellness,0,1,5,6,83.33,0.0,0.833
The Leonard Hotel,Cleanliness,9,15,29,53,54.72,16.98,0.377
The Leonard Hotel,Facilities,8,20,20,48,41.67,16.67,0.25
The Leonard Hotel,Food,7,20,44,71,61.97,9.86,0.521
The Leonard Hotel,Location,23,92,137,252,54.37,9.13,0.452
The Leonard Hotel,Room,28,84,125,237,52.74,11.81,0.409
The Leonard Hotel,Staff_Service,18,70,158,246,64.23,7.32,0.569
The Leonard Hotel,Value,6,16,29,51,56.86,11.76,0.451
The Leonard Hotel,Wellness,0,0,2,2,100.0,0.0,1.0
The Levante Parliament A Design Hotel,Cleanliness,2,17,36,55,65.45,3.64,0.618
The Levante Parliament A Design Hotel,Facilities,7,27,35,69,50.72,10.14,0.406
The Levante Parliament A Design Hotel,Food,9,27,88,124,70.97,7.26,0.637
The Levante Parliament A Design Hotel,Location,14,51,103,168,61.31,8.33,0.53
The Levante Parliament A Design Hotel,Room,19,63,94,176,53.41,10.8,0.426
The Levante Parliament A Design Hotel,Staff_Service,10,32,125,167,74.85,5.99,0.689
The Levante Parliament A Design Hotel,Value,7,21,23,51,45.1,13.73,0.314
The Levante Parliament A Design Hotel,Wellness,2,9,13,24,54.17,8.33,0.458
The Level at Melia Barcelona Sky,Cleanliness,0,1,0,1,0.0,0.0,0.0
The Level at Melia Barcelona Sky,Facilities,1,0,1,2,50.0,50.0,0.0
The Level at Melia Barcelona Sky,Food,1,8,4,13,30.77,7.69,0.231
The Level at Melia Barcelona Sky,Location,0,4,1,5,20.0,0.0,0.2
The Level at Melia Barcelona Sky,Room,1,3,4,8,50.0,12.5,0.375
The Level at Melia Barcelona Sky,Staff_Service,1,6,9,16,56.25,6.25,0.5
The Level at Melia Barcelona Sky,Value,1,4,1,6,16.67,16.67,0.0
The Level at Melia Barcelona Sky,Wellness,0,1,3,4,75.0,0.0,0.75
The Levin Hotel,Cleanliness,0,1,10,11,90.91,0.0,0.909
The Levin Hotel,Facilities,0,2,6,8,75.0,0.0,0.75
The Levin Hotel,Food,1,3,7,11,63.64,9.09,0.545
The Levin Hotel,Location,0,10,20,30,66.67,0.0,0.667
The Levin Hotel,Room,2,6,20,28,71.43,7.14,0.643
The Levin Hotel,Staff_Service,1,8,27,36,75.0,2.78,0.722
The Levin Hotel,Value,0,2,3,5,60.0,0.0,0.6
The Lodge Hotel Putney,Cleanliness,5,13,41,59,69.49,8.47,0.61
The Lodge Hotel Putney,Facilities,7,28,49,84,58.33,8.33,0.5
The Lodge Hotel Putney,Food,13,26,57,96,59.38,13.54,0.458
The Lodge Hotel Putney,Location,9,27,55,91,60.44,9.89,0.505
The Lodge Hotel Putney,Room,20,66,99,185,53.51,10.81,0.427
The Lodge Hotel Putney,Staff_Service,17,34,93,144,64.58,11.81,0.528
The Lodge Hotel Putney,Value,2,8,11,21,52.38,9.52,0.429
The Lodge Hotel Putney,Wellness,0,1,2,3,66.67,0.0,0.667
The London EDITION,Cleanliness,0,2,5,7,71.43,0.0,0.714
The London EDITION,Facilities,0,6,6,12,50.0,0.0,0.5
The London EDITION,Food,1,10,31,42,73.81,2.38,0.714
The London EDITION,Location,0,12,29,41,70.73,0.0,0.707
The London EDITION,Room,2,15,49,66,74.24,3.03,0.712
The London EDITION,Staff_Service,2,15,61,78,78.21,2.56,0.756
The London EDITION,Value,0,12,4,16,25.0,0.0,0.25
The London EDITION,Wellness,0,1,7,8,87.5,0.0,0.875
The Mandeville Hotel,Cleanliness,8,31,78,117,66.67,6.84,0.598
The Mandeville Hotel,Facilities,3,31,45,79,56.96,3.8,0.532
The Mandeville Hotel,Food,10,51,82,143,57.34,6.99,0.503
The Mandeville Hotel,Location,34,155,296,485,61.03,7.01,0.54
The Mandeville Hotel,Room,50,159,215,424,50.71,11.79,0.389
The Mandeville Hotel,Staff_Service,29,113,302,444,68.02,6.53,0.615
The Mandeville Hotel,Value,14,47,46,107,42.99,13.08,0.299
The Mandeville Hotel,Wellness,1,2,4,7,57.14,14.29,0.429
The Marble Arch London,Cleanliness,11,31,24,66,36.36,16.67,0.197
The Marble Arch London,Facilities,12,22,16,50,32.0,24.0,0.08
The Marble Arch London,Food,12,27,38,77,49.35,15.58,0.338
The Marble Arch London,Location,39,115,105,259,40.54,15.06,0.255
The Marble Arch London,Room,71,113,125,309,40.45,22.98,0.175
The Marble Arch London,Staff_Service,40,78,190,308,61.69,12.99,0.487
The Marble Arch London,Value,13,19,24,56,42.86,23.21,0.196
The Marble Arch London,Wellness,0,2,5,7,71.43,0.0,0.714
The Marylebone Hotel,Cleanliness,6,19,57,82,69.51,7.32,0.622
The Marylebone Hotel,Facilities,3,16,45,64,70.31,4.69,0.656
The Marylebone Hotel,Food,11,24,128,163,78.53,6.75,0.718
The Marylebone Hotel,Location,15,70,210,295,71.19,5.08,0.661
The Marylebone Hotel,Room,30,102,212,344,61.63,8.72,0.529
The Marylebone Hotel,Staff_Service,21,73,308,402,76.62,5.22,0.714
The Marylebone Hotel,Value,6,19,30,55,54.55,10.91,0.436
The Marylebone Hotel,Wellness,6,25,82,113,72.57,5.31,0.673
The May Fair Hotel,Cleanliness,8,18,34,60,56.67,13.33,0.433
The May Fair Hotel,Facilities,4,16,25,45,55.56,8.89,0.467
The May Fair Hotel,Food,26,78,150,254,59.06,10.24,0.488
The May Fair Hotel,Location,34,120,167,321,52.02,10.59,0.414
The May Fair Hotel,Room,68,158,228,454,50.22,14.98,0.352
The May Fair Hotel,Staff_Service,41,94,256,391,65.47,10.49,0.55
The May Fair Hotel,Value,17,34,47,98,47.96,17.35,0.306
The May Fair Hotel,Wellness,5,8,20,33,60.61,15.15,0.455
The Mirror Barcelona,Cleanliness,0,7,29,36,80.56,0.0,0.806
The Mirror Barcelona,Facilities,1,5,13,19,68.42,5.26,0.632
The Mirror Barcelona,Food,0,9,33,42,78.57,0.0,0.786
The Mirror Barcelona,Location,0,17,52,69,75.36,0.0,0.754
The Mirror Barcelona,Room,1,17,67,85,78.82,1.18,0.776
The Mirror Barcelona,Staff_Service,2,12,72,86,83.72,2.33,0.814
The Mirror Barcelona,Value,1,4,13,18,72.22,5.56,0.667
The Mirror Barcelona,Wellness,0,4,18,22,81.82,0.0,0.818
The Montague On The Gardens,Cleanliness,1,5,26,32,81.25,3.12,0.781
The Montague On The Gardens,Facilities,3,3,18,24,75.0,12.5,0.625
The Montague On The Gardens,Food,1,13,102,116,87.93,0.86,0.871
The Montague On The Gardens,Location,2,16,104,122,85.25,1.64,0.836
The Montague On The Gardens,Room,4,35,173,212,81.6,1.89,0.797
The Montague On The Gardens,Staff_Service,4,22,289,315,91.75,1.27,0.905
The Montague On The Gardens,Value,1,8,21,30,70.0,3.33,0.667
The Montague On The Gardens,Wellness,0,0,3,3,100.0,0.0,1.0
The Montcalm At Brewery London City,Cleanliness,7,30,76,113,67.26,6.19,0.611
The Montcalm At Brewery London City,Facilities,12,27,94,133,70.68,9.02,0.617
The Montcalm At Brewery London City,Food,21,75,214,310,69.03,6.77,0.623
The Montcalm At Brewery London City,Location,22,121,245,388,63.14,5.67,0.575
The Montcalm At Brewery London City,Room,61,204,525,790,66.46,7.72,0.587
The Montcalm At Brewery London City,Staff_Service,46,151,629,826,76.15,5.57,0.706
The Montcalm At Brewery London City,Value,13,40,94,147,63.95,8.84,0.551
The Montcalm At Brewery London City,Wellness,4,6,18,28,64.29,14.29,0.5
The Montcalm Marble Arch,Cleanliness,9,34,79,122,64.75,7.38,0.574
The Montcalm Marble Arch,Facilities,5,24,71,100,71.0,5.0,0.66
The Montcalm Marble Arch,Food,15,52,147,214,68.69,7.01,0.617
The Montcalm Marble Arch,Location,22,114,283,419,67.54,5.25,0.623
The Montcalm Marble Arch,Room,51,137,308,496,62.1,10.28,0.518
The Montcalm Marble Arch,Staff_Service,33,111,530,674,78.64,4.9,0.737
The Montcalm Marble Arch,Value,8,32,47,87,54.02,9.2,0.448
The Montcalm Marble Arch,Wellness,5,14,42,61,68.85,8.2,0.607
The Nadler Kensington,Cleanliness,3,24,90,117,76.92,2.56,0.744
The Nadler Kensington,Facilities,1,17,59,77,76.62,1.3,0.753
The Nadler Kensington,Food,0,12,42,54,77.78,0.0,0.778
The Nadler Kensington,Location,7,43,195,245,79.59,2.86,0.767
The Nadler Kensington,Room,10,66,219,295,74.24,3.39,0.708
The Nadler Kensington,Staff_Service,11,39,248,298,83.22,3.69,0.795
The Nadler Kensington,Value,3,18,29,50,58.0,6.0,0.52
The Nadler Kensington,Wellness,0,0,3,3,100.0,0.0,1.0
The Nadler Soho,Cleanliness,0,10,75,85,88.24,0.0,0.882
The Nadler Soho,Facilities,4,11,45,60,75.0,6.67,0.683
The Nadler Soho,Food,5,9,56,70,80.0,7.14,0.729
The Nadler Soho,Location,12,42,225,279,80.65,4.3,0.763
The Nadler Soho,Room,9,54,214,277,77.26,3.25,0.74
The Nadler Soho,Staff_Service,6,27,254,287,88.5,2.09,0.864
The Nadler Soho,Value,4,11,32,47,68.09,8.51,0.596
The Nadler Soho,Wellness,0,1,7,8,87.5,0.0,0.875
The Nadler Victoria,Cleanliness,1,14,100,115,86.96,0.87,0.861
The Nadler Victoria,Facilities,1,12,70,83,84.34,1.2,0.831
The Nadler Victoria,Food,2,10,87,99,87.88,2.02,0.859
The Nadler Victoria,Location,3,38,256,297,86.2,1.01,0.852
The Nadler Victoria,Room,9,50,273,332,82.23,2.71,0.795
The Nadler Victoria,Staff_Service,4,31,338,373,90.62,1.07,0.895
The Nadler Victoria,Value,2,13,39,54,72.22,3.7,0.685
The Nadler Victoria,Wellness,0,0,7,7,100.0,0.0,1.0
The Ned,Cleanliness,1,2,8,11,72.73,9.09,0.636
The Ned,Facilities,1,10,25,36,69.44,2.78,0.667
The Ned,Food,2,8,55,65,84.62,3.08,0.815
The Ned,Location,2,8,36,46,78.26,4.35,0.739
The Ned,Room,9,25,94,128,73.44,7.03,0.664
The Ned,Staff_Service,5,19,94,118,79.66,4.24,0.754
The Ned,Value,1,7,12,20,60.0,5.0,0.55
The Ned,Wellness,1,7,43,51,84.31,1.96,0.824
The One Barcelona GL,Cleanliness,0,2,10,12,83.33,0.0,0.833
The One Barcelona GL,Facilities,0,1,9,10,90.0,0.0,0.9
The One Barcelona GL,Food,1,6,28,35,80.0,2.86,0.771
The One Barcelona GL,Location,1,6,19,26,73.08,3.85,0.692
The One Barcelona GL,Room,1,8,29,38,76.32,2.63,0.737
The One Barcelona GL,Staff_Service,0,10,50,60,83.33,0.0,0.833
The One Barcelona GL,Value,0,4,6,10,60.0,0.0,0.6
The One Barcelona GL,Wellness,0,3,14,17,82.35,0.0,0.824
The Park City Grand Plaza Kensington Hotel,Cleanliness,5,13,48,66,72.73,7.58,0.652
The Park City Grand Plaza Kensington Hotel,Facilities,4,6,22,32,68.75,12.5,0.562
The Park City Grand Plaza Kensington Hotel,Food,5,15,43,63,68.25,7.94,0.603
The Park City Grand Plaza Kensington Hotel,Location,9,22,66,97,68.04,9.28,0.588
The Park City Grand Plaza Kensington Hotel,Room,15,33,94,142,66.2,10.56,0.556
The Park City Grand Plaza Kensington Hotel,Staff_Service,12,21,87,120,72.5,10.0,0.625
The Park City Grand Plaza Kensington Hotel,Value,4,7,17,28,60.71,14.29,0.464
The Park City Grand Plaza Kensington Hotel,Wellness,0,1,2,3,66.67,0.0,0.667
The Park Grand London Paddington,Cleanliness,46,106,148,300,49.33,15.33,0.34
The Park Grand London Paddington,Facilities,23,57,76,156,48.72,14.74,0.34
The Park Grand London Paddington,Food,52,126,232,410,56.59,12.68,0.439
The Park Grand London Paddington,Location,101,261,338,700,48.29,14.43,0.339
The Park Grand London Paddington,Room,219,439,514,1172,43.86,18.69,0.252
The Park Grand London Paddington,Staff_Service,105,236,520,861,60.39,12.2,0.482
The Park Grand London Paddington,Value,44,75,83,202,41.09,21.78,0.193
The Park Grand London Paddington,Wellness,1,7,8,16,50.0,6.25,0.438
The Park Tower Knightsbridge a Luxury Collection Hotel,Cleanliness,4,11,13,28,46.43,14.29,0.321
The Park Tower Knightsbridge a Luxury Collection Hotel,Facilities,7,16,26,49,53.06,14.29,0.388
The Park Tower Knightsbridge a Luxury Collection Hotel,Food,8,10,23,41,56.1,19.51,0.366
The Park Tower Knightsbridge a Luxury Collection Hotel,Location,18,44,65,127,51.18,14.17,0.37
The Park Tower Knightsbridge a Luxury Collection Hotel,Room,23,34,45,102,44.12,22.55,0.216
The Park Tower Knightsbridge a Luxury Collection Hotel,Staff_Service,23,22,51,96,53.12,23.96,0.292
The Park Tower Knightsbridge a Luxury Collection Hotel,Value,7,16,18,41,43.9,17.07,0.268
The Park Tower Knightsbridge a Luxury Collection Hotel,Wellness,0,1,1,2,50.0,0.0,0.5
The Pelham Starhotels Collezione,Cleanliness,4,7,12,23,52.17,17.39,0.348
The Pelham Starhotels Collezione,Facilities,3,13,18,34,52.94,8.82,0.441
The Pelham Starhotels Collezione,Food,6,15,47,68,69.12,8.82,0.603
The Pelham Starhotels Collezione,Location,13,34,87,134,64.93,9.7,0.552
The Pelham Starhotels Collezione,Room,22,40,97,159,61.01,13.84,0.472
The Pelham Starhotels Collezione,Staff_Service,14,28,104,146,71.23,9.59,0.616
The Pelham Starhotels Collezione,Value,4,9,17,30,56.67,13.33,0.433
The Pelham Starhotels Collezione,Wellness,0,1,1,2,50.0,0.0,0.5
The Piccadilly London West End,Cleanliness,5,22,129,156,82.69,3.21,0.795
The Piccadilly London West End,Facilities,4,18,79,101,78.22,3.96,0.743
The Piccadilly London West End,Food,9,33,127,169,75.15,5.33,0.698
The Piccadilly London West End,Location,14,104,414,532,77.82,2.63,0.752
The Piccadilly London West End,Room,35,125,507,667,76.01,5.25,0.708
The Piccadilly London West End,Staff_Service,18,71,564,653,86.37,2.76,0.836
The Piccadilly London West End,Value,6,23,59,88,67.05,6.82,0.602
The Piccadilly London West End,Wellness,1,7,28,36,77.78,2.78,0.75
The Pillar Hotel,Cleanliness,2,5,17,24,70.83,8.33,0.625
The Pillar Hotel,Facilities,1,3,12,16,75.0,6.25,0.688
The Pillar Hotel,Food,5,11,18,34,52.94,14.71,0.382
The Pillar Hotel,Location,1,5,14,20,70.0,5.0,0.65
The Pillar Hotel,Room,6,17,25,48,52.08,12.5,0.396
The Pillar Hotel,Staff_Service,3,10,29,42,69.05,7.14,0.619
The Pillar Hotel,Value,3,2,5,10,50.0,30.0,0.2
The Pillar Hotel,Wellness,0,1,1,2,50.0,0.0,0.5
The Portobello Hotel,Cleanliness,0,0,3,3,100.0,0.0,1.0
The Portobello Hotel,Facilities,1,4,3,8,37.5,12.5,0.25
The Portobello Hotel,Food,1,8,24,33,72.73,3.03,0.697
The Portobello Hotel,Location,0,13,19,32,59.38,0.0,0.594
The Portobello Hotel,Room,2,17,41,60,68.33,3.33,0.65
The Portobello Hotel,Staff_Service,2,13,44,59,74.58,3.39,0.712
The Portobello Hotel,Value,0,3,1,4,25.0,0.0,0.25
The Premier Notting Hill,Cleanliness,27,57,117,201,58.21,13.43,0.448
The Premier Notting Hill,Facilities,38,50,55,143,38.46,26.57,0.119
The Premier Notting Hill,Food,36,53,78,167,46.71,21.56,0.251
The Premier Notting Hill,Location,69,195,179,443,40.41,15.58,0.248
The Premier Notting Hill,Room,157,272,247,676,36.54,23.22,0.133
The Premier Notting Hill,Staff_Service,90,156,297,543,54.7,16.57,0.381
The Premier Notting Hill,Value,28,34,48,110,43.64,25.45,0.182
The Premier Notting Hill,Wellness,1,4,2,7,28.57,14.29,0.143
The Principal London,Cleanliness,22,63,72,157,45.86,14.01,0.318
The Principal London,Facilities,31,51,53,135,39.26,22.96,0.163
The Principal London,Food,42,90,180,312,57.69,13.46,0.442
The Principal London,Location,61,265,367,693,52.96,8.8,0.442
The Principal London,Room,126,333,400,859,46.57,14.67,0.319
The Principal London,Staff_Service,58,189,422,669,63.08,8.67,0.544
The Principal London,Value,25,71,85,181,46.96,13.81,0.331
The Principal London,Wellness,0,0,8,8,100.0,0.0,1.0
The Queens Gate Hotel,Cleanliness,16,56,110,182,60.44,8.79,0.516
The Queens Gate Hotel,Facilities,9,44,59,112,52.68,8.04,0.446
The Queens Gate Hotel,Food,18,126,184,328,56.1,5.49,0.506
The Queens Gate Hotel,Location,37,208,317,562,56.41,6.58,0.498
The Queens Gate Hotel,Room,71,252,357,680,52.5,10.44,0.421
The Queens Gate Hotel,Staff_Service,34,141,337,512,65.82,6.64,0.592
The Queens Gate Hotel,Value,13,55,56,124,45.16,10.48,0.347
The Queens Gate Hotel,Wellness,1,3,5,9,55.56,11.11,0.444
The RE London Shoreditch,Cleanliness,25,73,110,208,52.88,12.02,0.409
The RE London Shoreditch,Facilities,21,37,85,143,59.44,14.69,0.448
The RE London Shoreditch,Food,29,65,92,186,49.46,15.59,0.339
The RE London Shoreditch,Location,27,115,146,288,50.69,9.38,0.413
The RE London Shoreditch,Room,89,161,202,452,44.69,19.69,0.25
The RE London Shoreditch,Staff_Service,74,102,200,376,53.19,19.68,0.335
The RE London Shoreditch,Value,18,51,75,144,52.08,12.5,0.396
The RE London Shoreditch,Wellness,2,4,11,17,64.71,11.76,0.529
The Rembrandt,Cleanliness,8,22,65,95,68.42,8.42,0.6
The Rembrandt,Facilities,2,25,44,71,61.97,2.82,0.592
The Rembrandt,Food,18,78,225,321,70.09,5.61,0.645
The Rembrandt,Location,21,97,215,333,64.56,6.31,0.583
The Rembrandt,Room,34,108,226,368,61.41,9.24,0.522
The Rembrandt,Staff_Service,23,70,231,324,71.3,7.1,0.642
The Rembrandt,Value,5,19,38,62,61.29,8.06,0.532
The Rembrandt,Wellness,2,18,32,52,61.54,3.85,0.577
The Ring Vienna s Casual Luxury Hotel,Cleanliness,0,1,17,18,94.44,0.0,0.944
The Ring Vienna s Casual Luxury Hotel,Facilities,2,3,19,24,79.17,8.33,0.708
The Ring Vienna s Casual Luxury Hotel,Food,3,9,59,71,83.1,4.23,0.789
The Ring Vienna s Casual Luxury Hotel,Location,7,20,91,118,77.12,5.93,0.712
The Ring Vienna s Casual Luxury Hotel,Room,4,18,89,111,80.18,3.6,0.766
The Ring Vienna s Casual Luxury Hotel,Staff_Service,5,12,96,113,84.96,4.42,0.805
The Ring Vienna s Casual Luxury Hotel,Value,3,10,14,27,51.85,11.11,0.407
The Ring Vienna s Casual Luxury Hotel,Wellness,3,1,5,9,55.56,33.33,0.222
The Ritz Carlton Vienna,Cleanliness,2,0,7,9,77.78,22.22,0.556
The Ritz Carlton Vienna,Facilities,0,2,12,14,85.71,0.0,0.857
The Ritz Carlton Vienna,Food,3,3,35,41,85.37,7.32,0.78
The Ritz Carlton Vienna,Location,3,6,24,33,72.73,9.09,0.636
The Ritz Carlton Vienna,Room,5,5,31,41,75.61,12.2,0.634
The Ritz Carlton Vienna,Staff_Service,4,4,58,66,87.88,6.06,0.818
The Ritz Carlton Vienna,Value,1,4,15,20,75.0,5.0,0.7
The Ritz Carlton Vienna,Wellness,0,1,17,18,94.44,0.0,0.944
The Ritz London,Cleanliness,2,4,10,16,62.5,12.5,0.5
The Ritz London,Facilities,2,11,20,33,60.61,6.06,0.545
The Ritz London,Food,4,14,91,109,83.49,3.67,0.798
The Ritz London,Location,4,12,31,47,65.96,8.51,0.574
The Ritz London,Room,7,30,104,141,73.76,4.96,0.688
The Ritz London,Staff_Service,8,25,200,233,85.84,3.43,0.824
The Ritz London,Value,2,5,15,22,68.18,9.09,0.591
The Ritz London,Wellness,0,2,4,6,66.67,0.0,0.667
The Rockwell,Cleanliness,5,35,80,120,66.67,4.17,0.625
The Rockwell,Facilities,7,16,42,65,64.62,10.77,0.538
The Rockwell,Food,12,40,130,182,71.43,6.59,0.648
The Rockwell,Location,9,64,157,230,68.26,3.91,0.643
The Rockwell,Room,25,112,246,383,64.23,6.53,0.577
The Rockwell,Staff_Service,13,64,242,319,75.86,4.08,0.718
The Rockwell,Value,6,13,53,72,73.61,8.33,0.653
The Rockwell,Wellness,0,3,1,4,25.0,0.0,0.25
The Rookery,Cleanliness,0,1,10,11,90.91,0.0,0.909
The Rookery,Facilities,0,4,20,24,83.33,0.0,0.833
The Rookery,Food,1,5,45,51,88.24,1.96,0.863
The Rookery,Location,0,14,66,80,82.5,0.0,0.825
The Rookery,Room,3,24,116,143,81.12,2.1,0.79
The Rookery,Staff_Service,3,15,117,135,86.67,2.22,0.844
The Rookery,Value,0,2,15,17,88.24,0.0,0.882
The Rookery,Wellness,0,0,3,3,100.0,0.0,1.0
The Royal Horseguards,Cleanliness,4,21,64,89,71.91,4.49,0.674
The Royal Horseguards,Facilities,4,21,44,69,63.77,5.8,0.58
The Royal Horseguards,Food,14,78,170,262,64.89,5.34,0.595
The Royal Horseguards,Location,23,112,320,455,70.33,5.05,0.653
The Royal Horseguards,Room,38,146,336,520,64.62,7.31,0.573
The Royal Horseguards,Staff_Service,29,110,438,577,75.91,5.03,0.709
The Royal Horseguards,Value,10,42,54,106,50.94,9.43,0.415
The Royal Horseguards,Wellness,1,2,9,12,75.0,8.33,0.667
The Royal Park Hotel,Cleanliness,1,4,16,21,76.19,4.76,0.714
The Royal Park Hotel,Facilities,1,6,19,26,73.08,3.85,0.692
The Royal Park Hotel,Food,2,8,30,40,75.0,5.0,0.7
The Royal Park Hotel,Location,2,13,48,63,76.19,3.17,0.73
The Royal Park Hotel,Room,6,17,67,90,74.44,6.67,0.678
The Royal Park Hotel,Staff_Service,6,19,71,96,73.96,6.25,0.677
The Royal Park Hotel,Value,2,1,16,19,84.21,10.53,0.737
The Savoy,Cleanliness,1,4,13,18,72.22,5.56,0.667
The Savoy,Facilities,1,11,49,61,80.33,1.64,0.787
The Savoy,Food,7,18,113,138,81.88,5.07,0.768
The Savoy,Location,1,17,64,82,78.05,1.22,0.768
The Savoy,Room,11,41,171,223,76.68,4.93,0.717
The Savoy,Staff_Service,15,26,305,346,88.15,4.34,0.838
The Savoy,Value,5,10,46,61,75.41,8.2,0.672
The Savoy,Wellness,0,7,14,21,66.67,0.0,0.667
The Soho Hotel,Cleanliness,0,1,9,10,90.0,0.0,0.9
The Soho Hotel,Facilities,0,0,9,9,100.0,0.0,1.0
The Soho Hotel,Food,1,3,39,43,90.7,2.33,0.884
The Soho Hotel,Location,1,1,39,41,95.12,2.44,0.927
The Soho Hotel,Room,3,5,60,68,88.24,4.41,0.838
The Soho Hotel,Staff_Service,2,1,89,92,96.74,2.17,0.946
The Soho Hotel,Value,0,0,14,14,100.0,0.0,1.0
The Soho Hotel,Wellness,1,0,3,4,75.0,25.0,0.5
The Square Milano Duomo,Cleanliness,3,26,153,182,84.07,1.65,0.824
The Square Milano Duomo,Facilities,3,20,86,109,78.9,2.75,0.761
The Square Milano Duomo,Food,12,57,350,419,83.53,2.86,0.807
The Square Milano Duomo,Location,15,73,377,465,81.08,3.23,0.778
The Square Milano Duomo,Room,13,74,315,402,78.36,3.23,0.751
The Square Milano Duomo,Staff_Service,16,53,336,405,82.96,3.95,0.79
The Square Milano Duomo,Value,3,10,43,56,76.79,5.36,0.714
The Square Milano Duomo,Wellness,0,4,9,13,69.23,0.0,0.692
The Stafford London,Cleanliness,0,1,6,7,85.71,0.0,0.857
The Stafford London,Facilities,1,2,4,7,57.14,14.29,0.429
The Stafford London,Food,1,14,55,70,78.57,1.43,0.771
The Stafford London,Location,1,12,58,71,81.69,1.41,0.803
The Stafford London,Room,5,26,72,103,69.9,4.85,0.65
The Stafford London,Staff_Service,3,22,101,126,80.16,2.38,0.778
The Stafford London,Value,1,6,9,16,56.25,6.25,0.5
The Stafford London,Wellness,0,1,2,3,66.67,0.0,0.667
The Student Hotel Amsterdam City,Cleanliness,14,53,250,317,78.86,4.42,0.744
The Student Hotel Amsterdam City,Facilities,22,54,163,239,68.2,9.21,0.59
The Student Hotel Amsterdam City,Food,19,73,283,375,75.47,5.07,0.704
The Student Hotel Amsterdam City,Location,24,110,428,562,76.16,4.27,0.719
The Student Hotel Amsterdam City,Room,59,164,577,800,72.12,7.38,0.648
The Student Hotel Amsterdam City,Staff_Service,42,115,595,752,79.12,5.59,0.735
The Student Hotel Amsterdam City,Value,12,57,122,191,63.87,6.28,0.576
The Student Hotel Amsterdam City,Wellness,3,20,89,112,79.46,2.68,0.768
The Sumner Hotel,Cleanliness,1,14,51,66,77.27,1.52,0.758
The Sumner Hotel,Facilities,2,11,30,43,69.77,4.65,0.651
The Sumner Hotel,Food,10,33,94,137,68.61,7.3,0.613
The Sumner Hotel,Location,8,40,89,137,64.96,5.84,0.591
The Sumner Hotel,Room,16,46,94,156,60.26,10.26,0.5
The Sumner Hotel,Staff_Service,5,21,107,133,80.45,3.76,0.767
The Sumner Hotel,Value,5,6,13,24,54.17,20.83,0.333
The Sumner Hotel,Wellness,0,0,2,2,100.0,0.0,1.0
The Tophams Hotel,Cleanliness,21,12,6,39,15.38,53.85,-0.385
The Tophams Hotel,Facilities,16,17,9,42,21.43,38.1,-0.167
The Tophams Hotel,Food,10,10,6,26,23.08,38.46,-0.154
The Tophams Hotel,Location,26,47,38,111,34.23,23.42,0.108
The Tophams Hotel,Room,51,49,30,130,23.08,39.23,-0.162
The Tophams Hotel,Staff_Service,23,27,31,81,38.27,28.4,0.099
The Tophams Hotel,Value,8,6,2,16,12.5,50.0,-0.375
The Tophams Hotel,Wellness,1,0,0,1,0.0,100.0,-1.0
The Toren,Cleanliness,0,0,15,15,100.0,0.0,1.0
The Toren,Facilities,5,0,21,26,80.77,19.23,0.615
The Toren,Food,3,6,77,86,89.53,3.49,0.86
The Toren,Location,1,12,124,137,90.51,0.73,0.898
The Toren,Room,7,11,143,161,88.82,4.35,0.845
The Toren,Staff_Service,3,13,266,282,94.33,1.06,0.933
The Toren,Value,2,2,18,22,81.82,9.09,0.727
The Toren,Wellness,0,1,11,12,91.67,0.0,0.917
The Tower A Guoman Hotel,Cleanliness,12,45,129,186,69.35,6.45,0.629
The Tower A Guoman Hotel,Facilities,21,58,106,185,57.3,11.35,0.459
The Tower A Guoman Hotel,Food,40,122,317,479,66.18,8.35,0.578
The Tower A Guoman Hotel,Location,56,218,527,801,65.79,6.99,0.588
The Tower A Guoman Hotel,Room,88,266,596,950,62.74,9.26,0.535
The Tower A Guoman Hotel,Staff_Service,64,150,572,786,72.77,8.14,0.646
The Tower A Guoman Hotel,Value,24,54,110,188,58.51,12.77,0.457
The Tower A Guoman Hotel,Wellness,2,6,7,15,46.67,13.33,0.333
The Trafalgar Hilton,Cleanliness,2,10,11,23,47.83,8.7,0.391
The Trafalgar Hilton,Facilities,5,15,17,37,45.95,13.51,0.324
The Trafalgar Hilton,Food,12,40,56,108,51.85,11.11,0.407
The Trafalgar Hilton,Location,22,70,113,205,55.12,10.73,0.444
The Trafalgar Hilton,Room,22,67,82,171,47.95,12.87,0.351
The Trafalgar Hilton,Staff_Service,11,50,111,172,64.53,6.4,0.581
The Trafalgar Hilton,Value,11,22,20,53,37.74,20.75,0.17
The Trafalgar Hilton,Wellness,1,2,0,3,0.0,33.33,-0.333
The Victoria,Cleanliness,0,6,17,23,73.91,0.0,0.739
The Victoria,Facilities,0,10,14,24,58.33,0.0,0.583
The Victoria,Food,3,29,76,108,70.37,2.78,0.676
The Victoria,Location,3,20,27,50,54.0,6.0,0.48
The Victoria,Room,4,35,56,95,58.95,4.21,0.547
The Victoria,Staff_Service,2,19,68,89,76.4,2.25,0.742
The Victoria,Value,1,5,15,21,71.43,4.76,0.667
The Victoria,Wellness,0,0,1,1,100.0,0.0,1.0
The Waldorf Hilton,Cleanliness,15,24,34,73,46.58,20.55,0.26
The Waldorf Hilton,Facilities,6,36,51,93,54.84,6.45,0.484
The Waldorf Hilton,Food,43,90,160,293,54.61,14.68,0.399
The Waldorf Hilton,Location,45,102,153,300,51.0,15.0,0.36
The Waldorf Hilton,Room,63,143,240,446,53.81,14.13,0.397
The Waldorf Hilton,Staff_Service,55,94,284,433,65.59,12.7,0.529
The Waldorf Hilton,Value,21,37,33,91,36.26,23.08,0.132
The Waldorf Hilton,Wellness,4,26,22,52,42.31,7.69,0.346
The Wellesley Knightsbridge a Luxury Collection Hotel London,Cleanliness,1,0,2,3,66.67,33.33,0.333
The Wellesley Knightsbridge a Luxury Collection Hotel London,Facilities,0,1,1,2,50.0,0.0,0.5
The Wellesley Knightsbridge a Luxury Collection Hotel London,Food,2,1,6,9,66.67,22.22,0.444
The Wellesley Knightsbridge a Luxury Collection Hotel London,Location,3,5,15,23,65.22,13.04,0.522
The Wellesley Knightsbridge a Luxury Collection Hotel London,Room,4,4,18,26,69.23,15.38,0.538
The Wellesley Knightsbridge a Luxury Collection Hotel London,Staff_Service,3,5,37,45,82.22,6.67,0.756
The Wellesley Knightsbridge a Luxury Collection Hotel London,Value,1,0,5,6,83.33,16.67,0.667
The Wellesley Knightsbridge a Luxury Collection Hotel London,Wellness,0,0,2,2,100.0,0.0,1.0
The Westbourne Hyde Park,Cleanliness,3,9,69,81,85.19,3.7,0.815
The Westbourne Hyde Park,Facilities,7,4,36,47,76.6,14.89,0.617
The Westbourne Hyde Park,Food,4,5,27,36,75.0,11.11,0.639
The Westbourne Hyde Park,Location,7,18,94,119,78.99,5.88,0.731
The Westbourne Hyde Park,Room,14,29,106,149,71.14,9.4,0.617
The Westbourne Hyde Park,Staff_Service,5,23,89,117,76.07,4.27,0.718
The Westbourne Hyde Park,Value,1,3,15,19,78.95,5.26,0.737
The Westbourne Hyde Park,Wellness,0,0,1,1,100.0,0.0,1.0
The Westbridge Hotel,Cleanliness,1,20,108,129,83.72,0.78,0.829
The Westbridge Hotel,Facilities,5,26,80,111,72.07,4.5,0.676
The Westbridge Hotel,Food,8,30,126,164,76.83,4.88,0.72
The Westbridge Hotel,Location,7,40,128,175,73.14,4.0,0.691
The Westbridge Hotel,Room,21,69,227,317,71.61,6.62,0.65
The Westbridge Hotel,Staff_Service,13,48,254,315,80.63,4.13,0.765
The Westbridge Hotel,Value,7,9,46,62,74.19,11.29,0.629
The Westbridge Hotel,Wellness,0,1,15,16,93.75,0.0,0.938
The Westbury A Luxury Collection Hotel Mayfair London,Cleanliness,5,4,8,17,47.06,29.41,0.176
The Westbury A Luxury Collection Hotel Mayfair London,Facilities,6,35,34,75,45.33,8.0,0.373
The Westbury A Luxury Collection Hotel Mayfair London,Food,7,20,27,54,50.0,12.96,0.37
The Westbury A Luxury Collection Hotel Mayfair London,Location,22,60,80,162,49.38,13.58,0.358
The Westbury A Luxury Collection Hotel Mayfair London,Room,27,59,61,147,41.5,18.37,0.231
The Westbury A Luxury Collection Hotel Mayfair London,Staff_Service,19,42,84,145,57.93,13.1,0.448
The Westbury A Luxury Collection Hotel Mayfair London,Value,7,16,16,39,41.03,17.95,0.231
The Westbury A Luxury Collection Hotel Mayfair London,Wellness,2,0,5,7,71.43,28.57,0.429
The Westin Palace,Cleanliness,3,8,14,25,56.0,12.0,0.44
The Westin Palace,Facilities,0,10,8,18,44.44,0.0,0.444
The Westin Palace,Food,8,17,28,53,52.83,15.09,0.377
The Westin Palace,Location,7,14,36,57,63.16,12.28,0.509
The Westin Palace,Room,16,28,50,94,53.19,17.02,0.362
The Westin Palace,Staff_Service,16,22,44,82,53.66,19.51,0.341
The Westin Palace,Value,2,13,14,29,48.28,6.9,0.414
The Westin Palace,Wellness,1,2,5,8,62.5,12.5,0.5
The Westin Paris Vend me,Cleanliness,6,2,2,10,20.0,60.0,-0.4
The Westin Paris Vend me,Facilities,3,4,5,12,41.67,25.0,0.167
The Westin Paris Vend me,Food,7,8,11,26,42.31,26.92,0.154
The Westin Paris Vend me,Location,16,20,27,63,42.86,25.4,0.175
The Westin Paris Vend me,Room,13,17,18,48,37.5,27.08,0.104
The Westin Paris Vend me,Staff_Service,10,9,30,49,61.22,20.41,0.408
The Westin Paris Vend me,Value,5,2,6,13,46.15,38.46,0.077
The Westin Paris Vend me,Wellness,0,1,2,3,66.67,0.0,0.667
The Whitechapel,Cleanliness,7,41,57,105,54.29,6.67,0.476
The Whitechapel,Facilities,9,14,25,48,52.08,18.75,0.333
The Whitechapel,Food,14,21,27,62,43.55,22.58,0.21
The Whitechapel,Location,15,45,56,116,48.28,12.93,0.353
The Whitechapel,Room,29,63,87,179,48.6,16.2,0.324
The Whitechapel,Staff_Service,15,36,60,111,54.05,13.51,0.405
The Whitechapel,Value,6,12,23,41,56.1,14.63,0.415
The Whitechapel,Wellness,0,1,0,1,0.0,0.0,0.0
The Wittmore Adults Only,Cleanliness,0,1,2,3,66.67,0.0,0.667
The Wittmore Adults Only,Facilities,0,1,4,5,80.0,0.0,0.8
The Wittmore Adults Only,Food,1,2,20,23,86.96,4.35,0.826
The Wittmore Adults Only,Location,1,4,30,35,85.71,2.86,0.829
The Wittmore Adults Only,Room,1,3,31,35,88.57,2.86,0.857
The Wittmore Adults Only,Staff_Service,1,3,54,58,93.1,1.72,0.914
The Wittmore Adults Only,Value,0,1,4,5,80.0,0.0,0.8
The Wittmore Adults Only,Wellness,0,1,7,8,87.5,0.0,0.875
The Yard Milano,Cleanliness,0,2,9,11,81.82,0.0,0.818
The Yard Milano,Facilities,0,3,15,18,83.33,0.0,0.833
The Yard Milano,Food,2,5,45,52,86.54,3.85,0.827
The Yard Milano,Location,0,4,51,55,92.73,0.0,0.927
The Yard Milano,Room,2,7,50,59,84.75,3.39,0.814
The Yard Milano,Staff_Service,2,8,89,99,89.9,2.02,0.879
The Yard Milano,Value,1,3,6,10,60.0,10.0,0.5
The Yard Milano,Wellness,1,0,3,4,75.0,25.0,0.5
The Zetter Hotel,Cleanliness,0,5,13,18,72.22,0.0,0.722
The Zetter Hotel,Facilities,0,7,10,17,58.82,0.0,0.588
The Zetter Hotel,Food,3,7,48,58,82.76,5.17,0.776
The Zetter Hotel,Location,3,13,48,64,75.0,4.69,0.703
The Zetter Hotel,Room,6,20,71,97,73.2,6.19,0.67
The Zetter Hotel,Staff_Service,6,13,86,105,81.9,5.71,0.762
The Zetter Hotel,Value,1,4,16,21,76.19,4.76,0.714
The Zetter Townhouse Clerkenwell,Cleanliness,0,0,1,1,100.0,0.0,1.0
The Zetter Townhouse Clerkenwell,Facilities,0,1,1,2,50.0,0.0,0.5
The Zetter Townhouse Clerkenwell,Food,0,3,3,6,50.0,0.0,0.5
The Zetter Townhouse Clerkenwell,Location,0,2,7,9,77.78,0.0,0.778
The Zetter Townhouse Clerkenwell,Room,0,4,10,14,71.43,0.0,0.714
The Zetter Townhouse Clerkenwell,Staff_Service,0,4,13,17,76.47,0.0,0.765
The Zetter Townhouse Clerkenwell,Value,0,1,1,2,50.0,0.0,0.5
The Zetter Townhouse Marylebone,Cleanliness,1,3,3,7,42.86,14.29,0.286
The Zetter Townhouse Marylebone,Facilities,0,0,1,1,100.0,0.0,1.0
The Zetter Townhouse Marylebone,Food,0,4,12,16,75.0,0.0,0.75
The Zetter Townhouse Marylebone,Location,1,5,27,33,81.82,3.03,0.788
The Zetter Townhouse Marylebone,Room,1,9,29,39,74.36,2.56,0.718
The Zetter Townhouse Marylebone,Staff_Service,0,7,41,48,85.42,0.0,0.854
The Zetter Townhouse Marylebone,Value,1,1,3,5,60.0,20.0,0.4
The Zetter Townhouse Marylebone,Wellness,0,0,1,1,100.0,0.0,1.0
TheWesley,Cleanliness,27,89,172,288,59.72,9.38,0.503
TheWesley,Facilities,22,43,57,122,46.72,18.03,0.287
TheWesley,Food,41,137,204,382,53.4,10.73,0.427
TheWesley,Location,47,236,321,604,53.15,7.78,0.454
TheWesley,Room,85,282,325,692,46.97,12.28,0.347
TheWesley,Staff_Service,43,153,316,512,61.72,8.4,0.533
TheWesley,Value,19,52,78,149,52.35,12.75,0.396
TheWesley,Wellness,0,3,2,5,40.0,0.0,0.4
Thistle Euston,Cleanliness,15,63,135,213,63.38,7.04,0.563
Thistle Euston,Facilities,9,26,68,103,66.02,8.74,0.573
Thistle Euston,Food,35,105,235,375,62.67,9.33,0.533
Thistle Euston,Location,45,174,307,526,58.37,8.56,0.498
Thistle Euston,Room,82,232,333,647,51.47,12.67,0.388
Thistle Euston,Staff_Service,48,134,400,582,68.73,8.25,0.605
Thistle Euston,Value,16,36,74,126,58.73,12.7,0.46
Thistle Euston,Wellness,1,0,6,7,85.71,14.29,0.714
Thistle Holborn The Kingsley,Cleanliness,9,40,94,143,65.73,6.29,0.594
Thistle Holborn The Kingsley,Facilities,11,17,42,70,60.0,15.71,0.443
Thistle Holborn The Kingsley,Food,12,53,131,196,66.84,6.12,0.607
Thistle Holborn The Kingsley,Location,17,89,235,341,68.91,4.99,0.639
Thistle Holborn The Kingsley,Room,38,119,239,396,60.35,9.6,0.508
Thistle Holborn The Kingsley,Staff_Service,21,82,306,409,74.82,5.13,0.697
Thistle Holborn The Kingsley,Value,7,36,45,88,51.14,7.95,0.432
Thistle Holborn The Kingsley,Wellness,0,1,2,3,66.67,0.0,0.667
Thistle Hyde Park,Cleanliness,6,10,18,34,52.94,17.65,0.353
Thistle Hyde Park,Facilities,9,21,13,43,30.23,20.93,0.093
Thistle Hyde Park,Food,6,17,40,63,63.49,9.52,0.54
Thistle Hyde Park,Location,18,45,77,140,55.0,12.86,0.421
Thistle Hyde Park,Room,32,69,91,192,47.4,16.67,0.307
Thistle Hyde Park,Staff_Service,23,48,90,161,55.9,14.29,0.416
Thistle Hyde Park,Value,8,10,11,29,37.93,27.59,0.103
Thistle Hyde Park,Wellness,1,0,1,2,50.0,50.0,0.0
Thistle Kensington Gardens,Cleanliness,14,59,103,176,58.52,7.95,0.506
Thistle Kensington Gardens,Facilities,11,34,66,111,59.46,9.91,0.495
Thistle Kensington Gardens,Food,20,79,207,306,67.65,6.54,0.611
Thistle Kensington Gardens,Location,33,132,244,409,59.66,8.07,0.516
Thistle Kensington Gardens,Room,48,156,262,466,56.22,10.3,0.459
Thistle Kensington Gardens,Staff_Service,32,108,296,436,67.89,7.34,0.606
Thistle Kensington Gardens,Value,13,30,58,101,57.43,12.87,0.446
Thistle Kensington Gardens,Wellness,0,2,1,3,33.33,0.0,0.333
Thistle Trafalgar Square The Royal Trafalgar,Cleanliness,6,9,43,58,74.14,10.34,0.638
Thistle Trafalgar Square The Royal Trafalgar,Facilities,2,11,27,40,67.5,5.0,0.625
Thistle Trafalgar Square The Royal Trafalgar,Food,8,32,85,125,68.0,6.4,0.616
Thistle Trafalgar Square The Royal Trafalgar,Location,19,82,185,286,64.69,6.64,0.58
Thistle Trafalgar Square The Royal Trafalgar,Room,29,79,153,261,58.62,11.11,0.475
Thistle Trafalgar Square The Royal Trafalgar,Staff_Service,14,47,186,247,75.3,5.67,0.696
Thistle Trafalgar Square The Royal Trafalgar,Value,9,20,33,62,53.23,14.52,0.387
Thistle Trafalgar Square The Royal Trafalgar,Wellness,0,2,2,4,50.0,0.0,0.5
Threadneedles Autograph Collection,Cleanliness,1,4,10,15,66.67,6.67,0.6
Threadneedles Autograph Collection,Facilities,3,4,18,25,72.0,12.0,0.6
Threadneedles Autograph Collection,Food,5,8,47,60,78.33,8.33,0.7
Threadneedles Autograph Collection,Location,3,15,47,65,72.31,4.62,0.677
Threadneedles Autograph Collection,Room,8,25,68,101,67.33,7.92,0.594
Threadneedles Autograph Collection,Staff_Service,6,19,73,98,74.49,6.12,0.684
Threadneedles Autograph Collection,Value,2,4,13,19,68.42,10.53,0.579
Threadneedles Autograph Collection,Wellness,0,1,0,1,0.0,0.0,0.0
Timhotel Op ra Blanche Fontaine,Cleanliness,0,10,25,35,71.43,0.0,0.714
Timhotel Op ra Blanche Fontaine,Facilities,0,7,21,28,75.0,0.0,0.75
Timhotel Op ra Blanche Fontaine,Food,1,7,14,22,63.64,4.55,0.591
Timhotel Op ra Blanche Fontaine,Location,1,10,42,53,79.25,1.89,0.774
Timhotel Op ra Blanche Fontaine,Room,2,14,29,45,64.44,4.44,0.6
Timhotel Op ra Blanche Fontaine,Staff_Service,1,11,31,43,72.09,2.33,0.698
Timhotel Op ra Blanche Fontaine,Value,1,4,7,12,58.33,8.33,0.5
Timhotel Op ra Blanche Fontaine,Wellness,0,0,2,2,100.0,0.0,1.0
Timhotel Op ra Grands Magasins,Cleanliness,1,8,20,29,68.97,3.45,0.655
Timhotel Op ra Grands Magasins,Facilities,3,3,4,10,40.0,30.0,0.1
Timhotel Op ra Grands Magasins,Food,3,8,10,21,47.62,14.29,0.333
Timhotel Op ra Grands Magasins,Location,2,9,28,39,71.79,5.13,0.667
Timhotel Op ra Grands Magasins,Room,7,11,30,48,62.5,14.58,0.479
Timhotel Op ra Grands Magasins,Staff_Service,3,6,19,28,67.86,10.71,0.571
Timhotel Op ra Grands Magasins,Value,1,3,5,9,55.56,11.11,0.444
TownHouse 12,Cleanliness,2,1,8,11,72.73,18.18,0.545
TownHouse 12,Facilities,0,4,5,9,55.56,0.0,0.556
TownHouse 12,Food,3,9,15,27,55.56,11.11,0.444
TownHouse 12,Location,1,10,19,30,63.33,3.33,0.6
TownHouse 12,Room,2,13,22,37,59.46,5.41,0.541
TownHouse 12,Staff_Service,2,9,24,35,68.57,5.71,0.629
TownHouse 12,Value,0,4,4,8,50.0,0.0,0.5
TownHouse 12,Wellness,0,1,1,2,50.0,0.0,0.5
TownHouse 33,Cleanliness,0,2,4,6,66.67,0.0,0.667
TownHouse 33,Facilities,2,3,7,12,58.33,16.67,0.417
TownHouse 33,Food,0,8,22,30,73.33,0.0,0.733
TownHouse 33,Location,1,8,18,27,66.67,3.7,0.63
TownHouse 33,Room,4,10,24,38,63.16,10.53,0.526
TownHouse 33,Staff_Service,4,7,20,31,64.52,12.9,0.516
TownHouse 33,Value,1,0,3,4,75.0,25.0,0.5
TownHouse 33,Wellness,0,1,0,1,0.0,0.0,0.0
TownHouse Duomo,Cleanliness,3,0,1,4,25.0,75.0,-0.5
TownHouse Duomo,Facilities,1,0,7,8,87.5,12.5,0.75
TownHouse Duomo,Food,3,4,12,19,63.16,15.79,0.474
TownHouse Duomo,Location,4,10,33,47,70.21,8.51,0.617
TownHouse Duomo,Room,6,4,21,31,67.74,19.35,0.484
TownHouse Duomo,Staff_Service,4,2,21,27,77.78,14.81,0.63
TownHouse Duomo,Value,2,2,2,6,33.33,33.33,0.0
TownHouse Duomo,Wellness,0,0,4,4,100.0,0.0,1.0
TownHouse Galleria,Cleanliness,2,4,3,9,33.33,22.22,0.111
TownHouse Galleria,Facilities,6,5,4,15,26.67,40.0,-0.133
TownHouse Galleria,Food,6,9,15,30,50.0,20.0,0.3
TownHouse Galleria,Location,15,28,49,92,53.26,16.3,0.37
TownHouse Galleria,Room,13,20,29,62,46.77,20.97,0.258
TownHouse Galleria,Staff_Service,9,19,42,70,60.0,12.86,0.471
TownHouse Galleria,Value,4,4,6,14,42.86,28.57,0.143
TownHouse Galleria,Wellness,1,0,3,4,75.0,25.0,0.5
Trinit Haussmann,Cleanliness,1,7,15,23,65.22,4.35,0.609
Trinit Haussmann,Facilities,2,7,7,16,43.75,12.5,0.312
Trinit Haussmann,Food,3,7,6,16,37.5,18.75,0.188
Trinit Haussmann,Location,2,10,13,25,52.0,8.0,0.44
Trinit Haussmann,Room,3,14,19,36,52.78,8.33,0.444
Trinit Haussmann,Staff_Service,3,11,12,26,46.15,11.54,0.346
Trinit Haussmann,Value,0,1,4,5,80.0,0.0,0.8
Tryp Barcelona Apolo Hotel,Cleanliness,8,9,11,28,39.29,28.57,0.107
Tryp Barcelona Apolo Hotel,Facilities,6,6,6,18,33.33,33.33,0.0
Tryp Barcelona Apolo Hotel,Food,13,28,43,84,51.19,15.48,0.357
Tryp Barcelona Apolo Hotel,Location,14,33,42,89,47.19,15.73,0.315
Tryp Barcelona Apolo Hotel,Room,24,37,27,88,30.68,27.27,0.034
Tryp Barcelona Apolo Hotel,Staff_Service,15,30,48,93,51.61,16.13,0.355
Tryp Barcelona Apolo Hotel,Value,5,6,5,16,31.25,31.25,0.0
Tryp Barcelona Apolo Hotel,Wellness,1,3,2,6,33.33,16.67,0.167
Tryp Barcelona Condal Mar Hotel,Cleanliness,1,9,20,30,66.67,3.33,0.633
Tryp Barcelona Condal Mar Hotel,Facilities,1,6,6,13,46.15,7.69,0.385
Tryp Barcelona Condal Mar Hotel,Food,1,10,39,50,78.0,2.0,0.76
Tryp Barcelona Condal Mar Hotel,Location,3,10,23,36,63.89,8.33,0.556
Tryp Barcelona Condal Mar Hotel,Room,3,18,24,45,53.33,6.67,0.467
Tryp Barcelona Condal Mar Hotel,Staff_Service,2,19,42,63,66.67,3.17,0.635
Tryp Barcelona Condal Mar Hotel,Value,0,3,10,13,76.92,0.0,0.769
Tryp Barcelona Condal Mar Hotel,Wellness,3,9,15,27,55.56,11.11,0.444
Twenty Nevern Square Hotel,Cleanliness,4,39,108,151,71.52,2.65,0.689
Twenty Nevern Square Hotel,Facilities,15,48,61,124,49.19,12.1,0.371
Twenty Nevern Square Hotel,Food,19,93,252,364,69.23,5.22,0.64
Twenty Nevern Square Hotel,Location,17,103,223,343,65.01,4.96,0.601
Twenty Nevern Square Hotel,Room,51,155,348,554,62.82,9.21,0.536
Twenty Nevern Square Hotel,Staff_Service,29,96,330,455,72.53,6.37,0.662
Twenty Nevern Square Hotel,Value,7,26,56,89,62.92,7.87,0.551
Twenty Nevern Square Hotel,Wellness,1,0,2,3,66.67,33.33,0.333
U232 Hotel,Cleanliness,1,7,27,35,77.14,2.86,0.743
U232 Hotel,Facilities,1,3,9,13,69.23,7.69,0.615
U232 Hotel,Food,3,6,45,54,83.33,5.56,0.778
U232 Hotel,Location,2,16,57,75,76.0,2.67,0.733
U232 Hotel,Room,12,29,63,104,60.58,11.54,0.49
U232 Hotel,Staff_Service,3,17,82,102,80.39,2.94,0.775
U232 Hotel,Value,2,1,12,15,80.0,13.33,0.667
U232 Hotel,Wellness,0,1,6,7,85.71,0.0,0.857
UNA Hotel Century,Cleanliness,1,18,88,107,82.24,0.93,0.813
UNA Hotel Century,Facilities,7,14,47,68,69.12,10.29,0.588
UNA Hotel Century,Food,6,24,132,162,81.48,3.7,0.778
UNA Hotel Century,Location,7,33,162,202,80.2,3.47,0.767
UNA Hotel Century,Room,11,33,163,207,78.74,5.31,0.734
UNA Hotel Century,Staff_Service,10,18,107,135,79.26,7.41,0.719
UNA Hotel Century,Value,4,8,27,39,69.23,10.26,0.59
UNA Hotel Century,Wellness,0,2,2,4,50.0,0.0,0.5
UNA Hotel Cusani,Cleanliness,1,11,35,47,74.47,2.13,0.723
UNA Hotel Cusani,Facilities,3,14,33,50,66.0,6.0,0.6
UNA Hotel Cusani,Food,7,20,92,119,77.31,5.88,0.714
UNA Hotel Cusani,Location,7,38,134,179,74.86,3.91,0.709
UNA Hotel Cusani,Room,9,28,82,119,68.91,7.56,0.613
UNA Hotel Cusani,Staff_Service,7,20,123,150,82.0,4.67,0.773
UNA Hotel Cusani,Value,5,7,19,31,61.29,16.13,0.452
UNA Hotel Cusani,Wellness,0,1,7,8,87.5,0.0,0.875
UNA Hotel Mediterraneo,Cleanliness,0,3,11,14,78.57,0.0,0.786
UNA Hotel Mediterraneo,Facilities,3,6,13,22,59.09,13.64,0.455
UNA Hotel Mediterraneo,Food,4,10,30,44,68.18,9.09,0.591
UNA Hotel Mediterraneo,Location,2,8,27,37,72.97,5.41,0.676
UNA Hotel Mediterraneo,Room,4,12,22,38,57.89,10.53,0.474
UNA Hotel Mediterraneo,Staff_Service,2,10,21,33,63.64,6.06,0.576
UNA Hotel Mediterraneo,Value,2,2,4,8,50.0,25.0,0.25
UNA Hotel Mediterraneo,Wellness,0,1,0,1,0.0,0.0,0.0
UNA Hotel Scandinavia,Cleanliness,1,4,8,13,61.54,7.69,0.538
UNA Hotel Scandinavia,Facilities,0,4,11,15,73.33,0.0,0.733
UNA Hotel Scandinavia,Food,2,6,23,31,74.19,6.45,0.677
UNA Hotel Scandinavia,Location,0,8,19,27,70.37,0.0,0.704
UNA Hotel Scandinavia,Room,3,11,19,33,57.58,9.09,0.485
UNA Hotel Scandinavia,Staff_Service,4,5,31,40,77.5,10.0,0.675
UNA Hotel Scandinavia,Value,0,2,4,6,66.67,0.0,0.667
UNA Maison Milano,Cleanliness,1,5,39,45,86.67,2.22,0.844
UNA Maison Milano,Facilities,6,11,37,54,68.52,11.11,0.574
UNA Maison Milano,Food,2,7,65,74,87.84,2.7,0.851
UNA Maison Milano,Location,8,27,178,213,83.57,3.76,0.798
UNA Maison Milano,Room,10,16,112,138,81.16,7.25,0.739
UNA Maison Milano,Staff_Service,7,11,190,208,91.35,3.37,0.88
UNA Maison Milano,Value,2,5,13,20,65.0,10.0,0.55
UNA Maison Milano,Wellness,1,0,6,7,85.71,14.29,0.714
United Lodge Hotel and Apartments,Cleanliness,8,17,34,59,57.63,13.56,0.441
United Lodge Hotel and Apartments,Facilities,13,15,17,45,37.78,28.89,0.089
United Lodge Hotel and Apartments,Food,3,11,11,25,44.0,12.0,0.32
United Lodge Hotel and Apartments,Location,11,26,46,83,55.42,13.25,0.422
United Lodge Hotel and Apartments,Room,37,46,59,142,41.55,26.06,0.155
United Lodge Hotel and Apartments,Staff_Service,17,36,76,129,58.91,13.18,0.457
United Lodge Hotel and Apartments,Value,11,10,13,34,38.24,32.35,0.059
Upper Diagonal,Cleanliness,2,8,25,35,71.43,5.71,0.657
Upper Diagonal,Facilities,1,6,7,14,50.0,7.14,0.429
Upper Diagonal,Food,4,10,45,59,76.27,6.78,0.695
Upper Diagonal,Location,2,11,33,46,71.74,4.35,0.674
Upper Diagonal,Room,4,16,42,62,67.74,6.45,0.613
Upper Diagonal,Staff_Service,4,14,56,74,75.68,5.41,0.703
Upper Diagonal,Value,1,3,7,11,63.64,9.09,0.545
Upper Diagonal,Wellness,1,1,2,4,50.0,25.0,0.25
Uptown Palace,Cleanliness,6,24,71,101,70.3,5.94,0.644
Uptown Palace,Facilities,6,32,41,79,51.9,7.59,0.443
Uptown Palace,Food,22,52,114,188,60.64,11.7,0.489
Uptown Palace,Location,12,45,110,167,65.87,7.19,0.587
Uptown Palace,Room,24,68,111,203,54.68,11.82,0.429
Uptown Palace,Staff_Service,24,44,138,206,66.99,11.65,0.553
Uptown Palace,Value,7,18,28,53,52.83,13.21,0.396
Uptown Palace,Wellness,1,3,11,15,73.33,6.67,0.667
Urban Lodge Hotel,Cleanliness,15,54,231,300,77.0,5.0,0.72
Urban Lodge Hotel,Facilities,3,31,103,137,75.18,2.19,0.73
Urban Lodge Hotel,Food,13,37,238,288,82.64,4.51,0.781
Urban Lodge Hotel,Location,12,76,459,547,83.91,2.19,0.817
Urban Lodge Hotel,Room,25,90,348,463,75.16,5.4,0.698
Urban Lodge Hotel,Staff_Service,15,67,484,566,85.51,2.65,0.829
Urban Lodge Hotel,Value,14,25,122,161,75.78,8.7,0.671
Urban Lodge Hotel,Wellness,2,3,20,25,80.0,8.0,0.72
Vice Versa,Cleanliness,0,0,4,4,100.0,0.0,1.0
Vice Versa,Facilities,0,2,5,7,71.43,0.0,0.714
Vice Versa,Food,0,2,6,8,75.0,0.0,0.75
Vice Versa,Location,0,4,7,11,63.64,0.0,0.636
Vice Versa,Room,5,6,15,26,57.69,19.23,0.385
Vice Versa,Staff_Service,4,7,27,38,71.05,10.53,0.605
Vice Versa,Value,3,3,4,10,40.0,30.0,0.1
Vice Versa,Wellness,0,1,0,1,0.0,0.0,0.0
Victoire Germain,Cleanliness,0,1,13,14,92.86,0.0,0.929
Victoire Germain,Facilities,0,0,5,5,100.0,0.0,1.0
Victoire Germain,Food,0,0,8,8,100.0,0.0,1.0
Victoire Germain,Location,0,3,36,39,92.31,0.0,0.923
Victoire Germain,Room,0,3,28,31,90.32,0.0,0.903
Victoire Germain,Staff_Service,0,1,25,26,96.15,0.0,0.962
Victoire Germain,Value,0,2,2,4,50.0,0.0,0.5
Victoires Opera,Cleanliness,1,1,4,6,66.67,16.67,0.5
Victoires Opera,Facilities,2,1,2,5,40.0,40.0,0.0
Victoires Opera,Food,2,1,2,5,40.0,40.0,0.0
Victoires Opera,Location,4,8,13,25,52.0,16.0,0.36
Victoires Opera,Room,6,12,7,25,28.0,24.0,0.04
Victoires Opera,Staff_Service,3,5,6,14,42.86,21.43,0.214
Victoires Opera,Value,0,1,0,1,0.0,0.0,0.0
Victoria Palace Hotel,Cleanliness,0,1,3,4,75.0,0.0,0.75
Victoria Palace Hotel,Facilities,1,0,1,2,50.0,50.0,0.0
Victoria Palace Hotel,Food,4,2,4,10,40.0,40.0,0.0
Victoria Palace Hotel,Location,0,0,4,4,100.0,0.0,1.0
Victoria Palace Hotel,Room,5,1,7,13,53.85,38.46,0.154
Victoria Palace Hotel,Staff_Service,5,2,11,18,61.11,27.78,0.333
Vienna Marriott Hotel,Cleanliness,2,7,6,15,40.0,13.33,0.267
Vienna Marriott Hotel,Facilities,14,12,25,51,49.02,27.45,0.216
Vienna Marriott Hotel,Food,10,9,35,54,64.81,18.52,0.463
Vienna Marriott Hotel,Location,16,35,51,102,50.0,15.69,0.343
Vienna Marriott Hotel,Room,23,32,35,90,38.89,25.56,0.133
Vienna Marriott Hotel,Staff_Service,15,20,49,84,58.33,17.86,0.405
Vienna Marriott Hotel,Value,7,5,7,19,36.84,36.84,0.0
Vienna Marriott Hotel,Wellness,4,8,8,20,40.0,20.0,0.2
Vienna Sporthotel,Cleanliness,0,3,8,11,72.73,0.0,0.727
Vienna Sporthotel,Facilities,2,9,10,21,47.62,9.52,0.381
Vienna Sporthotel,Food,2,7,14,23,60.87,8.7,0.522
Vienna Sporthotel,Location,1,12,12,25,48.0,4.0,0.44
Vienna Sporthotel,Room,4,9,16,29,55.17,13.79,0.414
Vienna Sporthotel,Staff_Service,1,4,16,21,76.19,4.76,0.714
Vienna Sporthotel,Value,0,4,6,10,60.0,0.0,0.6
Vienna Sporthotel,Wellness,1,5,8,14,57.14,7.14,0.5
Vilana Hotel,Cleanliness,1,5,13,19,68.42,5.26,0.632
Vilana Hotel,Facilities,0,3,7,10,70.0,0.0,0.7
Vilana Hotel,Food,0,4,15,19,78.95,0.0,0.789
Vilana Hotel,Location,2,8,20,30,66.67,6.67,0.6
Vilana Hotel,Room,2,8,20,30,66.67,6.67,0.6
Vilana Hotel,Staff_Service,1,9,22,32,68.75,3.12,0.656
Vilana Hotel,Value,0,1,4,5,80.0,0.0,0.8
Vilana Hotel,Wellness,0,3,1,4,25.0,0.0,0.25
Villa Alessandra,Cleanliness,1,3,1,5,20.0,20.0,0.0
Villa Alessandra,Facilities,2,4,6,12,50.0,16.67,0.333
Villa Alessandra,Food,0,1,1,2,50.0,0.0,0.5
Villa Alessandra,Location,1,6,8,15,53.33,6.67,0.467
Villa Alessandra,Room,1,6,5,12,41.67,8.33,0.333
Villa Alessandra,Staff_Service,1,2,6,9,66.67,11.11,0.556
Villa Alessandra,Value,0,1,1,2,50.0,0.0,0.5
Villa Beaumarchais,Cleanliness,4,8,28,40,70.0,10.0,0.6
Villa Beaumarchais,Facilities,7,15,31,53,58.49,13.21,0.453
Villa Beaumarchais,Food,2,17,64,83,77.11,2.41,0.747
Villa Beaumarchais,Location,3,38,116,157,73.89,1.91,0.72
Villa Beaumarchais,Room,14,39,93,146,63.7,9.59,0.541
Villa Beaumarchais,Staff_Service,11,33,118,162,72.84,6.79,0.66
Villa Beaumarchais,Value,4,9,23,36,63.89,11.11,0.528
Villa Beaumarchais,Wellness,1,2,3,6,50.0,16.67,0.333
Villa Eugenie,Cleanliness,4,1,2,7,28.57,57.14,-0.286
Villa Eugenie,Facilities,4,3,0,7,0.0,57.14,-0.571
Villa Eugenie,Food,1,1,2,4,50.0,25.0,0.25
Villa Eugenie,Location,3,2,2,7,28.57,42.86,-0.143
Villa Eugenie,Room,10,5,1,16,6.25,62.5,-0.562
Villa Eugenie,Staff_Service,6,5,2,13,15.38,46.15,-0.308
Villa Eugenie,Value,1,1,0,2,0.0,50.0,-0.5
Villa Lut ce Port Royal,Cleanliness,5,2,3,10,30.0,50.0,-0.2
Villa Lut ce Port Royal,Facilities,6,7,3,16,18.75,37.5,-0.188
Villa Lut ce Port Royal,Food,3,4,4,11,36.36,27.27,0.091
Villa Lut ce Port Royal,Location,5,7,2,14,14.29,35.71,-0.214
Villa Lut ce Port Royal,Room,11,15,4,30,13.33,36.67,-0.233
Villa Lut ce Port Royal,Staff_Service,8,10,5,23,21.74,34.78,-0.13
Villa Lut ce Port Royal,Value,2,3,3,8,37.5,25.0,0.125
Villa Montparnasse,Cleanliness,1,3,3,7,42.86,14.29,0.286
Villa Montparnasse,Facilities,0,5,5,10,50.0,0.0,0.5
Villa Montparnasse,Food,2,3,8,13,61.54,15.38,0.462
Villa Montparnasse,Location,4,7,16,27,59.26,14.81,0.444
Villa Montparnasse,Room,3,12,13,28,46.43,10.71,0.357
Villa Montparnasse,Staff_Service,5,9,18,32,56.25,15.62,0.406
Villa Montparnasse,Value,1,4,1,6,16.67,16.67,0.0
Villa Opera Drouot,Cleanliness,1,3,9,13,69.23,7.69,0.615
Villa Opera Drouot,Facilities,0,4,7,11,63.64,0.0,0.636
Villa Opera Drouot,Food,2,4,15,21,71.43,9.52,0.619
Villa Opera Drouot,Location,2,9,33,44,75.0,4.55,0.705
Villa Opera Drouot,Room,4,14,34,52,65.38,7.69,0.577
Villa Opera Drouot,Staff_Service,2,9,45,56,80.36,3.57,0.768
Villa Opera Drouot,Value,0,1,9,10,90.0,0.0,0.9
Villa Panth on,Cleanliness,7,6,27,40,67.5,17.5,0.5
Villa Panth on,Facilities,11,18,23,52,44.23,21.15,0.231
Villa Panth on,Food,6,17,37,60,61.67,10.0,0.517
Villa Panth on,Location,11,56,101,168,60.12,6.55,0.536
Villa Panth on,Room,18,44,77,139,55.4,12.95,0.424
Villa Panth on,Staff_Service,18,30,103,151,68.21,11.92,0.563
Villa Panth on,Value,3,7,16,26,61.54,11.54,0.5
Villa d Estr es,Cleanliness,0,0,1,1,100.0,0.0,1.0
Villa d Estr es,Facilities,0,1,2,3,66.67,0.0,0.667
Villa d Estr es,Food,1,0,7,8,87.5,12.5,0.75
Villa d Estr es,Location,0,1,16,17,94.12,0.0,0.941
Villa d Estr es,Room,1,2,13,16,81.25,6.25,0.75
Villa d Estr es,Staff_Service,1,0,15,16,93.75,6.25,0.875
Villa d Estr es,Value,1,0,0,1,0.0,100.0,-1.0
Vincci Bit,Cleanliness,4,31,59,94,62.77,4.26,0.585
Vincci Bit,Facilities,2,30,45,77,58.44,2.6,0.558
Vincci Bit,Food,7,38,85,130,65.38,5.38,0.6
Vincci Bit,Location,8,43,79,130,60.77,6.15,0.546
Vincci Bit,Room,17,72,119,208,57.21,8.17,0.49
Vincci Bit,Staff_Service,12,49,113,174,64.94,6.9,0.58
Vincci Bit,Value,8,25,46,79,58.23,10.13,0.481
Vincci Bit,Wellness,6,15,32,53,60.38,11.32,0.491
Vincci Gala,Cleanliness,1,4,31,36,86.11,2.78,0.833
Vincci Gala,Facilities,1,9,10,20,50.0,5.0,0.45
Vincci Gala,Food,4,9,32,45,71.11,8.89,0.622
Vincci Gala,Location,5,28,73,106,68.87,4.72,0.642
Vincci Gala,Room,5,21,39,65,60.0,7.69,0.523
Vincci Gala,Staff_Service,4,17,60,81,74.07,4.94,0.691
Vincci Gala,Value,3,7,8,18,44.44,16.67,0.278
Vincci Gala,Wellness,0,2,4,6,66.67,0.0,0.667
Vincci Mae,Cleanliness,1,6,22,29,75.86,3.45,0.724
Vincci Mae,Facilities,0,3,16,19,84.21,0.0,0.842
Vincci Mae,Food,1,6,30,37,81.08,2.7,0.784
Vincci Mae,Location,2,9,29,40,72.5,5.0,0.675
Vincci Mae,Room,4,14,42,60,70.0,6.67,0.633
Vincci Mae,Staff_Service,1,9,45,55,81.82,1.82,0.8
Vincci Mae,Value,0,4,11,15,73.33,0.0,0.733
Vincci Mae,Wellness,0,3,2,5,40.0,0.0,0.4
Vincci Maritimo,Cleanliness,12,25,49,86,56.98,13.95,0.43
Vincci Maritimo,Facilities,5,20,38,63,60.32,7.94,0.524
Vincci Maritimo,Food,3,27,63,93,67.74,3.23,0.645
Vincci Maritimo,Location,8,36,90,134,67.16,5.97,0.612
Vincci Maritimo,Room,15,49,72,136,52.94,11.03,0.419
Vincci Maritimo,Staff_Service,15,28,100,143,69.93,10.49,0.594
Vincci Maritimo,Value,7,22,28,57,49.12,12.28,0.368
Vincci Maritimo,Wellness,1,3,17,21,80.95,4.76,0.762
W Amsterdam,Cleanliness,7,4,9,20,45.0,35.0,0.1
W Amsterdam,Facilities,3,5,16,24,66.67,12.5,0.542
W Amsterdam,Food,10,7,32,49,65.31,20.41,0.449
W Amsterdam,Location,8,25,44,77,57.14,10.39,0.468
W Amsterdam,Room,18,30,63,111,56.76,16.22,0.405
W Amsterdam,Staff_Service,24,17,77,118,65.25,20.34,0.449
W Amsterdam,Value,7,6,7,20,35.0,35.0,0.0
W Amsterdam,Wellness,3,6,28,37,75.68,8.11,0.676
W Barcelona,Cleanliness,12,13,16,41,39.02,29.27,0.098
W Barcelona,Facilities,7,17,45,69,65.22,10.14,0.551
W Barcelona,Food,18,40,86,144,59.72,12.5,0.472
W Barcelona,Location,19,57,108,184,58.7,10.33,0.484
W Barcelona,Room,44,76,160,280,57.14,15.71,0.414
W Barcelona,Staff_Service,41,62,186,289,64.36,14.19,0.502
W Barcelona,Value,16,30,38,84,45.24,19.05,0.262
W Barcelona,Wellness,15,34,76,125,60.8,12.0,0.488
W London Leicester Square,Cleanliness,3,6,16,25,64.0,12.0,0.52
W London Leicester Square,Facilities,3,13,18,34,52.94,8.82,0.441
W London Leicester Square,Food,5,10,16,31,51.61,16.13,0.355
W London Leicester Square,Location,9,41,79,129,61.24,6.98,0.543
W London Leicester Square,Room,19,40,92,151,60.93,12.58,0.483
W London Leicester Square,Staff_Service,17,18,78,113,69.03,15.04,0.54
W London Leicester Square,Value,7,10,16,33,48.48,21.21,0.273
W London Leicester Square,Wellness,1,5,7,13,53.85,7.69,0.462
W Paris Op ra,Cleanliness,0,0,1,1,100.0,0.0,1.0
W Paris Op ra,Facilities,1,2,0,3,0.0,33.33,-0.333
W Paris Op ra,Food,2,5,3,10,30.0,20.0,0.1
W Paris Op ra,Location,2,10,13,25,52.0,8.0,0.44
W Paris Op ra,Room,0,4,8,12,66.67,0.0,0.667
W Paris Op ra,Staff_Service,3,5,15,23,65.22,13.04,0.522
W Paris Op ra,Value,2,1,1,4,25.0,50.0,-0.25
W Paris Op ra,Wellness,1,1,0,2,0.0,50.0,-0.5
W12 Rooms,Cleanliness,7,32,114,153,74.51,4.58,0.699
W12 Rooms,Facilities,7,21,69,97,71.13,7.22,0.639
W12 Rooms,Food,3,6,27,36,75.0,8.33,0.667
W12 Rooms,Location,7,42,151,200,75.5,3.5,0.72
W12 Rooms,Room,14,59,167,240,69.58,5.83,0.638
W12 Rooms,Staff_Service,8,29,134,171,78.36,4.68,0.737
W12 Rooms,Value,3,12,37,52,71.15,5.77,0.654
Waldorf Astoria Amsterdam,Cleanliness,0,1,11,12,91.67,0.0,0.917
Waldorf Astoria Amsterdam,Facilities,0,2,5,7,71.43,0.0,0.714
Waldorf Astoria Amsterdam,Food,1,4,39,44,88.64,2.27,0.864
Waldorf Astoria Amsterdam,Location,1,7,39,47,82.98,2.13,0.809
Waldorf Astoria Amsterdam,Room,2,6,42,50,84.0,4.0,0.8
Waldorf Astoria Amsterdam,Staff_Service,3,7,81,91,89.01,3.3,0.857
Waldorf Astoria Amsterdam,Value,2,0,9,11,81.82,18.18,0.636
Waldorf Astoria Amsterdam,Wellness,0,0,11,11,100.0,0.0,1.0
Waldorf Madeleine,Cleanliness,1,9,42,52,80.77,1.92,0.788
Waldorf Madeleine,Facilities,0,9,13,22,59.09,0.0,0.591
Waldorf Madeleine,Food,5,34,48,87,55.17,5.75,0.494
Waldorf Madeleine,Location,6,49,115,170,67.65,3.53,0.641
Waldorf Madeleine,Room,11,53,88,152,57.89,7.24,0.507
Waldorf Madeleine,Staff_Service,6,32,113,151,74.83,3.97,0.709
Waldorf Madeleine,Value,3,13,19,35,54.29,8.57,0.457
Waldorf Madeleine,Wellness,0,3,0,3,0.0,0.0,0.0
Warwick Paris Former Warwick Champs Elysees ,Cleanliness,7,7,21,35,60.0,20.0,0.4
Warwick Paris Former Warwick Champs Elysees ,Facilities,8,19,18,45,40.0,17.78,0.222
Warwick Paris Former Warwick Champs Elysees ,Food,13,26,53,92,57.61,14.13,0.435
Warwick Paris Former Warwick Champs Elysees ,Location,28,82,129,239,53.97,11.72,0.423
Warwick Paris Former Warwick Champs Elysees ,Room,29,44,59,132,44.7,21.97,0.227
Warwick Paris Former Warwick Champs Elysees ,Staff_Service,28,38,104,170,61.18,16.47,0.447
Warwick Paris Former Warwick Champs Elysees ,Value,15,13,16,44,36.36,34.09,0.023
Warwick Paris Former Warwick Champs Elysees ,Wellness,0,0,2,2,100.0,0.0,1.0
Washington Mayfair Hotel,Cleanliness,14,34,37,85,43.53,16.47,0.271
Washington Mayfair Hotel,Facilities,8,15,23,46,50.0,17.39,0.326
Washington Mayfair Hotel,Food,16,52,104,172,60.47,9.3,0.512
Washington Mayfair Hotel,Location,39,126,201,366,54.92,10.66,0.443
Washington Mayfair Hotel,Room,61,134,182,377,48.28,16.18,0.321
Washington Mayfair Hotel,Staff_Service,44,75,189,308,61.36,14.29,0.471
Washington Mayfair Hotel,Value,16,24,40,80,50.0,20.0,0.3
Washington Mayfair Hotel,Wellness,2,2,5,9,55.56,22.22,0.333
WestCord Art Hotel Amsterdam 4 stars,Cleanliness,7,22,69,98,70.41,7.14,0.633
WestCord Art Hotel Amsterdam 4 stars,Facilities,1,13,31,45,68.89,2.22,0.667
WestCord Art Hotel Amsterdam 4 stars,Food,10,29,134,173,77.46,5.78,0.717
WestCord Art Hotel Amsterdam 4 stars,Location,8,29,114,151,75.5,5.3,0.702
WestCord Art Hotel Amsterdam 4 stars,Room,19,46,175,240,72.92,7.92,0.65
WestCord Art Hotel Amsterdam 4 stars,Staff_Service,12,43,192,247,77.73,4.86,0.729
WestCord Art Hotel Amsterdam 4 stars,Value,5,11,43,59,72.88,8.47,0.644
WestCord Art Hotel Amsterdam 4 stars,Wellness,0,2,18,20,90.0,0.0,0.9
WestCord Fashion Hotel Amsterdam,Cleanliness,9,54,243,306,79.41,2.94,0.765
WestCord Fashion Hotel Amsterdam,Facilities,6,42,140,188,74.47,3.19,0.713
WestCord Fashion Hotel Amsterdam,Food,13,84,372,469,79.32,2.77,0.765
WestCord Fashion Hotel Amsterdam,Location,7,89,272,368,73.91,1.9,0.72
WestCord Fashion Hotel Amsterdam,Room,37,127,459,623,73.68,5.94,0.677
WestCord Fashion Hotel Amsterdam,Staff_Service,20,103,558,681,81.94,2.94,0.79
WestCord Fashion Hotel Amsterdam,Value,9,46,130,185,70.27,4.86,0.654
WestCord Fashion Hotel Amsterdam,Wellness,5,53,170,228,74.56,2.19,0.724
Westside Arc de Triomphe Hotel,Cleanliness,8,14,39,61,63.93,13.11,0.508
Westside Arc de Triomphe Hotel,Facilities,15,15,35,65,53.85,23.08,0.308
Westside Arc de Triomphe Hotel,Food,8,14,45,67,67.16,11.94,0.552
Westside Arc de Triomphe Hotel,Location,14,26,94,134,70.15,10.45,0.597
Westside Arc de Triomphe Hotel,Room,26,42,84,152,55.26,17.11,0.382
Westside Arc de Triomphe Hotel,Staff_Service,14,22,120,156,76.92,8.97,0.679
Westside Arc de Triomphe Hotel,Value,11,10,23,44,52.27,25.0,0.273
Westside Arc de Triomphe Hotel,Wellness,5,8,36,49,73.47,10.2,0.633
Wilson Boutique Hotel,Cleanliness,0,12,20,32,62.5,0.0,0.625
Wilson Boutique Hotel,Facilities,0,10,16,26,61.54,0.0,0.615
Wilson Boutique Hotel,Food,1,8,29,38,76.32,2.63,0.737
Wilson Boutique Hotel,Location,1,20,55,76,72.37,1.32,0.711
Wilson Boutique Hotel,Room,2,23,54,79,68.35,2.53,0.658
Wilson Boutique Hotel,Staff_Service,2,20,51,73,69.86,2.74,0.671
Wilson Boutique Hotel,Value,1,5,14,20,70.0,5.0,0.65
Wilson Boutique Hotel,Wellness,0,0,1,1,100.0,0.0,1.0
Windermere Hotel,Cleanliness,1,7,11,19,57.89,5.26,0.526
Windermere Hotel,Facilities,0,3,3,6,50.0,0.0,0.5
Windermere Hotel,Food,0,8,43,51,84.31,0.0,0.843
Windermere Hotel,Location,0,7,34,41,82.93,0.0,0.829
Windermere Hotel,Room,2,14,29,45,64.44,4.44,0.6
Windermere Hotel,Staff_Service,0,11,53,64,82.81,0.0,0.828
Windermere Hotel,Value,0,3,3,6,50.0,0.0,0.5
Windsor Hotel Milano,Cleanliness,9,27,60,96,62.5,9.38,0.531
Windsor Hotel Milano,Facilities,6,21,50,77,64.94,7.79,0.571
Windsor Hotel Milano,Food,21,59,186,266,69.92,7.89,0.62
Windsor Hotel Milano,Location,14,61,131,206,63.59,6.8,0.568
Windsor Hotel Milano,Room,31,74,141,246,57.32,12.6,0.447
Windsor Hotel Milano,Staff_Service,27,43,124,194,63.92,13.92,0.5
Windsor Hotel Milano,Value,3,13,29,45,64.44,6.67,0.578
Windsor Hotel Milano,Wellness,0,1,2,3,66.67,0.0,0.667
Windsor Opera,Cleanliness,1,2,3,6,50.0,16.67,0.333
Windsor Opera,Facilities,1,1,1,3,33.33,33.33,0.0
Windsor Opera,Food,2,1,1,4,25.0,50.0,-0.25
Windsor Opera,Location,2,2,11,15,73.33,13.33,0.6
Windsor Opera,Room,3,6,5,14,35.71,21.43,0.143
Windsor Opera,Staff_Service,1,3,16,20,80.0,5.0,0.75
Worldhotel Cristoforo Colombo,Cleanliness,3,20,54,77,70.13,3.9,0.662
Worldhotel Cristoforo Colombo,Facilities,3,16,52,71,73.24,4.23,0.69
Worldhotel Cristoforo Colombo,Food,12,39,166,217,76.5,5.53,0.71
Worldhotel Cristoforo Colombo,Location,14,68,186,268,69.4,5.22,0.642
Worldhotel Cristoforo Colombo,Room,19,71,146,236,61.86,8.05,0.538
Worldhotel Cristoforo Colombo,Staff_Service,14,43,195,252,77.38,5.56,0.718
Worldhotel Cristoforo Colombo,Value,4,13,28,45,62.22,8.89,0.533
Worldhotel Cristoforo Colombo,Wellness,2,23,66,91,72.53,2.2,0.703
XO Hotel,Cleanliness,0,3,4,7,57.14,0.0,0.571
XO Hotel,Food,0,0,2,2,100.0,0.0,1.0
XO Hotel,Location,0,1,4,5,80.0,0.0,0.8
XO Hotel,Room,0,3,4,7,57.14,0.0,0.571
XO Hotel,Staff_Service,1,1,3,5,60.0,20.0,0.4
XO Hotel,Value,0,0,1,1,100.0,0.0,1.0
Zenit Barcelona,Cleanliness,1,7,14,22,63.64,4.55,0.591
Zenit Barcelona,Facilities,0,6,10,16,62.5,0.0,0.625
Zenit Barcelona,Food,2,2,8,12,66.67,16.67,0.5
Zenit Barcelona,Location,2,16,19,37,51.35,5.41,0.459
Zenit Barcelona,Room,6,17,24,47,51.06,12.77,0.383
Zenit Barcelona,Staff_Service,2,7,22,31,70.97,6.45,0.645
Zenit Barcelona,Value,3,6,7,16,43.75,18.75,0.25
Zenit Barcelona,Wellness,0,1,2,3,66.67,0.0,0.667
Zenit Borrell,Cleanliness,3,10,17,30,56.67,10.0,0.467
Zenit Borrell,Facilities,3,4,7,14,50.0,21.43,0.286
Zenit Borrell,Food,4,5,7,16,43.75,25.0,0.188
Zenit Borrell,Location,3,12,10,25,40.0,12.0,0.28
Zenit Borrell,Room,12,18,21,51,41.18,23.53,0.176
Zenit Borrell,Staff_Service,7,12,18,37,48.65,18.92,0.297
Zenit Borrell,Value,4,3,7,14,50.0,28.57,0.214
Zenit Borrell,Wellness,2,0,1,3,33.33,66.67,-0.333
art otel Amsterdam,Cleanliness,6,9,52,67,77.61,8.96,0.687
art otel Amsterdam,Facilities,3,16,56,75,74.67,4.0,0.707
art otel Amsterdam,Food,14,61,289,364,79.4,3.85,0.755
art otel Amsterdam,Location,18,59,276,353,78.19,5.1,0.731
art otel Amsterdam,Room,26,56,225,307,73.29,8.47,0.648
art otel Amsterdam,Staff_Service,27,64,374,465,80.43,5.81,0.746
art otel Amsterdam,Value,8,15,28,51,54.9,15.69,0.392
art otel Amsterdam,Wellness,5,16,64,85,75.29,5.88,0.694
citizenM Amsterdam,Cleanliness,5,15,122,142,85.92,3.52,0.824
citizenM Amsterdam,Facilities,7,26,124,157,78.98,4.46,0.745
citizenM Amsterdam,Food,14,42,199,255,78.04,5.49,0.725
citizenM Amsterdam,Location,8,54,276,338,81.66,2.37,0.793
citizenM Amsterdam,Room,49,118,532,699,76.11,7.01,0.691
citizenM Amsterdam,Staff_Service,23,51,442,516,85.66,4.46,0.812
citizenM Amsterdam,Value,13,27,69,109,63.3,11.93,0.514
citizenM Amsterdam,Wellness,1,2,12,15,80.0,6.67,0.733
citizenM London Bankside,Cleanliness,2,32,123,157,78.34,1.27,0.771
citizenM London Bankside,Facilities,7,40,146,193,75.65,3.63,0.72
citizenM London Bankside,Food,8,30,221,259,85.33,3.09,0.822
citizenM London Bankside,Location,7,69,400,476,84.03,1.47,0.826
citizenM London Bankside,Room,38,139,677,854,79.27,4.45,0.748
citizenM London Bankside,Staff_Service,19,57,534,610,87.54,3.11,0.844
citizenM London Bankside,Value,10,22,97,129,75.19,7.75,0.674
citizenM London Bankside,Wellness,3,2,23,28,82.14,10.71,0.714
citizenM London Shoreditch,Cleanliness,1,17,61,79,77.22,1.27,0.759
citizenM London Shoreditch,Facilities,5,21,78,104,75.0,4.81,0.702
citizenM London Shoreditch,Food,9,18,126,153,82.35,5.88,0.765
citizenM London Shoreditch,Location,8,50,207,265,78.11,3.02,0.751
citizenM London Shoreditch,Room,29,74,409,512,79.88,5.66,0.742
citizenM London Shoreditch,Staff_Service,16,37,238,291,81.79,5.5,0.763
citizenM London Shoreditch,Value,6,12,56,74,75.68,8.11,0.676
citizenM London Shoreditch,Wellness,1,0,12,13,92.31,7.69,0.846
citizenM Tower of London,Cleanliness,7,29,155,191,81.15,3.66,0.775
citizenM Tower of London,Facilities,6,47,150,203,73.89,2.96,0.709
citizenM Tower of London,Food,10,50,276,336,82.14,2.98,0.792
citizenM Tower of London,Location,9,100,590,699,84.41,1.29,0.831
citizenM Tower of London,Room,40,174,795,1009,78.79,3.96,0.748
citizenM Tower of London,Staff_Service,14,79,508,601,84.53,2.33,0.822
citizenM Tower of London,Value,10,36,134,180,74.44,5.56,0.689
citizenM Tower of London,Wellness,1,1,30,32,93.75,3.12,0.906
every hotel Piccadilly,Cleanliness,4,16,75,95,78.95,4.21,0.747
every hotel Piccadilly,Facilities,2,11,47,60,78.33,3.33,0.75
every hotel Piccadilly,Food,4,19,76,99,76.77,4.04,0.727
every hotel Piccadilly,Location,14,71,295,380,77.63,3.68,0.739
every hotel Piccadilly,Room,13,59,186,258,72.09,5.04,0.671
every hotel Piccadilly,Staff_Service,8,31,218,257,84.82,3.11,0.817
every hotel Piccadilly,Value,4,19,48,71,67.61,5.63,0.62
every hotel Piccadilly,Wellness,1,2,5,8,62.5,12.5,0.5
pentahotel Vienna,Cleanliness,0,4,10,14,71.43,0.0,0.714
pentahotel Vienna,Facilities,4,19,21,44,47.73,9.09,0.386
pentahotel Vienna,Food,2,8,24,34,70.59,5.88,0.647
pentahotel Vienna,Location,3,18,22,43,51.16,6.98,0.442
pentahotel Vienna,Room,7,13,30,50,60.0,14.0,0.46
pentahotel Vienna,Staff_Service,3,13,40,56,71.43,5.36,0.661
pentahotel Vienna,Value,2,6,9,17,52.94,11.76,0.412
pentahotel Vienna,Wellness,1,2,8,11,72.73,9.09,0.636
